shop,url,image,calendar
M,https://www.cityheaven.net/gifu/A2101/A210101/en/girlid-44866959/?lo=1,https://img.cityheaven.net/img/girls/t/en/grpb0044866959_0000000000pc.jpg?cache02=1761470164,"{'11/16(日)': '9:00 - 20:30', '11/17(月)': '-', '11/18(火)': '明日出勤！ご予約受付中！', '11/19(水)': '10:00 - 20:30', '11/20(木)': '10:00 - 20:30', '11/21(金)': '明日出勤！ご予約受付中！', '11/22(土)': '10:00 - 20:30', '11/23(日)': '-', '11/24(月)': '-', '11/25(火)': '-', '11/26(水)': '-', '11/27(木)': '-', '11/28(金)': '-', '11/29(土)': '-', '11/30(日)': '-', '12/1(月)': '-', '12/2(火)': '-', '12/3(水)': '-', '12/4(木)': '-', '12/5(金)': '-', '12/6(土)': '-', '12/7(日)': '-', '12/8(月)': '-', '12/9(火)': '-', '12/10(水)': '-', '12/11(木)': '-', '12/12(金)': '-', '12/13(土)': '-', '12/14(日)': '-', '12/15(月)': '-'}"
ROYALCLUB姫,https://www.cityheaven.net/gifu/A2101/A210101/hime/girlid-50476855/?lo=1,https://img.cityheaven.net/img/girls/t/hime/grpb0050476855_0000000000pc.jpg?cache02=1740655921,"{'11/16(日)': '12:00 - 14:00', '11/17(月)': '-', '11/18(火)': '-', '11/19(水)': '-', '11/20(木)': '-', '11/21(金)': '-', '11/22(土)': '-', '11/23(日)': '-', '11/24(月)': '-', '11/25(火)': '-', '11/26(水)': '-', '11/27(木)': '-', '11/28(金)': '-', '11/29(土)': '-', '11/30(日)': '-', '12/1(月)': '-', '12/2(火)': '-', '12/3(水)': '-', '12/4(木)': '-', '12/5(金)': '-', '12/6(土)': '-', '12/7(日)': '-', '12/8(月)': '-', '12/9(火)': '-', '12/10(水)': '-', '12/11(木)': '-', '12/12(金)': '-', '12/13(土)': '-', '12/14(日)': '-', '12/15(月)': '-'}"
ロマネ,https://www.cityheaven.net/gifu/A2101/A210101/romane/girlid-62738481/?lo=1,https://img.cityheaven.net/img/girls/t/romane/grpb0062738481_0000000000pc.jpg?cache02=1762411225,"{'11/16(日)': '-', '11/17(月)': '-', '11/18(火)': '-', '11/19(水)': '-', '11/20(木)': '-', '11/21(金)': '-', '11/22(土)': '-', '11/23(日)': '-', '11/24(月)': '-', '11/25(火)': '-', '11/26(水)': '-', '11/27(木)': '-', '11/28(金)': '-', '11/29(土)': '-', '11/30(日)': '-', '12/1(月)': '-', '12/2(火)': '-', '12/3(水)': '-', '12/4(木)': '-', '12/5(金)': '14:00 - 23:30', '12/6(土)': '10:00 - 23:30', '12/7(日)': '10:00 - 20:00', '12/8(月)': '-', '12/9(火)': '-', '12/10(水)': '-', '12/11(木)': '-', '12/12(金)': '-', '12/13(土)': '-', '12/14(日)': '-', '12/15(月)': '-'}"
愛特急２００６　Ｖｅｎｕｓ,https://www.cityheaven.net/aichi/A2301/A230104/ai-angel/girlid-47642864/?lo=1,https://img.cityheaven.net/img/girls/t/ai-angel/grpb0047642864_0000000000pc.jpg?cache02=1763235944,"{'11/16(日)': '⭐ご新規様割引＋Fポイント会員登録で更にお得⭐', '11/17(月)': '⭐ご新規様割引＋Fポイント会員登録で更にお得⭐', '11/18(火)': '⭐ご新規様割引＋Fポイント会員登録で更にお得⭐', '11/19(水)': '⭐ご新規様割引＋Fポイント会員登録で更にお得⭐', '11/20(木)': '⭐ご新規様割引＋Fポイント会員登録で更にお得⭐', '11/21(金)': '⭐ご新規様割引＋Fポイント会員登録で更にお得⭐', '11/22(土)': '⭐ご新規様割引＋Fポイント会員登録で更にお得⭐', '11/23(日)': '-', '11/24(月)': '-', '11/25(火)': '-', '11/26(水)': '-', '11/27(木)': '-', '11/28(金)': '-', '11/29(土)': '-', '11/30(日)': '-', '12/1(月)': '-', '12/2(火)': '-', '12/3(水)': '-', '12/4(木)': '-', '12/5(金)': '-', '12/6(土)': '-', '12/7(日)': '-', '12/8(月)': '-', '12/9(火)': '-', '12/10(水)': '-', '12/11(木)': '-', '12/12(金)': '-', '12/13(土)': '-', '12/14(日)': '-', '12/15(月)': '-'}"
愛ＡＮＧＥＬ,https://www.cityheaven.net/aichi/A2301/A230103/ai-angel-s/girlid-31185227/?lo=1,https://img.cityheaven.net/img/girls/t/ai-angel-s/grpb0031185227_0000000000pc.jpg?cache02=1763134510,"{'11/16(日)': '🎅ご新規様割引✚🎁Fポイント会員登録で更にお得', '11/17(月)': '20:00 - 4:00', '11/18(火)': '20:00 - 4:00', '11/19(水)': '🎅ご新規様割引✚🎁Fポイント会員登録で更にお得', '11/20(木)': '20:00 - 4:00', '11/21(金)': '20:00 - 4:00', '11/22(土)': '20:00 - 4:00', '11/23(日)': '-', '11/24(月)': '20:00 - 4:00', '11/25(火)': '20:00 - 4:00', '11/26(水)': '20:00 - 4:00', '11/27(木)': '20:00 - 2:00', '11/28(金)': '-', '11/29(土)': '-', '11/30(日)': '-', '12/1(月)': '20:00 - 4:00', '12/2(火)': '20:00 - 4:00', '12/3(水)': '-', '12/4(木)': '-', '12/5(金)': '20:00 - 4:00', '12/6(土)': '20:00 - 4:00', '12/7(日)': '-', '12/8(月)': '20:00 - 4:00', '12/9(火)': '20:00 - 4:00', '12/10(水)': '-', '12/11(木)': '-', '12/12(金)': '-', '12/13(土)': '20:00 - 4:00', '12/14(日)': '-', '12/15(月)': '-'}"
奥鉄オクテツ東海店（デリヘル市場グループ）,https://www.cityheaven.net/aichi/A2301/A230101/ot69/girlid-55993045/?lo=1,https://img.cityheaven.net/img/girls/t/ot69/grpb0055993045_0000000000pc.jpg?cache02=1756699556,"{'11/16(日)': '休み', '11/17(月)': '休み', '11/18(火)': '休み', '11/19(水)': '休み', '11/20(木)': '休み', '11/21(金)': '休み', '11/22(土)': '休み', '11/23(日)': '休み', '11/24(月)': '休み', '11/25(火)': '休み', '11/26(水)': '休み', '11/27(木)': '休み', '11/28(金)': '休み', '11/29(土)': '休み', '11/30(日)': '休み', '12/1(月)': '休み', '12/2(火)': '休み', '12/3(水)': '休み', '12/4(木)': '休み', '12/5(金)': '休み', '12/6(土)': '休み', '12/7(日)': '休み', '12/8(月)': '休み', '12/9(火)': '休み', '12/10(水)': '休み', '12/11(木)': '休み', '12/12(金)': '休み', '12/13(土)': '休み', '12/14(日)': '休み', '12/15(月)': '休み'}"
奥鉄オクテツ東海店（デリヘル市場グループ）,https://www.cityheaven.net/aichi/A2301/A230101/ot69/girlid-51861344/?lo=1,https://img.cityheaven.net/img/girls/t/ot69/grpb0051861344_0000000000pc.jpg?cache02=1749194029,"{'11/16(日)': '休み', '11/17(月)': '16:00 - 20:00', '11/18(火)': '16:00 - 20:00', '11/19(水)': '16:00 - 20:00', '11/20(木)': '16:00 - 20:00', '11/21(金)': '休み', '11/22(土)': '休み', '11/23(日)': '休み', '11/24(月)': '16:00 - 20:00', '11/25(火)': '16:00 - 20:00', '11/26(水)': '16:00 - 22:00', '11/27(木)': '16:00 - 22:00', '11/28(金)': '休み', '11/29(土)': '休み', '11/30(日)': '休み', '12/1(月)': '16:00 - 22:00', '12/2(火)': '16:00 - 22:00', '12/3(水)': '16:00 - 22:00', '12/4(木)': '16:00 - 22:00', '12/5(金)': '休み', '12/6(土)': '休み', '12/7(日)': '休み', '12/8(月)': '16:00 - 22:00', '12/9(火)': '16:00 - 22:00', '12/10(水)': '16:00 - 22:00', '12/11(木)': '16:00 - 22:00', '12/12(金)': '休み', '12/13(土)': '休み', '12/14(日)': '休み', '12/15(月)': '16:00 - 22:00'}"
人妻セレブ宮殿 名古屋,https://www.cityheaven.net/aichi/A2301/A230101/celb_palace/girlid-39299676/?lo=1,https://img.cityheaven.net/img/girls/t/celb_palace/grpb0039299676_0000000000pc.jpg?cache02=1762953795,"{'11/16(日)': '12:00 - 20:00', '11/17(月)': '-', '11/18(火)': '-', '11/19(水)': '-', '11/20(木)': '-', '11/21(金)': '-', '11/22(土)': '12:00 - 20:00', '11/23(日)': '14:00 - 16:00', '11/24(月)': '-', '11/25(火)': '12:00 - 17:00', '11/26(水)': '-', '11/27(木)': '-', '11/28(金)': '12:00 - 20:00', '11/29(土)': '13:00 - 20:00', '11/30(日)': '-', '12/1(月)': '-', '12/2(火)': '-', '12/3(水)': '-', '12/4(木)': '-', '12/5(金)': '-', '12/6(土)': '-', '12/7(日)': '-', '12/8(月)': '-', '12/9(火)': '-', '12/10(水)': '-', '12/11(木)': '-', '12/12(金)': '-', '12/13(土)': '-', '12/14(日)': '-', '12/15(月)': '-'}"
ラブココ名古屋本店,https://www.cityheaven.net/aichi/A2301/A230105/love_coco/girlid-33401214/?lo=1,https://img.cityheaven.net/img/girls/t/love_coco/grpb0033401214_0000000000pc.jpg?cache02=1739106103,"{'11/16(日)': '-', '11/17(月)': '-', '11/18(火)': '-', '11/19(水)': '-', '11/20(木)': '-', '11/21(金)': '-', '11/22(土)': '-', '11/23(日)': '-', '11/24(月)': '-', '11/25(火)': '-', '11/26(水)': '-', '11/27(木)': '-', '11/28(金)': '-', '11/29(土)': '-', '11/30(日)': '-', '12/1(月)': '-', '12/2(火)': '-', '12/3(水)': '-', '12/4(木)': '-', '12/5(金)': '-', '12/6(土)': '-', '12/7(日)': '-', '12/8(月)': '-', '12/9(火)': '-', '12/10(水)': '-', '12/11(木)': '-', '12/12(金)': '-', '12/13(土)': '-', '12/14(日)': '-', '12/15(月)': '-'}"
ラブココ名古屋本店,https://www.cityheaven.net/aichi/A2301/A230105/love_coco/girlid-36052280/?lo=1,https://img.cityheaven.net/img/girls/t/love_coco/grpb0036052280_0000000000pc.jpg?cache02=1748018436,"{'11/16(日)': '-', '11/17(月)': '-', '11/18(火)': '-', '11/19(水)': '-', '11/20(木)': '-', '11/21(金)': '-', '11/22(土)': '-', '11/23(日)': '-', '11/24(月)': '-', '11/25(火)': '-', '11/26(水)': '-', '11/27(木)': '-', '11/28(金)': '-', '11/29(土)': '-', '11/30(日)': '-', '12/1(月)': '-', '12/2(火)': '-', '12/3(水)': '-', '12/4(木)': '-', '12/5(金)': '-', '12/6(土)': '-', '12/7(日)': '-', '12/8(月)': '-', '12/9(火)': '-', '12/10(水)': '-', '12/11(木)': '-', '12/12(金)': '-', '12/13(土)': '-', '12/14(日)': '-', '12/15(月)': '-'}"
激安！巨乳＆ぽちゃカワ専門マーメイドin一宮,https://www.cityheaven.net/aichi/A2302/A230201/pocha_mermaid/girlid-19497229/?lo=1,https://img.cityheaven.net/img/girls/t/pocha_mermaid/grpb0019497229_0000000000pc.jpg?cache02=1760758793,"{'11/16(日)': '19:00 - 0:00', '11/17(月)': '次回21日(金)19時から！', '11/18(火)': '次回21日(金)19時から！', '11/19(水)': '次回21日(金)19時から！', '11/20(木)': '明日21日(金)19時から！', '11/21(金)': '19:00 - 0:00', '11/22(土)': '明日23日(日)19時から！', '11/23(日)': '19:00 - 0:00', '11/24(月)': '-', '11/25(火)': '-', '11/26(水)': '-', '11/27(木)': '-', '11/28(金)': '-', '11/29(土)': '-', '11/30(日)': '-', '12/1(月)': '-', '12/2(火)': '-', '12/3(水)': '-', '12/4(木)': '-', '12/5(金)': '-', '12/6(土)': '-', '12/7(日)': '-', '12/8(月)': '-', '12/9(火)': '-', '12/10(水)': '-', '12/11(木)': '-', '12/12(金)': '-', '12/13(土)': '-', '12/14(日)': '-', '12/15(月)': '-'}"
〜ソフトSM専門店〜ドM女マーケット,https://www.cityheaven.net/gifu/A2101/A210102/sm_mmarket/girlid-40589239/?lo=1,https://img.cityheaven.net/img/girls/t/sm_mmarket/grpb0040589239_0000000000pc.jpeg?cache02=1761122123,"{'11/16(日)': '14:00 - 0:00', '11/17(月)': '14:00 - 0:00', '11/18(火)': '-', '11/19(水)': '-', '11/20(木)': '-', '11/21(金)': '-', '11/22(土)': '-', '11/23(日)': '-', '11/24(月)': '-', '11/25(火)': '-', '11/26(水)': '-', '11/27(木)': '-', '11/28(金)': '-', '11/29(土)': '-', '11/30(日)': '-', '12/1(月)': '-', '12/2(火)': '-', '12/3(水)': '-', '12/4(木)': '-', '12/5(金)': '-', '12/6(土)': '-', '12/7(日)': '-', '12/8(月)': '-', '12/9(火)': '-', '12/10(水)': '-', '12/11(木)': '-', '12/12(金)': '-', '12/13(土)': '-', '12/14(日)': '-', '12/15(月)': '-'}"
シャブール　名古屋店,https://www.cityheaven.net/aichi/A2301/A230104/shaboole/girlid-22383335/?lo=1,https://img.cityheaven.net/img/girls/t/shaboole/grpb0022383335_0000000000pc.jpg?cache02=1762491913,"{'11/16(日)': '-', '11/17(月)': '20:00 - 3:00', '11/18(火)': '-', '11/19(水)': '-', '11/20(木)': '-', '11/21(金)': '-', '11/22(土)': '-', '11/23(日)': '-', '11/24(月)': '-', '11/25(火)': '-', '11/26(水)': '-', '11/27(木)': '-', '11/28(金)': '-', '11/29(土)': '-', '11/30(日)': '-', '12/1(月)': '-', '12/2(火)': '-', '12/3(水)': '-', '12/4(木)': '-', '12/5(金)': '-', '12/6(土)': '-', '12/7(日)': '-', '12/8(月)': '-', '12/9(火)': '-', '12/10(水)': '-', '12/11(木)': '-', '12/12(金)': '-', '12/13(土)': '-', '12/14(日)': '-', '12/15(月)': '-'}"
シャブール　名古屋店,https://www.cityheaven.net/aichi/A2301/A230104/shaboole/girlid-41098449/?lo=1,https://img.cityheaven.net/img/girls/t/shaboole/grpb0041098449_0000000000pc.jpg?cache02=1761926122,"{'11/16(日)': '-', '11/17(月)': '-', '11/18(火)': '-', '11/19(水)': '-', '11/20(木)': '-', '11/21(金)': '-', '11/22(土)': '-', '11/23(日)': '-', '11/24(月)': '-', '11/25(火)': '-', '11/26(水)': '-', '11/27(木)': '-', '11/28(金)': '-', '11/29(土)': '-', '11/30(日)': '-', '12/1(月)': '-', '12/2(火)': '-', '12/3(水)': '-', '12/4(木)': '-', '12/5(金)': '-', '12/6(土)': '-', '12/7(日)': '-', '12/8(月)': '-', '12/9(火)': '-', '12/10(水)': '-', '12/11(木)': '-', '12/12(金)': '-', '12/13(土)': '-', '12/14(日)': '-', '12/15(月)': '-'}"
GRAND STAGE 本店,https://www.cityheaven.net/aichi/A2301/A230101/grandstage/girlid-60232530/?lo=1,https://img.cityheaven.net/img/girls/t/grandstage/grpb0060232530_0000000000pc.jpg?cache02=1760206689,"{'11/16(日)': '12:00 - 5:00', '11/17(月)': '休み', '11/18(火)': '休み', '11/19(水)': '休み', '11/20(木)': '休み', '11/21(金)': '休み', '11/22(土)': '休み', '11/23(日)': '休み', '11/24(月)': '休み', '11/25(火)': '休み', '11/26(水)': '休み', '11/27(木)': '休み', '11/28(金)': '休み', '11/29(土)': '休み', '11/30(日)': '休み', '12/1(月)': '-', '12/2(火)': '-', '12/3(水)': '-', '12/4(木)': '-', '12/5(金)': '-', '12/6(土)': '-', '12/7(日)': '-', '12/8(月)': '-', '12/9(火)': '-', '12/10(水)': '-', '12/11(木)': '-', '12/12(金)': '-', '12/13(土)': '-', '12/14(日)': '-', '12/15(月)': '-'}"
OPERA(オペラ),https://www.cityheaven.net/aichi/A2301/A230103/opera/girlid-42736346/?lo=1,https://img.cityheaven.net/img/girls/t/opera/grpb0042736346_0000000000pc.jpg?cache02=1756003692,"{'11/16(日)': '休み', '11/17(月)': '休み', '11/18(火)': '休み', '11/19(水)': '休み', '11/20(木)': '休み', '11/21(金)': '休み', '11/22(土)': '休み', '11/23(日)': '-', '11/24(月)': '-', '11/25(火)': '-', '11/26(水)': '-', '11/27(木)': '-', '11/28(金)': '-', '11/29(土)': '-', '11/30(日)': '-', '12/1(月)': '-', '12/2(火)': '-', '12/3(水)': '-', '12/4(木)': '-', '12/5(金)': '-', '12/6(土)': '-', '12/7(日)': '-', '12/8(月)': '-', '12/9(火)': '-', '12/10(水)': '-', '12/11(木)': '-', '12/12(金)': '-', '12/13(土)': '-', '12/14(日)': '-', '12/15(月)': '-'}"
AVANCE,https://www.cityheaven.net/aichi/A2301/A230103/avance/girlid-48193857/?lo=1,https://img.cityheaven.net/img/girls/t/avance/grpb0048193857_0000000000pc.jpg?cache02=1762764127,"{'11/16(日)': '15:00 - 0:00', '11/17(月)': '15:00 - 0:00', '11/18(火)': '15:00 - 0:00', '11/19(水)': '10:00 - 17:00', '11/20(木)': '-', '11/21(金)': '15:00 - 0:00', '11/22(土)': '-', '11/23(日)': '-', '11/24(月)': '15:00 - 0:00', '11/25(火)': '-', '11/26(水)': '-', '11/27(木)': '-', '11/28(金)': '-', '11/29(土)': '-', '11/30(日)': '-', '12/1(月)': '-', '12/2(火)': '-', '12/3(水)': '-', '12/4(木)': '-', '12/5(金)': '-', '12/6(土)': '-', '12/7(日)': '-', '12/8(月)': '-', '12/9(火)': '-', '12/10(水)': '-', '12/11(木)': '-', '12/12(金)': '-', '12/13(土)': '-', '12/14(日)': '-', '12/15(月)': '-'}"
IRIS,https://www.cityheaven.net/gifu/A2101/A210102/iris_g/girlid-13672853/?lo=1,https://img.cityheaven.net/img/girls/t/iris_g/grpb0013672853_0000000000pc.jpg?cache02=1759321080,"{'11/16(日)': '-', '11/17(月)': '-', '11/18(火)': '-', '11/19(水)': '-', '11/20(木)': '-', '11/21(金)': '-', '11/22(土)': '-', '11/23(日)': '-', '11/24(月)': '-', '11/25(火)': '-', '11/26(水)': '-', '11/27(木)': '-', '11/28(金)': '-', '11/29(土)': '-', '11/30(日)': '-', '12/1(月)': '-', '12/2(火)': '-', '12/3(水)': '-', '12/4(木)': '-', '12/5(金)': '-', '12/6(土)': '-', '12/7(日)': '-', '12/8(月)': '-', '12/9(火)': '-', '12/10(水)': '-', '12/11(木)': '-', '12/12(金)': '-', '12/13(土)': '-', '12/14(日)': '-', '12/15(月)': '-'}"
VIP DOLL,https://www.cityheaven.net/gifu/A2101/A210102/fetidoll/girlid-53733537/?lo=1,https://img.cityheaven.net/img/girls/t/fetidoll/grpb0053733537_0000000000pc.jpeg?cache02=1726319798,"{'11/16(日)': '💓💓エロギャル好き見逃し厳禁‼️次回出勤情報更新中💓', '11/17(月)': '💓💓エロギャル好き見逃し厳禁‼️次回出勤情報更新中💓', '11/18(火)': '💓💓エロギャル好き見逃し厳禁‼️次回出勤情報更新中💓', '11/19(水)': '💓💓エロギャル好き見逃し厳禁‼️次回出勤情報更新中💓', '11/20(木)': '💓💓エロギャル好き見逃し厳禁‼️次回出勤情報更新中💓', '11/21(金)': '💓💓エロギャル好き見逃し厳禁‼️次回出勤情報更新中💓', '11/22(土)': '💓💓エロギャル好き見逃し厳禁‼️次回出勤情報更新中💓', '11/23(日)': '-', '11/24(月)': '-', '11/25(火)': '-', '11/26(水)': '-', '11/27(木)': '-', '11/28(金)': '-', '11/29(土)': '-', '11/30(日)': '-', '12/1(月)': '-', '12/2(火)': '-', '12/3(水)': '-', '12/4(木)': '-', '12/5(金)': '-', '12/6(土)': '-', '12/7(日)': '-', '12/8(月)': '-', '12/9(火)': '-', '12/10(水)': '-', '12/11(木)': '-', '12/12(金)': '-', '12/13(土)': '-', '12/14(日)': '-', '12/15(月)': '-'}"
名古屋しろうと革命～愛らぶgroup～,https://www.cityheaven.net/aichi/A2301/A230103/n_shirouto_dx/girlid-48477036/?lo=1,https://img.cityheaven.net/img/girls/t/n_shirouto_dx/grpb0048477036_0000000000pc.jpg?cache02=1763041102,"{'11/16(日)': '-', '11/17(月)': '-', '11/18(火)': '-', '11/19(水)': '-', '11/20(木)': '-', '11/21(金)': '-', '11/22(土)': '-', '11/23(日)': '-', '11/24(月)': '-', '11/25(火)': '-', '11/26(水)': '-', '11/27(木)': '-', '11/28(金)': '-', '11/29(土)': '-', '11/30(日)': '-', '12/1(月)': '-', '12/2(火)': '-', '12/3(水)': '-', '12/4(木)': '-', '12/5(金)': '-', '12/6(土)': '-', '12/7(日)': '-', '12/8(月)': '-', '12/9(火)': '-', '12/10(水)': '-', '12/11(木)': '-', '12/12(金)': '-', '12/13(土)': '-', '12/14(日)': '-', '12/15(月)': '-'}"
VIP DOLL,https://www.cityheaven.net/gifu/A2101/A210102/fetidoll/girlid-51804079/?lo=1,https://img.cityheaven.net/img/girls/t/fetidoll/grpb0051804079_0000000000pc.jpeg?cache02=1708962818,"{'11/16(日)': '🍀🍀完全予約の岐阜超人気嬢‼️次回出勤情報更新中🍀🍀', '11/17(月)': '🍀🍀完全予約の岐阜超人気嬢‼️次回出勤情報更新中🍀🍀', '11/18(火)': '🍀🍀完全予約の岐阜超人気嬢‼️次回出勤情報更新中🍀🍀', '11/19(水)': '🍀🍀完全予約の岐阜超人気嬢‼️次回出勤情報更新中🍀🍀', '11/20(木)': '🍀🍀完全予約の岐阜超人気嬢‼️次回出勤情報更新中🍀🍀', '11/21(金)': '🍀🍀完全予約の岐阜超人気嬢‼️次回出勤情報更新中🍀🍀', '11/22(土)': '🍀🍀完全予約の岐阜超人気嬢‼️次回出勤情報更新中🍀🍀', '11/23(日)': '-', '11/24(月)': '-', '11/25(火)': '-', '11/26(水)': '-', '11/27(木)': '-', '11/28(金)': '-', '11/29(土)': '-', '11/30(日)': '-', '12/1(月)': '-', '12/2(火)': '-', '12/3(水)': '-', '12/4(木)': '-', '12/5(金)': '-', '12/6(土)': '-', '12/7(日)': '-', '12/8(月)': '-', '12/9(火)': '-', '12/10(水)': '-', '12/11(木)': '-', '12/12(金)': '-', '12/13(土)': '-', '12/14(日)': '-', '12/15(月)': '-'}"
VIP DOLL,https://www.cityheaven.net/gifu/A2101/A210102/fetidoll/girlid-14422236/?lo=1,https://img.cityheaven.net/img/girls/t/fetidoll/grpb0014422236_0000000000pc.jpeg?cache02=1698312907,"{'11/16(日)': '🌈🌈本指名炸裂中の濃厚人気美女‼️次回出勤情報更新中🌈', '11/17(月)': '🌈🌈本指名炸裂中の濃厚人気美女‼️次回出勤情報更新中🌈', '11/18(火)': '🌈🌈本指名炸裂中の濃厚人気美女‼️次回出勤情報更新中🌈', '11/19(水)': '🌈🌈本指名炸裂中の濃厚人気美女‼️次回出勤情報更新中🌈', '11/20(木)': '🌈🌈本指名炸裂中の濃厚人気美女‼️次回出勤情報更新中🌈', '11/21(金)': '🌈🌈本指名炸裂中の濃厚人気美女‼️次回出勤情報更新中🌈', '11/22(土)': '🌈🌈本指名炸裂中の濃厚人気美女‼️次回出勤情報更新中🌈', '11/23(日)': '-', '11/24(月)': '-', '11/25(火)': '-', '11/26(水)': '-', '11/27(木)': '-', '11/28(金)': '-', '11/29(土)': '-', '11/30(日)': '-', '12/1(月)': '-', '12/2(火)': '-', '12/3(水)': '-', '12/4(木)': '-', '12/5(金)': '-', '12/6(土)': '-', '12/7(日)': '-', '12/8(月)': '-', '12/9(火)': '-', '12/10(水)': '-', '12/11(木)': '-', '12/12(金)': '-', '12/13(土)': '-', '12/14(日)': '-', '12/15(月)': '-'}"
男の楽園　eden.,https://www.cityheaven.net/aichi/A2301/A230103/eden-n/girlid-54725915/?lo=1,https://img.cityheaven.net/img/girls/t/eden-n/grpb0054725915_0000000000pc.jpg?cache02=1761166861,"{'11/16(日)': '-', '11/17(月)': '-', '11/18(火)': '-', '11/19(水)': '-', '11/20(木)': '-', '11/21(金)': '-', '11/22(土)': '-', '11/23(日)': '-', '11/24(月)': '-', '11/25(火)': '-', '11/26(水)': '-', '11/27(木)': '-', '11/28(金)': '-', '11/29(土)': '-', '11/30(日)': '-', '12/1(月)': '-', '12/2(火)': '-', '12/3(水)': '-', '12/4(木)': '-', '12/5(金)': '-', '12/6(土)': '-', '12/7(日)': '-', '12/8(月)': '-', '12/9(火)': '-', '12/10(水)': '-', '12/11(木)': '-', '12/12(金)': '-', '12/13(土)': '-', '12/14(日)': '-', '12/15(月)': '-'}"
男の楽園　eden.,https://www.cityheaven.net/aichi/A2301/A230103/eden-n/girlid-60472467/?lo=1,https://img.cityheaven.net/img/girls/t/eden-n/grpb0060472467_0000000000pc.jpg?cache02=1762171657,"{'11/16(日)': '-', '11/17(月)': '-', '11/18(火)': '-', '11/19(水)': '-', '11/20(木)': '-', '11/21(金)': '-', '11/22(土)': '-', '11/23(日)': '-', '11/24(月)': '-', '11/25(火)': '-', '11/26(水)': '-', '11/27(木)': '-', '11/28(金)': '-', '11/29(土)': '-', '11/30(日)': '-', '12/1(月)': '-', '12/2(火)': '-', '12/3(水)': '-', '12/4(木)': '-', '12/5(金)': '-', '12/6(土)': '-', '12/7(日)': '-', '12/8(月)': '-', '12/9(火)': '-', '12/10(水)': '-', '12/11(木)': '-', '12/12(金)': '-', '12/13(土)': '-', '12/14(日)': '-', '12/15(月)': '-'}"
英國屋,https://www.cityheaven.net/gifu/A2101/A210101/eikokuya/girlid-39234659/?lo=1,https://img.cityheaven.net/img/girls/t/eikokuya/grpb0039234659_0000000000pc.jpg?cache02=1760320043,"{'11/16(日)': '-', '11/17(月)': '10:00 - 20:00', '11/18(火)': 'ご予約完売', '11/19(水)': '10:00 - 20:00', '11/20(木)': '-', '11/21(金)': '-', '11/22(土)': '-', '11/23(日)': '-', '11/24(月)': '-', '11/25(火)': '-', '11/26(水)': '-', '11/27(木)': '-', '11/28(金)': '-', '11/29(土)': '-', '11/30(日)': '-', '12/1(月)': '-', '12/2(火)': '-', '12/3(水)': '-', '12/4(木)': '-', '12/5(金)': '-', '12/6(土)': '-', '12/7(日)': '-', '12/8(月)': '-', '12/9(火)': '-', '12/10(水)': '-', '12/11(木)': '-', '12/12(金)': '-', '12/13(土)': '-', '12/14(日)': '-', '12/15(月)': '-'}"
英國屋,https://www.cityheaven.net/gifu/A2101/A210101/eikokuya/girlid-41820359/?lo=1,https://img.cityheaven.net/img/girls/t/eikokuya/grpb0041820359_0000000000pc.jpg?cache02=1744691531,"{'11/16(日)': '-', '11/17(月)': '-', '11/18(火)': '-', '11/19(水)': '10:00 - 20:00', '11/20(木)': '-', '11/21(金)': '-', '11/22(土)': '-', '11/23(日)': '-', '11/24(月)': '-', '11/25(火)': '-', '11/26(水)': '-', '11/27(木)': '-', '11/28(金)': '-', '11/29(土)': '-', '11/30(日)': '-', '12/1(月)': '-', '12/2(火)': '-', '12/3(水)': '-', '12/4(木)': '-', '12/5(金)': '-', '12/6(土)': '-', '12/7(日)': '-', '12/8(月)': '-', '12/9(火)': '-', '12/10(水)': '-', '12/11(木)': '-', '12/12(金)': '-', '12/13(土)': '-', '12/14(日)': '-', '12/15(月)': '-'}"
英國屋,https://www.cityheaven.net/gifu/A2101/A210101/eikokuya/girlid-40530997/?lo=1,https://img.cityheaven.net/img/girls/t/eikokuya/grpb0040530997_0000000000pc.jpg?cache02=1749120616,"{'11/16(日)': 'ご予約完売', '11/17(月)': '-', '11/18(火)': '-', '11/19(水)': 'ご予約完売', '11/20(木)': '-', '11/21(金)': '-', '11/22(土)': '-', '11/23(日)': '-', '11/24(月)': '-', '11/25(火)': '-', '11/26(水)': '-', '11/27(木)': '-', '11/28(金)': '-', '11/29(土)': '-', '11/30(日)': '-', '12/1(月)': '-', '12/2(火)': '-', '12/3(水)': '-', '12/4(木)': '-', '12/5(金)': '-', '12/6(土)': '-', '12/7(日)': '-', '12/8(月)': '-', '12/9(火)': '-', '12/10(水)': '-', '12/11(木)': '-', '12/12(金)': '-', '12/13(土)': '-', '12/14(日)': '-', '12/15(月)': '-'}"
時計台,https://www.cityheaven.net/gifu/A2101/A210101/tokeidai/girlid-32125094/?lo=1,https://img.cityheaven.net/img/girls/t/tokeidai/grpb0032125094_0000000000pc.jpg?cache02=1751535186,"{'11/16(日)': '次回11/25出勤', '11/17(月)': '次回11/25出勤', '11/18(火)': '次回11/25出勤', '11/19(水)': '次回11/25出勤', '11/20(木)': '次回11/25出勤', '11/21(金)': '次回11/25出勤', '11/22(土)': '次回11/25出勤', '11/23(日)': '次回11/25出勤', '11/24(月)': '明日出勤！', '11/25(火)': '10:00 - 21:30', '11/26(水)': '明日出勤！', '11/27(木)': '10:00 - 21:30', '11/28(金)': '明日出勤！', '11/29(土)': '10:00 - 21:30', '11/30(日)': '-', '12/1(月)': '-', '12/2(火)': '-', '12/3(水)': '-', '12/4(木)': '-', '12/5(金)': '-', '12/6(土)': '-', '12/7(日)': '-', '12/8(月)': '-', '12/9(火)': '-', '12/10(水)': '-', '12/11(木)': '-', '12/12(金)': '-', '12/13(土)': '-', '12/14(日)': '-', '12/15(月)': '-'}"
八星,https://www.cityheaven.net/gifu/A2101/A210101/yatubosi/girlid-50772353/?lo=1,https://img.cityheaven.net/img/girls/t/yatubosi/grpb0050772353_0000000000pc.jpg?cache02=1761652547,"{'11/16(日)': '9:00 - 20:30', '11/17(月)': '9:00 - 20:30', '11/18(火)': '-', '11/19(水)': '-', '11/20(木)': '-', '11/21(金)': '明日出勤！ご予約受付中！', '11/22(土)': '10:00 - 20:30', '11/23(日)': '10:00 - 20:30', '11/24(月)': '-', '11/25(火)': '10:00 - 20:30', '11/26(水)': '-', '11/27(木)': '-', '11/28(金)': '10:00 - 20:30', '11/29(土)': '-', '11/30(日)': '10:00 - 20:30', '12/1(月)': '-', '12/2(火)': '-', '12/3(水)': '-', '12/4(木)': '-', '12/5(金)': '-', '12/6(土)': '-', '12/7(日)': '-', '12/8(月)': '-', '12/9(火)': '-', '12/10(水)': '-', '12/11(木)': '-', '12/12(金)': '-', '12/13(土)': '-', '12/14(日)': '-', '12/15(月)': '-'}"
ロマネ,https://www.cityheaven.net/gifu/A2101/A210101/romane/girlid-60485369/?lo=1,https://img.cityheaven.net/img/girls/t/romane/grpb0060485369_0000000000pc.jpg?cache02=1760513271,"{'11/16(日)': '-', '11/17(月)': '-', '11/18(火)': '-', '11/19(水)': '-', '11/20(木)': '-', '11/21(金)': '-', '11/22(土)': '-', '11/23(日)': '-', '11/24(月)': '12:00 - 22:00', '11/25(火)': '-', '11/26(水)': '-', '11/27(木)': '-', '11/28(金)': '-', '11/29(土)': '12:00 - 22:00', '11/30(日)': '12:00 - 22:00', '12/1(月)': '-', '12/2(火)': '-', '12/3(水)': '-', '12/4(木)': '-', '12/5(金)': '-', '12/6(土)': '-', '12/7(日)': '-', '12/8(月)': '-', '12/9(火)': '-', '12/10(水)': '-', '12/11(木)': '-', '12/12(金)': '-', '12/13(土)': '-', '12/14(日)': '-', '12/15(月)': '-'}"
ROYALCLUB姫,https://www.cityheaven.net/gifu/A2101/A210101/hime/girlid-25858126/?lo=1,https://img.cityheaven.net/img/girls/t/hime/grpb0025858126_0000000000pc.jpg?cache02=1753936424,"{'11/16(日)': '12:00 - 17:00', '11/17(月)': '-', '11/18(火)': '-', '11/19(水)': '-', '11/20(木)': '-', '11/21(金)': '-', '11/22(土)': '12:00 - 19:00', '11/23(日)': '12:00 - 17:00', '11/24(月)': '-', '11/25(火)': '-', '11/26(水)': '-', '11/27(木)': '-', '11/28(金)': '-', '11/29(土)': '-', '11/30(日)': '-', '12/1(月)': '-', '12/2(火)': '-', '12/3(水)': '-', '12/4(木)': '-', '12/5(金)': '-', '12/6(土)': '-', '12/7(日)': '-', '12/8(月)': '-', '12/9(火)': '-', '12/10(水)': '-', '12/11(木)': '-', '12/12(金)': '-', '12/13(土)': '-', '12/14(日)': '-', '12/15(月)': '-'}"
リージェントクラブ貴公子,https://www.cityheaven.net/gifu/A2101/A210101/kikoushi/girlid-8132035/?lo=1,https://img.cityheaven.net/img/girls/t/kikoushi/grpb0008132035_0000000000pc.jpg?cache02=1763117573,"{'11/16(日)': '10:00 - 23:59', '11/17(月)': '-', '11/18(火)': '-', '11/19(水)': '-', '11/20(木)': '-', '11/21(金)': '10:00 - 23:59', '11/22(土)': '10:00 - 23:59', '11/23(日)': '10:00 - 23:59', '11/24(月)': '-', '11/25(火)': '-', '11/26(水)': '-', '11/27(木)': '-', '11/28(金)': '10:00 - 23:59', '11/29(土)': '10:00 - 23:59', '11/30(日)': '10:00 - 23:59', '12/1(月)': '-', '12/2(火)': '-', '12/3(水)': '-', '12/4(木)': '-', '12/5(金)': '-', '12/6(土)': '-', '12/7(日)': '-', '12/8(月)': '-', '12/9(火)': '-', '12/10(水)': '-', '12/11(木)': '-', '12/12(金)': '-', '12/13(土)': '-', '12/14(日)': '-', '12/15(月)': '-'}"
リージェントクラブ貴公子,https://www.cityheaven.net/gifu/A2101/A210101/kikoushi/girlid-25374159/?lo=1,https://img.cityheaven.net/img/girls/t/kikoushi/grpb0025374159_0000000000pc.jpg?cache02=1763117480,"{'11/16(日)': '10:00 - 23:59', '11/17(月)': '10:00 - 23:59', '11/18(火)': '-', '11/19(水)': '-', '11/20(木)': '10:00 - 23:59', '11/21(金)': '10:00 - 23:59', '11/22(土)': '10:00 - 23:59', '11/23(日)': '10:00 - 23:59', '11/24(月)': '10:00 - 23:59', '11/25(火)': '10:00 - 23:59', '11/26(水)': '-', '11/27(木)': '-', '11/28(金)': '10:00 - 23:59', '11/29(土)': '10:00 - 23:59', '11/30(日)': '-', '12/1(月)': '10:00 - 23:59', '12/2(火)': '10:00 - 23:59', '12/3(水)': '10:00 - 23:59', '12/4(木)': '10:00 - 23:59', '12/5(金)': '-', '12/6(土)': '10:00 - 23:59', '12/7(日)': '10:00 - 23:59', '12/8(月)': '10:00 - 23:59', '12/9(火)': '-', '12/10(水)': '-', '12/11(木)': '-', '12/12(金)': '10:00 - 23:59', '12/13(土)': '10:00 - 23:59', '12/14(日)': '10:00 - 23:59', '12/15(月)': '10:00 - 23:59'}"
リージェントクラブ貴公子,https://www.cityheaven.net/gifu/A2101/A210101/kikoushi/girlid-56487977/?lo=1,https://img.cityheaven.net/img/girls/t/kikoushi/grpb0056487977_0000000000pc.jpg?cache02=1758717533,"{'11/16(日)': '10:00 - 23:59', '11/17(月)': '-', '11/18(火)': '10:00 - 23:59', '11/19(水)': '10:00 - 23:59', '11/20(木)': '-', '11/21(金)': '-', '11/22(土)': '-', '11/23(日)': '10:00 - 23:59', '11/24(月)': '-', '11/25(火)': '-', '11/26(水)': '10:00 - 23:59', '11/27(木)': '10:00 - 23:59', '11/28(金)': '-', '11/29(土)': '10:00 - 23:59', '11/30(日)': '10:00 - 23:59', '12/1(月)': '-', '12/2(火)': '-', '12/3(水)': '10:00 - 23:59', '12/4(木)': '-', '12/5(金)': '-', '12/6(土)': '10:00 - 23:59', '12/7(日)': '10:00 - 23:59', '12/8(月)': '-', '12/9(火)': '10:00 - 23:59', '12/10(水)': '10:00 - 23:59', '12/11(木)': '-', '12/12(金)': '-', '12/13(土)': '10:00 - 23:59', '12/14(日)': '10:00 - 23:59', '12/15(月)': '-'}"
リージェントクラブ貴公子,https://www.cityheaven.net/gifu/A2101/A210101/kikoushi/girlid-37028915/?lo=1,https://img.cityheaven.net/img/girls/t/kikoushi/grpb0037028915_0000000000pc.jpg?cache02=1763117316,"{'11/16(日)': '-', '11/17(月)': '10:00 - 23:59', '11/18(火)': '10:00 - 23:59', '11/19(水)': '10:00 - 23:59', '11/20(木)': '10:00 - 23:59', '11/21(金)': '10:00 - 23:59', '11/22(土)': '-', '11/23(日)': '-', '11/24(月)': '10:00 - 23:59', '11/25(火)': '-', '11/26(水)': '10:00 - 23:59', '11/27(木)': '10:00 - 23:59', '11/28(金)': '10:00 - 23:59', '11/29(土)': '-', '11/30(日)': '-', '12/1(月)': '10:00 - 23:59', '12/2(火)': '10:00 - 23:59', '12/3(水)': '10:00 - 23:59', '12/4(木)': '-', '12/5(金)': '10:00 - 23:59', '12/6(土)': '10:00 - 23:59', '12/7(日)': '-', '12/8(月)': '10:00 - 23:59', '12/9(火)': '10:00 - 23:59', '12/10(水)': '10:00 - 23:59', '12/11(木)': '10:00 - 23:59', '12/12(金)': '10:00 - 23:59', '12/13(土)': '-', '12/14(日)': '-', '12/15(月)': '-'}"
リージェントクラブ貴公子,https://www.cityheaven.net/gifu/A2101/A210101/kikoushi/girlid-50270337/?lo=1,https://img.cityheaven.net/img/girls/t/kikoushi/grpb0050270337_0000000000pc.jpg?cache02=1757204745,"{'11/16(日)': '10:00 - 23:59', '11/17(月)': '-', '11/18(火)': '-', '11/19(水)': '-', '11/20(木)': '10:00 - 23:59', '11/21(金)': '10:00 - 23:59', '11/22(土)': '-', '11/23(日)': '10:00 - 23:59', '11/24(月)': '10:00 - 23:59', '11/25(火)': '-', '11/26(水)': '10:00 - 23:59', '11/27(木)': '10:00 - 23:59', '11/28(金)': '10:00 - 23:59', '11/29(土)': '10:00 - 23:59', '11/30(日)': '-', '12/1(月)': '10:00 - 23:59', '12/2(火)': '10:00 - 23:59', '12/3(水)': '-', '12/4(木)': '10:00 - 23:59', '12/5(金)': '10:00 - 23:59', '12/6(土)': '-', '12/7(日)': '-', '12/8(月)': '-', '12/9(火)': '-', '12/10(水)': '10:00 - 23:59', '12/11(木)': '-', '12/12(金)': '10:00 - 23:59', '12/13(土)': '10:00 - 23:59', '12/14(日)': '10:00 - 23:59', '12/15(月)': '10:00 - 23:59'}"
リージェントクラブ貴公子,https://www.cityheaven.net/gifu/A2101/A210101/kikoushi/girlid-35197090/?lo=1,https://img.cityheaven.net/img/girls/t/kikoushi/grpb0035197090_0000000000pc.jpg?cache02=1763117394,"{'11/16(日)': '10:00 - 23:59', '11/17(月)': '10:00 - 23:59', '11/18(火)': '10:00 - 23:59', '11/19(水)': '-', '11/20(木)': '10:00 - 23:59', '11/21(金)': '10:00 - 23:59', '11/22(土)': '10:00 - 23:59', '11/23(日)': '10:00 - 23:59', '11/24(月)': '-', '11/25(火)': '-', '11/26(水)': '-', '11/27(木)': '-', '11/28(金)': '10:00 - 23:59', '11/29(土)': '10:00 - 23:59', '11/30(日)': '10:00 - 23:59', '12/1(月)': '-', '12/2(火)': '-', '12/3(水)': '-', '12/4(木)': '-', '12/5(金)': '-', '12/6(土)': '10:00 - 23:59', '12/7(日)': '10:00 - 23:59', '12/8(月)': '-', '12/9(火)': '-', '12/10(水)': '-', '12/11(木)': '-', '12/12(金)': '-', '12/13(土)': '10:00 - 23:59', '12/14(日)': '10:00 - 23:59', '12/15(月)': '-'}"
ムーンライト,https://www.cityheaven.net/gifu/A2101/A210101/moonlight/girlid-27126701/?lo=1,https://img.cityheaven.net/img/girls/t/moonlight/grpb0027126701_0000000000pc.jpg?cache02=1763097443,"{'11/16(日)': '完売御礼', '11/17(月)': '-', '11/18(火)': '完売御礼', '11/19(水)': '-', '11/20(木)': '-', '11/21(金)': '11:00 - 19:00', '11/22(土)': '11:00 - 19:00', '11/23(日)': '11:00 - 19:00', '11/24(月)': '11:00 - 19:00', '11/25(火)': '-', '11/26(水)': '11:00 - 19:00', '11/27(木)': '11:00 - 19:00', '11/28(金)': '-', '11/29(土)': '11:00 - 19:00', '11/30(日)': '11:00 - 19:00', '12/1(月)': '11:00 - 19:00', '12/2(火)': '11:00 - 19:00', '12/3(水)': '-', '12/4(木)': '-', '12/5(金)': '-', '12/6(土)': '-', '12/7(日)': '-', '12/8(月)': '-', '12/9(火)': '11:00 - 19:00', '12/10(水)': '11:00 - 19:00', '12/11(木)': '11:00 - 19:00', '12/12(金)': '-', '12/13(土)': '11:00 - 19:00', '12/14(日)': '11:00 - 19:00', '12/15(月)': '11:00 - 19:00'}"
ムーンライト,https://www.cityheaven.net/gifu/A2101/A210101/moonlight/girlid-2722567/?lo=1,https://img.cityheaven.net/img/girls/t/moonlight/grpb0002722567_0000000000pc.jpg?cache02=1761103732,"{'11/16(日)': '12:00 - 20:00', '11/17(月)': '12:00 - 19:00', '11/18(火)': '12:00 - 19:00', '11/19(水)': '-', '11/20(木)': '12:00 - 19:00', '11/21(金)': '-', '11/22(土)': '12:00 - 20:00', '11/23(日)': '12:00 - 20:00', '11/24(月)': '12:00 - 20:00', '11/25(火)': '12:00 - 16:00', '11/26(水)': '-', '11/27(木)': '12:00 - 19:00', '11/28(金)': '12:00 - 17:00', '11/29(土)': '-', '11/30(日)': '-', '12/1(月)': '-', '12/2(火)': '-', '12/3(水)': '-', '12/4(木)': '-', '12/5(金)': '-', '12/6(土)': '-', '12/7(日)': '-', '12/8(月)': '-', '12/9(火)': '-', '12/10(水)': '-', '12/11(木)': '-', '12/12(金)': '-', '12/13(土)': '-', '12/14(日)': '-', '12/15(月)': '-'}"
M,https://www.cityheaven.net/gifu/A2101/A210101/en/girlid-24050685/?lo=1,https://img.cityheaven.net/img/girls/t/en/grpb0024050685_0000000000pc.jpg?cache02=1761436266,"{'11/16(日)': '9:00 - 20:30', '11/17(月)': '明日出勤！ご予約受付中！', '11/18(火)': '10:00 - 20:30', '11/19(水)': '-', '11/20(木)': '-', '11/21(金)': '明日出勤！ご予約受付中！', '11/22(土)': '10:00 - 20:30', '11/23(日)': '-', '11/24(月)': '-', '11/25(火)': '-', '11/26(水)': '-', '11/27(木)': '-', '11/28(金)': '-', '11/29(土)': '-', '11/30(日)': '-', '12/1(月)': '-', '12/2(火)': '-', '12/3(水)': '-', '12/4(木)': '-', '12/5(金)': '-', '12/6(土)': '-', '12/7(日)': '-', '12/8(月)': '-', '12/9(火)': '-', '12/10(水)': '-', '12/11(木)': '-', '12/12(金)': '-', '12/13(土)': '-', '12/14(日)': '-', '12/15(月)': '-'}"
M,https://www.cityheaven.net/gifu/A2101/A210101/en/girlid-44867133/?lo=1,https://img.cityheaven.net/img/girls/t/en/grpb0044867133_0000000000pc.jpg?cache02=1741482718,"{'11/16(日)': '-', '11/17(月)': '9:30 - 14:00', '11/18(火)': '9:30 - 16:00', '11/19(水)': '9:30 - 16:00', '11/20(木)': '9:30 - 16:00', '11/21(金)': '9:30 - 14:00', '11/22(土)': '-', '11/23(日)': '-', '11/24(月)': '-', '11/25(火)': '-', '11/26(水)': '-', '11/27(木)': '-', '11/28(金)': '-', '11/29(土)': '-', '11/30(日)': '-', '12/1(月)': '-', '12/2(火)': '-', '12/3(水)': '-', '12/4(木)': '-', '12/5(金)': '-', '12/6(土)': '-', '12/7(日)': '-', '12/8(月)': '-', '12/9(火)': '-', '12/10(水)': '-', '12/11(木)': '-', '12/12(金)': '-', '12/13(土)': '-', '12/14(日)': '-', '12/15(月)': '-'}"
ドルチェビィタ恵里亜,https://www.cityheaven.net/gifu/A2101/A210101/area/girlid-38262520/?lo=1,https://img.cityheaven.net/img/girls/t/area/grpb0038262520_0000000000pc.jpg?cache02=1763033823,"{'11/16(日)': '10:00 - 23:59', '11/17(月)': '10:00 - 23:30', '11/18(火)': '次回11/22出勤', '11/19(水)': '次回11/22出勤', '11/20(木)': '次回11/22出勤', '11/21(金)': '明日出勤', '11/22(土)': '10:00 - 23:30', '11/23(日)': '10:00 - 23:30', '11/24(月)': '10:00 - 23:30', '11/25(火)': '明日出勤', '11/26(水)': '10:00 - 23:30', '11/27(木)': '10:00 - 23:30', '11/28(金)': '明日出勤', '11/29(土)': '10:00 - 23:30', '11/30(日)': '10:00 - 23:30', '12/1(月)': '-', '12/2(火)': '-', '12/3(水)': '-', '12/4(木)': '-', '12/5(金)': '-', '12/6(土)': '-', '12/7(日)': '-', '12/8(月)': '-', '12/9(火)': '-', '12/10(水)': '-', '12/11(木)': '-', '12/12(金)': '-', '12/13(土)': '-', '12/14(日)': '-', '12/15(月)': '-'}"
スチュアーデス,https://www.cityheaven.net/gifu/A2101/A210101/stewardess/girlid-36754755/?lo=1,https://img.cityheaven.net/img/girls/t/stewardess/grpb0036754755_0000000000pc.jpg?cache02=1761882649,"{'11/16(日)': 'あす出勤', '11/17(月)': '10:30 - 19:00', '11/18(火)': '-', '11/19(水)': '-', '11/20(木)': '10:30 - 16:30', '11/21(金)': '-', '11/22(土)': '-', '11/23(日)': '-', '11/24(月)': '-', '11/25(火)': '-', '11/26(水)': '10:30 - 19:00', '11/27(木)': '-', '11/28(金)': '-', '11/29(土)': '11:30 - 19:30', '11/30(日)': '-', '12/1(月)': '-', '12/2(火)': '-', '12/3(水)': '-', '12/4(木)': '-', '12/5(金)': '-', '12/6(土)': '-', '12/7(日)': '-', '12/8(月)': '-', '12/9(火)': '-', '12/10(水)': '-', '12/11(木)': '-', '12/12(金)': '-', '12/13(土)': '-', '12/14(日)': '-', '12/15(月)': '-'}"
スチュアーデス,https://www.cityheaven.net/gifu/A2101/A210101/stewardess/girlid-30609884/?lo=1,https://img.cityheaven.net/img/girls/t/stewardess/grpb0030609884_0000000000pc.jpg?cache02=1761089958,"{'11/16(日)': '-', '11/17(月)': '-', '11/18(火)': '-', '11/19(水)': '-', '11/20(木)': '-', '11/21(金)': '-', '11/22(土)': '-', '11/23(日)': '-', '11/24(月)': '-', '11/25(火)': '-', '11/26(水)': '-', '11/27(木)': '-', '11/28(金)': '-', '11/29(土)': '-', '11/30(日)': '-', '12/1(月)': '-', '12/2(火)': '-', '12/3(水)': '-', '12/4(木)': '-', '12/5(金)': '-', '12/6(土)': '-', '12/7(日)': '-', '12/8(月)': '-', '12/9(火)': '-', '12/10(水)': '-', '12/11(木)': '-', '12/12(金)': '-', '12/13(土)': '-', '12/14(日)': '-', '12/15(月)': '-'}"
スチュアーデス,https://www.cityheaven.net/gifu/A2101/A210101/stewardess/girlid-40953772/?lo=1,https://img.cityheaven.net/img/girls/t/stewardess/grpb0040953772_0000000000pc.jpg?cache02=1763238309,"{'11/16(日)': 'あす出勤', '11/17(月)': '10:00 - 20:00', '11/18(火)': '-', '11/19(水)': '-', '11/20(木)': '-', '11/21(金)': '-', '11/22(土)': '10:00 - 20:00', '11/23(日)': '-', '11/24(月)': '10:00 - 20:00', '11/25(火)': '10:00 - 20:00', '11/26(水)': '10:00 - 20:00', '11/27(木)': '-', '11/28(金)': '10:00 - 20:00', '11/29(土)': '10:00 - 20:00', '11/30(日)': '-', '12/1(月)': '-', '12/2(火)': '-', '12/3(水)': '-', '12/4(木)': '-', '12/5(金)': '-', '12/6(土)': '-', '12/7(日)': '-', '12/8(月)': '-', '12/9(火)': '-', '12/10(水)': '-', '12/11(木)': '-', '12/12(金)': '-', '12/13(土)': '-', '12/14(日)': '-', '12/15(月)': '-'}"
スチュアーデス,https://www.cityheaven.net/gifu/A2101/A210101/stewardess/girlid-50696333/?lo=1,https://img.cityheaven.net/img/girls/t/stewardess/grpb0050696333_0000000000pc.jpg?cache02=1761089521,"{'11/16(日)': '9:00 - 21:00', '11/17(月)': '-', '11/18(火)': '-', '11/19(水)': '-', '11/20(木)': '-', '11/21(金)': '9:00 - 19:00', '11/22(土)': '9:00 - 21:00', '11/23(日)': '9:00 - 21:00', '11/24(月)': '-', '11/25(火)': '-', '11/26(水)': '-', '11/27(木)': '-', '11/28(金)': '9:00 - 19:00', '11/29(土)': '9:00 - 21:00', '11/30(日)': '9:00 - 21:00', '12/1(月)': '-', '12/2(火)': '-', '12/3(水)': '-', '12/4(木)': '-', '12/5(金)': '-', '12/6(土)': '-', '12/7(日)': '-', '12/8(月)': '-', '12/9(火)': '-', '12/10(水)': '-', '12/11(木)': '-', '12/12(金)': '-', '12/13(土)': '-', '12/14(日)': '-', '12/15(月)': '-'}"
ジュリエット,https://www.cityheaven.net/gifu/A2101/A210101/juliet/girlid-51980333/?lo=1,https://img.cityheaven.net/img/girls/t/juliet/grpb0051980333_0000000000pc.jpg?cache02=1755937579,"{'11/16(日)': '-', '11/17(月)': '-', '11/18(火)': '-', '11/19(水)': '-', '11/20(木)': '-', '11/21(金)': '-', '11/22(土)': '-', '11/23(日)': '-', '11/24(月)': '-', '11/25(火)': '-', '11/26(水)': '-', '11/27(木)': '-', '11/28(金)': '-', '11/29(土)': '-', '11/30(日)': '-', '12/1(月)': '-', '12/2(火)': '-', '12/3(水)': '-', '12/4(木)': '-', '12/5(金)': '-', '12/6(土)': '-', '12/7(日)': '-', '12/8(月)': '-', '12/9(火)': '-', '12/10(水)': '-', '12/11(木)': '-', '12/12(金)': '-', '12/13(土)': '-', '12/14(日)': '-', '12/15(月)': '-'}"
ジュリエット,https://www.cityheaven.net/gifu/A2101/A210101/juliet/girlid-51097662/?lo=1,https://img.cityheaven.net/img/girls/t/juliet/grpb0051097662_0000000000pc.jpg?cache02=1763215124,"{'11/16(日)': '-', '11/17(月)': '-', '11/18(火)': '-', '11/19(水)': '-', '11/20(木)': '-', '11/21(金)': '10:00 - 14:30', '11/22(土)': '10:00 - 21:30', '11/23(日)': '-', '11/24(月)': '-', '11/25(火)': '-', '11/26(水)': '10:00 - 19:00', '11/27(木)': '10:00 - 19:00', '11/28(金)': '10:00 - 19:00', '11/29(土)': '10:00 - 21:30', '11/30(日)': '-', '12/1(月)': '-', '12/2(火)': '-', '12/3(水)': '-', '12/4(木)': '-', '12/5(金)': '-', '12/6(土)': '-', '12/7(日)': '-', '12/8(月)': '-', '12/9(火)': '-', '12/10(水)': '-', '12/11(木)': '-', '12/12(金)': '-', '12/13(土)': '-', '12/14(日)': '-', '12/15(月)': '-'}"
シルクロード,https://www.cityheaven.net/gifu/A2101/A210101/silkroad/girlid-35780066/?lo=1,https://img.cityheaven.net/img/girls/t/silkroad/grpb0035780066_0000000000pc.jpg?cache02=1763260529,"{'11/16(日)': '10:00 - 23:59', '11/17(月)': '10:00 - 23:30', '11/18(火)': '次回11/22出勤！', '11/19(水)': '次回11/22出勤！', '11/20(木)': '次回11/22出勤！', '11/21(金)': '明日出勤！', '11/22(土)': '10:00 - 23:30', '11/23(日)': '10:00 - 23:30', '11/24(月)': '10:00 - 23:30', '11/25(火)': '10:00 - 23:30', '11/26(水)': '次回11/29出勤！', '11/27(木)': '次回11/29出勤！', '11/28(金)': '明日出勤！', '11/29(土)': '10:00 - 23:30', '11/30(日)': '10:00 - 23:30', '12/1(月)': '-', '12/2(火)': '-', '12/3(水)': '-', '12/4(木)': '-', '12/5(金)': '-', '12/6(土)': '-', '12/7(日)': '-', '12/8(月)': '-', '12/9(火)': '-', '12/10(水)': '-', '12/11(木)': '-', '12/12(金)': '-', '12/13(土)': '-', '12/14(日)': '-', '12/15(月)': '-'}"
シャトールーブル,https://www.cityheaven.net/gifu/A2101/A210101/rubul/girlid-41706468/?lo=1,https://img.cityheaven.net/img/girls/t/rubul/grpb0041706468_0000000000pc.jpg?cache02=1762903367,"{'11/16(日)': '-', '11/17(月)': '-', '11/18(火)': '9:00 - 18:00', '11/19(水)': '-', '11/20(木)': '-', '11/21(金)': '-', '11/22(土)': '9:00 - 18:00', '11/23(日)': '9:00 - 18:00', '11/24(月)': '-', '11/25(火)': '-', '11/26(水)': '-', '11/27(木)': '-', '11/28(金)': '-', '11/29(土)': '-', '11/30(日)': '-', '12/1(月)': '-', '12/2(火)': '-', '12/3(水)': '-', '12/4(木)': '-', '12/5(金)': '-', '12/6(土)': '-', '12/7(日)': '-', '12/8(月)': '-', '12/9(火)': '-', '12/10(水)': '-', '12/11(木)': '-', '12/12(金)': '-', '12/13(土)': '-', '12/14(日)': '-', '12/15(月)': '-'}"
シャトールーブル,https://www.cityheaven.net/gifu/A2101/A210101/rubul/girlid-54451741/?lo=1,https://img.cityheaven.net/img/girls/t/rubul/grpb0054451741_0000000000pc.jpg?cache02=1746008440,"{'11/16(日)': '-', '11/17(月)': '-', '11/18(火)': '-', '11/19(水)': '9:00 - 18:00', '11/20(木)': '9:00 - 18:00', '11/21(金)': '-', '11/22(土)': '9:00 - 16:00', '11/23(日)': '-', '11/24(月)': '9:00 - 16:00', '11/25(火)': '-', '11/26(水)': '-', '11/27(木)': '-', '11/28(金)': '-', '11/29(土)': '-', '11/30(日)': '-', '12/1(月)': '-', '12/2(火)': '-', '12/3(水)': '-', '12/4(木)': '-', '12/5(金)': '-', '12/6(土)': '-', '12/7(日)': '-', '12/8(月)': '-', '12/9(火)': '-', '12/10(水)': '-', '12/11(木)': '-', '12/12(金)': '-', '12/13(土)': '-', '12/14(日)': '-', '12/15(月)': '-'}"
シャトールーブル,https://www.cityheaven.net/gifu/A2101/A210101/rubul/girlid-39989987/?lo=1,https://img.cityheaven.net/img/girls/t/rubul/grpb0039989987_0000000000pc.jpg?cache02=1746008282,"{'11/16(日)': '9:00 - 21:00', '11/17(月)': '-', '11/18(火)': '-', '11/19(水)': '9:00 - 21:00', '11/20(木)': '9:00 - 21:00', '11/21(金)': '9:00 - 21:00', '11/22(土)': '9:00 - 21:00', '11/23(日)': '9:00 - 21:00', '11/24(月)': '9:00 - 21:00', '11/25(火)': '-', '11/26(水)': '-', '11/27(木)': '-', '11/28(金)': '-', '11/29(土)': '-', '11/30(日)': '-', '12/1(月)': '-', '12/2(火)': '-', '12/3(水)': '-', '12/4(木)': '-', '12/5(金)': '-', '12/6(土)': '-', '12/7(日)': '-', '12/8(月)': '-', '12/9(火)': '-', '12/10(水)': '-', '12/11(木)': '-', '12/12(金)': '-', '12/13(土)': '-', '12/14(日)': '-', '12/15(月)': '-'}"
シャトールーブル,https://www.cityheaven.net/gifu/A2101/A210101/rubul/girlid-59189602/?lo=1,https://img.cityheaven.net/img/girls/t/rubul/grpb0059189602_0000000000pc.jpg?cache02=1750204302,"{'11/16(日)': '9:00 - 18:00', '11/17(月)': '-', '11/18(火)': '9:00 - 19:00', '11/19(水)': '9:00 - 19:00', '11/20(木)': '-', '11/21(金)': '9:00 - 21:00', '11/22(土)': '9:00 - 21:00', '11/23(日)': '-', '11/24(月)': '-', '11/25(火)': '-', '11/26(水)': '-', '11/27(木)': '-', '11/28(金)': '-', '11/29(土)': '-', '11/30(日)': '-', '12/1(月)': '-', '12/2(火)': '-', '12/3(水)': '-', '12/4(木)': '-', '12/5(金)': '-', '12/6(土)': '-', '12/7(日)': '-', '12/8(月)': '-', '12/9(火)': '-', '12/10(水)': '-', '12/11(木)': '-', '12/12(金)': '-', '12/13(土)': '-', '12/14(日)': '-', '12/15(月)': '-'}"
CANDY,https://www.cityheaven.net/gifu/A2101/A210101/candy/girlid-41423458/?lo=1,https://img.cityheaven.net/img/girls/t/candy/grpb0041423458_0000000000pc.jpg?cache02=1762592584,"{'11/16(日)': '-', '11/17(月)': '-', '11/18(火)': '-', '11/19(水)': '-', '11/20(木)': '-', '11/21(金)': '-', '11/22(土)': '-', '11/23(日)': '-', '11/24(月)': '-', '11/25(火)': '-', '11/26(水)': '-', '11/27(木)': '-', '11/28(金)': '-', '11/29(土)': '-', '11/30(日)': '-', '12/1(月)': '-', '12/2(火)': '-', '12/3(水)': '-', '12/4(木)': '-', '12/5(金)': '-', '12/6(土)': '-', '12/7(日)': '-', '12/8(月)': '12:00 - 23:59', '12/9(火)': '9:00 - 23:59', '12/10(水)': '9:00 - 23:59', '12/11(木)': '9:00 - 23:59', '12/12(金)': '9:00 - 23:59', '12/13(土)': '9:00 - 23:59', '12/14(日)': '9:00 - 23:59', '12/15(月)': '9:00 - 23:59'}"
コスプレアカデミー,https://www.cityheaven.net/gifu/A2101/A210101/cosplayacademy/girlid-50833887/?lo=1,https://img.cityheaven.net/img/girls/t/cosplayacademy/grpb0050833887_0000000000pc.jpg?cache02=1759357638,"{'11/16(日)': '-', '11/17(月)': '-', '11/18(火)': '-', '11/19(水)': '-', '11/20(木)': '-', '11/21(金)': '-', '11/22(土)': '-', '11/23(日)': '-', '11/24(月)': '-', '11/25(火)': '-', '11/26(水)': '-', '11/27(木)': '-', '11/28(金)': '-', '11/29(土)': '-', '11/30(日)': '-', '12/1(月)': '-', '12/2(火)': '-', '12/3(水)': '-', '12/4(木)': '-', '12/5(金)': '-', '12/6(土)': '-', '12/7(日)': '-', '12/8(月)': '-', '12/9(火)': '-', '12/10(水)': '-', '12/11(木)': '-', '12/12(金)': '-', '12/13(土)': '-', '12/14(日)': '-', '12/15(月)': '-'}"
KA-NAAAZ 岐阜本店,https://www.cityheaven.net/gifu/A2101/A210101/yakata/girlid-48942563/?lo=1,https://img.cityheaven.net/img/girls/t/yakata/grpb0048942563_0000000000pc.jpg?cache02=1759369325,"{'11/16(日)': '10:30 - 23:00', '11/17(月)': '-', '11/18(火)': '-', '11/19(水)': '10:30 - 23:00', '11/20(木)': '10:30 - 23:00', '11/21(金)': '10:30 - 23:00', '11/22(土)': '10:30 - 23:00', '11/23(日)': '10:30 - 23:00', '11/24(月)': '10:30 - 23:00', '11/25(火)': '-', '11/26(水)': '10:30 - 23:00', '11/27(木)': '10:30 - 23:00', '11/28(金)': '10:30 - 23:00', '11/29(土)': '10:30 - 23:00', '11/30(日)': '10:30 - 22:00', '12/1(月)': '-', '12/2(火)': '-', '12/3(水)': '-', '12/4(木)': '-', '12/5(金)': '-', '12/6(土)': '-', '12/7(日)': '-', '12/8(月)': '-', '12/9(火)': '-', '12/10(水)': '-', '12/11(木)': '-', '12/12(金)': '-', '12/13(土)': '-', '12/14(日)': '-', '12/15(月)': '-'}"
KA-NAAAZ 岐阜本店,https://www.cityheaven.net/gifu/A2101/A210101/yakata/girlid-47401818/?lo=1,https://img.cityheaven.net/img/girls/t/yakata/grpb0047401818_0000000000pc.jpg?cache02=1762082429,"{'11/16(日)': '10:30 - 21:00', '11/17(月)': '-', '11/18(火)': '10:30 - 19:00', '11/19(水)': '-', '11/20(木)': '10:30 - 19:00', '11/21(金)': '-', '11/22(土)': '10:30 - 21:00', '11/23(日)': '10:30 - 21:00', '11/24(月)': '10:30 - 21:00', '11/25(火)': '-', '11/26(水)': '-', '11/27(木)': '10:30 - 19:00', '11/28(金)': '-', '11/29(土)': '-', '11/30(日)': '10:30 - 21:00', '12/1(月)': '-', '12/2(火)': '-', '12/3(水)': '-', '12/4(木)': '-', '12/5(金)': '-', '12/6(土)': '-', '12/7(日)': '-', '12/8(月)': '-', '12/9(火)': '-', '12/10(水)': '-', '12/11(木)': '-', '12/12(金)': '-', '12/13(土)': '-', '12/14(日)': '-', '12/15(月)': '-'}"
イビサ&パートナー,https://www.cityheaven.net/gifu/A2101/A210101/n-partner/girlid-41805133/?lo=1,https://img.cityheaven.net/img/girls/t/n-partner/grpb0041805133_0000000000pc.jpg?cache02=1741512668,"{'11/16(日)': '-', '11/17(月)': '-', '11/18(火)': '-', '11/19(水)': '-', '11/20(木)': '-', '11/21(金)': '-', '11/22(土)': '-', '11/23(日)': '-', '11/24(月)': '-', '11/25(火)': '-', '11/26(水)': '-', '11/27(木)': '-', '11/28(金)': '-', '11/29(土)': '-', '11/30(日)': '-', '12/1(月)': '-', '12/2(火)': '-', '12/3(水)': '-', '12/4(木)': '-', '12/5(金)': '-', '12/6(土)': '-', '12/7(日)': '-', '12/8(月)': '-', '12/9(火)': '-', '12/10(水)': '-', '12/11(木)': '-', '12/12(金)': '-', '12/13(土)': '-', '12/14(日)': '-', '12/15(月)': '-'}"
aQua,https://www.cityheaven.net/gifu/A2101/A210101/aqua/girlid-55800634/?lo=1,https://img.cityheaven.net/img/girls/t/aqua/grpb0055800634_0000000000pc.jpeg?cache02=1760007856,"{'11/16(日)': '-', '11/17(月)': '-', '11/18(火)': '-', '11/19(水)': '-', '11/20(木)': '-', '11/21(金)': '-', '11/22(土)': '-', '11/23(日)': '-', '11/24(月)': '-', '11/25(火)': '-', '11/26(水)': '-', '11/27(木)': '-', '11/28(金)': '-', '11/29(土)': '-', '11/30(日)': '-', '12/1(月)': '-', '12/2(火)': '-', '12/3(水)': '-', '12/4(木)': '-', '12/5(金)': '-', '12/6(土)': '-', '12/7(日)': '-', '12/8(月)': '-', '12/9(火)': '-', '12/10(水)': '-', '12/11(木)': '-', '12/12(金)': '-', '12/13(土)': '-', '12/14(日)': '-', '12/15(月)': '-'}"
aQua,https://www.cityheaven.net/gifu/A2101/A210101/aqua/girlid-59023491/?lo=1,https://img.cityheaven.net/img/girls/t/aqua/grpb0059023491_0000000000pc.jpeg?cache02=1762130836,"{'11/16(日)': '9:00 - 23:59', '11/17(月)': '9:00 - 18:00', '11/18(火)': '-', '11/19(水)': '-', '11/20(木)': '-', '11/21(金)': '-', '11/22(土)': '-', '11/23(日)': '14:00 - 23:59', '11/24(月)': '9:00 - 23:59', '11/25(火)': '9:00 - 23:59', '11/26(水)': '9:00 - 23:59', '11/27(木)': '9:00 - 23:59', '11/28(金)': '9:00 - 23:59', '11/29(土)': '9:00 - 23:59', '11/30(日)': '9:00 - 17:00', '12/1(月)': '-', '12/2(火)': '-', '12/3(水)': '-', '12/4(木)': '-', '12/5(金)': '-', '12/6(土)': '12:00 - 23:59', '12/7(日)': '9:00 - 23:59', '12/8(月)': '9:00 - 23:59', '12/9(火)': '9:00 - 23:59', '12/10(水)': '9:00 - 23:59', '12/11(木)': '9:00 - 23:59', '12/12(金)': '9:00 - 23:59', '12/13(土)': '9:00 - 23:59', '12/14(日)': '9:00 - 20:00', '12/15(月)': '-'}"
MGM COLLECTION,https://www.cityheaven.net/gifu/A2101/A210101/mgm_collection/girlid-46530956/?lo=1,https://img.cityheaven.net/img/girls/t/mgm_collection/grpb0046530956_0000000000pc.jpg?cache02=1763238322,"{'11/16(日)': '11:00 - 20:00', '11/17(月)': '休み', '11/18(火)': '11:00 - 20:00', '11/19(水)': '11:00 - 20:00', '11/20(木)': '店休日', '11/21(金)': '休み', '11/22(土)': '11:00 - 20:00', '11/23(日)': '11:00 - 20:00', '11/24(月)': '11:00 - 20:00', '11/25(火)': '休み', '11/26(水)': '11:00 - 20:00', '11/27(木)': '店休日', '11/28(金)': '11:00 - 20:00', '11/29(土)': '11:00 - 20:00', '11/30(日)': '休み', '12/1(月)': '-', '12/2(火)': '-', '12/3(水)': '-', '12/4(木)': '-', '12/5(金)': '-', '12/6(土)': '-', '12/7(日)': '-', '12/8(月)': '-', '12/9(火)': '-', '12/10(水)': '-', '12/11(木)': '-', '12/12(金)': '-', '12/13(土)': '-', '12/14(日)': '-', '12/15(月)': '-'}"
GG,https://www.cityheaven.net/gifu/A2101/A210101/gold_garden/girlid-39351432/?lo=1,https://img.cityheaven.net/img/girls/t/gold_garden/grpb0039351432_0000000000pc.jpg?cache02=1763247661,"{'11/16(日)': '10:00 - 22:00', '11/17(月)': '-', '11/18(火)': '-', '11/19(水)': '-', '11/20(木)': '-', '11/21(金)': '10:00 - 22:00', '11/22(土)': '10:00 - 22:00', '11/23(日)': '10:00 - 22:00', '11/24(月)': '10:00 - 22:00', '11/25(火)': '10:00 - 22:00', '11/26(水)': '-', '11/27(木)': '-', '11/28(金)': '10:00 - 22:00', '11/29(土)': '10:00 - 22:00', '11/30(日)': '-', '12/1(月)': '-', '12/2(火)': '-', '12/3(水)': '-', '12/4(木)': '-', '12/5(金)': '-', '12/6(土)': '-', '12/7(日)': '-', '12/8(月)': '-', '12/9(火)': '-', '12/10(水)': '-', '12/11(木)': '-', '12/12(金)': '-', '12/13(土)': '-', '12/14(日)': '-', '12/15(月)': '-'}"
CANDY,https://www.cityheaven.net/gifu/A2101/A210101/candy/girlid-42166606/?lo=1,https://img.cityheaven.net/img/girls/t/candy/grpb0042166606_0000000000pc.jpg?cache02=1758548160,"{'11/16(日)': '-', '11/17(月)': '-', '11/18(火)': '-', '11/19(水)': '-', '11/20(木)': '-', '11/21(金)': '-', '11/22(土)': '-', '11/23(日)': '-', '11/24(月)': '-', '11/25(火)': '-', '11/26(水)': '-', '11/27(木)': '-', '11/28(金)': '-', '11/29(土)': '-', '11/30(日)': '-', '12/1(月)': '-', '12/2(火)': '-', '12/3(水)': '-', '12/4(木)': '-', '12/5(金)': '-', '12/6(土)': '-', '12/7(日)': '-', '12/8(月)': '-', '12/9(火)': '-', '12/10(水)': '-', '12/11(木)': '-', '12/12(金)': '-', '12/13(土)': '-', '12/14(日)': '-', '12/15(月)': '-'}"
C´est裸美,https://www.cityheaven.net/gifu/A2101/A210101/selavi/girlid-40362133/?lo=1,https://img.cityheaven.net/img/girls/t/selavi/grpb0040362133_0000000000pc.jpeg?cache02=1760099937,"{'11/16(日)': '9:00 - 22:00', '11/17(月)': '10:30 - 22:00', '11/18(火)': '明日出勤です♪', '11/19(水)': '10:30 - 22:00', '11/20(木)': '10:30 - 22:00', '11/21(金)': '10:30 - 22:00', '11/22(土)': '10:30 - 22:00', '11/23(日)': '10:30 - 22:00', '11/24(月)': '10:30 - 22:00', '11/25(火)': '明後日出勤です♪', '11/26(水)': '明日出勤です♪', '11/27(木)': '10:30 - 22:00', '11/28(金)': '10:30 - 22:00', '11/29(土)': '10:30 - 22:00', '11/30(日)': '10:30 - 22:00', '12/1(月)': '10:30 - 22:00', '12/2(火)': '明日出勤です♪', '12/3(水)': '10:30 - 22:00', '12/4(木)': '10:30 - 22:00', '12/5(金)': '10:30 - 22:00', '12/6(土)': '10:30 - 22:00', '12/7(日)': '10:30 - 22:00', '12/8(月)': '12/11 (木)出勤です♪', '12/9(火)': '明後日出勤です♪', '12/10(水)': '明日出勤です♪', '12/11(木)': '10:30 - 22:00', '12/12(金)': '10:30 - 22:00', '12/13(土)': '10:30 - 22:00', '12/14(日)': '10:30 - 22:00', '12/15(月)': '10:30 - 22:00'}"
ヘルスクラブ　長者町　巴里,https://www.cityheaven.net/aichi/A2301/A230103/c_pari/girlid-41286094/?lo=1,https://img.cityheaven.net/img/girls/t/c_pari/grpb0041286094_0000000000pc.jpg?cache02=1761995969,"{'11/16(日)': '12:00 - 23:59', '11/17(月)': '休み', '11/18(火)': '休み', '11/19(水)': '12:00 - 23:59', '11/20(木)': '休み', '11/21(金)': '12:00 - 23:59', '11/22(土)': '12:00 - 23:59', '11/23(日)': '12:00 - 23:59', '11/24(月)': '休み', '11/25(火)': '12:00 - 23:59', '11/26(水)': '休み', '11/27(木)': '休み', '11/28(金)': '休み', '11/29(土)': '12:00 - 23:59', '11/30(日)': '12:00 - 23:59', '12/1(月)': '-', '12/2(火)': '-', '12/3(水)': '-', '12/4(木)': '-', '12/5(金)': '-', '12/6(土)': '-', '12/7(日)': '-', '12/8(月)': '-', '12/9(火)': '-', '12/10(水)': '-', '12/11(木)': '-', '12/12(金)': '-', '12/13(土)': '-', '12/14(日)': '-', '12/15(月)': '-'}"
ラブボート東新町,https://www.cityheaven.net/aichi/A2301/A230104/loveboat-t/girlid-40758592/?lo=1,https://img.cityheaven.net/img/girls/t/loveboat-t/grpb0040758592_0000000000pc.jpg?cache02=1747758881,"{'11/16(日)': '次回11/22(土)出勤', '11/17(月)': '次回11/22(土)出勤', '11/18(火)': '次回11/22(土)出勤', '11/19(水)': '次回11/22(土)出勤', '11/20(木)': '次回11/22(土)出勤', '11/21(金)': '前日予約受付中', '11/22(土)': '13:00 - 20:00', '11/23(日)': '-', '11/24(月)': '-', '11/25(火)': '-', '11/26(水)': '-', '11/27(木)': '-', '11/28(金)': '-', '11/29(土)': '-', '11/30(日)': '-', '12/1(月)': '-', '12/2(火)': '-', '12/3(水)': '-', '12/4(木)': '-', '12/5(金)': '-', '12/6(土)': '-', '12/7(日)': '-', '12/8(月)': '-', '12/9(火)': '-', '12/10(水)': '-', '12/11(木)': '-', '12/12(金)': '-', '12/13(土)': '-', '12/14(日)': '-', '12/15(月)': '-'}"
ドルチェビィタ恵里亜,https://www.cityheaven.net/gifu/A2101/A210101/area/girlid-52668212/?lo=1,https://img.cityheaven.net/img/girls/t/area/grpb0052668212_0000000000pc.jpg?cache02=1747182983,"{'11/16(日)': '次回11/18出勤', '11/17(月)': '明日出勤', '11/18(火)': '10:00 - 23:30', '11/19(水)': '次回11/24出勤', '11/20(木)': '次回11/24出勤', '11/21(金)': '次回11/24出勤', '11/22(土)': '次回11/24出勤', '11/23(日)': '明日出勤', '11/24(月)': '10:00 - 23:30', '11/25(火)': '10:00 - 23:30', '11/26(水)': '-', '11/27(木)': '-', '11/28(金)': '-', '11/29(土)': '-', '11/30(日)': '-', '12/1(月)': '-', '12/2(火)': '-', '12/3(水)': '-', '12/4(木)': '-', '12/5(金)': '-', '12/6(土)': '-', '12/7(日)': '-', '12/8(月)': '-', '12/9(火)': '-', '12/10(水)': '-', '12/11(木)': '-', '12/12(金)': '-', '12/13(土)': '-', '12/14(日)': '-', '12/15(月)': '-'}"
レジーナ,https://www.cityheaven.net/gifu/A2101/A210101/s-romane/girlid-46278440/?lo=1,https://img.cityheaven.net/img/girls/t/s-romane/grpb0046278440_0000000000pc.jpg?cache02=1763205444,"{'11/16(日)': '11:00 - 20:30', '11/17(月)': '11:00 - 20:30', '11/18(火)': '-', '11/19(水)': '11:00 - 20:30', '11/20(木)': '11:00 - 20:30', '11/21(金)': '-', '11/22(土)': '-', '11/23(日)': '-', '11/24(月)': '-', '11/25(火)': '-', '11/26(水)': '-', '11/27(木)': '-', '11/28(金)': '-', '11/29(土)': '-', '11/30(日)': '-', '12/1(月)': '-', '12/2(火)': '-', '12/3(水)': '-', '12/4(木)': '-', '12/5(金)': '-', '12/6(土)': '-', '12/7(日)': '-', '12/8(月)': '-', '12/9(火)': '-', '12/10(水)': '-', '12/11(木)': '-', '12/12(金)': '-', '12/13(土)': '-', '12/14(日)': '-', '12/15(月)': '-'}"
愛ＡＮＧＥＬ,https://www.cityheaven.net/aichi/A2301/A230103/ai-angel-s/girlid-47388111/?lo=1,https://img.cityheaven.net/img/girls/t/ai-angel-s/grpb0047388111_0000000000pc.jpg?cache02=1763236532,"{'11/16(日)': '19:00 - 3:30', '11/17(月)': '🎅ご新規様割引✚🎁Fポイント会員登録で更にお得', '11/18(火)': '🎅ご新規様割引✚🎁Fポイント会員登録で更にお得', '11/19(水)': '19:00 - 2:00', '11/20(木)': '19:00 - 2:00', '11/21(金)': '19:00 - 3:30', '11/22(土)': '19:00 - 3:30', '11/23(日)': '19:00 - 3:30', '11/24(月)': '-', '11/25(火)': '-', '11/26(水)': '19:00 - 2:00', '11/27(木)': '19:00 - 3:30', '11/28(金)': '19:00 - 3:30', '11/29(土)': '19:00 - 3:30', '11/30(日)': '19:00 - 3:30', '12/1(月)': '-', '12/2(火)': '休み', '12/3(水)': '19:00 - 2:00', '12/4(木)': '19:00 - 3:30', '12/5(金)': '19:00 - 3:30', '12/6(土)': '19:00 - 3:30', '12/7(日)': '19:00 - 3:30', '12/8(月)': '-', '12/9(火)': '-', '12/10(水)': '-', '12/11(木)': '-', '12/12(金)': '-', '12/13(土)': '-', '12/14(日)': '-', '12/15(月)': '-'}"
Secret Service本店,https://www.cityheaven.net/aichi/A2305/A230504/secret_service/girlid-36985163/?lo=1,https://img.cityheaven.net/img/girls/t/secret_service/grpb0036985163_0000000000pc.jpg?cache02=1763222201,"{'11/16(日)': '10:00 - 18:00', '11/17(月)': '10:00 - 18:00', '11/18(火)': '11/20㈭10時出勤！予約受付中☆', '11/19(水)': '明日10時出勤！予約受付中☆', '11/20(木)': '10:00 - 18:00', '11/21(金)': '11/25㈫10時出勤！予約受付中☆', '11/22(土)': '11/25㈫10時出勤！予約受付中☆', '11/23(日)': '11/25㈫10時出勤！予約受付中☆', '11/24(月)': '明日10時出勤！予約受付中☆', '11/25(火)': '10:00 - 13:00', '11/26(水)': '☆出勤確認中☆', '11/27(木)': '☆出勤確認中☆', '11/28(金)': '☆出勤確認中☆', '11/29(土)': '☆出勤確認中☆', '11/30(日)': '☆出勤確認中☆', '12/1(月)': '-', '12/2(火)': '-', '12/3(水)': '-', '12/4(木)': '-', '12/5(金)': '-', '12/6(土)': '-', '12/7(日)': '-', '12/8(月)': '-', '12/9(火)': '-', '12/10(水)': '-', '12/11(木)': '-', '12/12(金)': '-', '12/13(土)': '-', '12/14(日)': '-', '12/15(月)': '-'}"
ニュー令女,https://www.cityheaven.net/aichi/A2301/A230101/newreijo/girlid-50554655/?lo=1,https://img.cityheaven.net/img/girls/t/newreijo/grpb0050554655_0000000000pc.jpg?cache02=1726741461,"{'11/16(日)': '18:00 - 23:59', '11/17(月)': '明日出勤♪', '11/18(火)': '17:00 - 23:59', '11/19(水)': '17:00 - 23:59', '11/20(木)': '明日出勤♪', '11/21(金)': '17:00 - 23:59', '11/22(土)': '18:00 - 23:59', '11/23(日)': '-', '11/24(月)': '-', '11/25(火)': '-', '11/26(水)': '-', '11/27(木)': '-', '11/28(金)': '-', '11/29(土)': '-', '11/30(日)': '-', '12/1(月)': '-', '12/2(火)': '-', '12/3(水)': '-', '12/4(木)': '-', '12/5(金)': '-', '12/6(土)': '-', '12/7(日)': '-', '12/8(月)': '-', '12/9(火)': '-', '12/10(水)': '-', '12/11(木)': '-', '12/12(金)': '-', '12/13(土)': '-', '12/14(日)': '-', '12/15(月)': '-'}"
グランドオペラ名古屋,https://www.cityheaven.net/aichi/A2301/A230104/g-opera/girlid-11319463/?lo=1,https://img.cityheaven.net/img/girls/t/g-opera/grpb0011319463_0000000000pc.jpg?cache02=1762940972,"{'11/16(日)': '12:00 - 0:00', '11/17(月)': '休み', '11/18(火)': '休み', '11/19(水)': '休み', '11/20(木)': '休み', '11/21(金)': '休み', '11/22(土)': '休み', '11/23(日)': '-', '11/24(月)': '-', '11/25(火)': '-', '11/26(水)': '-', '11/27(木)': '-', '11/28(金)': '-', '11/29(土)': '-', '11/30(日)': '-', '12/1(月)': '-', '12/2(火)': '-', '12/3(水)': '-', '12/4(木)': '-', '12/5(金)': '-', '12/6(土)': '-', '12/7(日)': '-', '12/8(月)': '-', '12/9(火)': '-', '12/10(水)': '-', '12/11(木)': '-', '12/12(金)': '-', '12/13(土)': '-', '12/14(日)': '-', '12/15(月)': '-'}"
愛らぶ名古屋本店,https://www.cityheaven.net/aichi/A2301/A230103/airabugakuen/girlid-42044650/?lo=1,https://img.cityheaven.net/img/girls/t/airabugakuen/grpb0042044650_0000000000pc.jpg?cache02=1763118662,"{'11/16(日)': '17:00 - 0:00', '11/17(月)': '休み', '11/18(火)': '18:00 - 0:00', '11/19(水)': '18:00 - 0:00', '11/20(木)': '18:00 - 0:00', '11/21(金)': '18:00 - 0:00', '11/22(土)': '休み', '11/23(日)': '-', '11/24(月)': '-', '11/25(火)': '-', '11/26(水)': '-', '11/27(木)': '-', '11/28(金)': '-', '11/29(土)': '-', '11/30(日)': '-', '12/1(月)': '-', '12/2(火)': '-', '12/3(水)': '-', '12/4(木)': '-', '12/5(金)': '-', '12/6(土)': '-', '12/7(日)': '-', '12/8(月)': '-', '12/9(火)': '-', '12/10(水)': '-', '12/11(木)': '-', '12/12(金)': '-', '12/13(土)': '-', '12/14(日)': '-', '12/15(月)': '-'}"
AVANCE,https://www.cityheaven.net/aichi/A2301/A230103/avance/girlid-40261185/?lo=1,https://img.cityheaven.net/img/girls/t/avance/grpb0040261185_0000000000pc.jpg?cache02=1762776146,"{'11/16(日)': '17:00 - 2:00', '11/17(月)': '-', '11/18(火)': '-', '11/19(水)': '-', '11/20(木)': '-', '11/21(金)': '-', '11/22(土)': '-', '11/23(日)': '-', '11/24(月)': '-', '11/25(火)': '-', '11/26(水)': '-', '11/27(木)': '-', '11/28(金)': '-', '11/29(土)': '-', '11/30(日)': '-', '12/1(月)': '-', '12/2(火)': '-', '12/3(水)': '-', '12/4(木)': '-', '12/5(金)': '-', '12/6(土)': '-', '12/7(日)': '-', '12/8(月)': '-', '12/9(火)': '-', '12/10(水)': '-', '12/11(木)': '-', '12/12(金)': '-', '12/13(土)': '-', '12/14(日)': '-', '12/15(月)': '-'}"
AVANCE,https://www.cityheaven.net/aichi/A2301/A230103/avance/girlid-30694068/?lo=1,https://img.cityheaven.net/img/girls/t/avance/grpb0030694068_0000000000pc.jpg?cache02=1762762370,"{'11/16(日)': '-', '11/17(月)': '18:00 - 22:00', '11/18(火)': '18:00 - 22:00', '11/19(水)': '-', '11/20(木)': '-', '11/21(金)': '-', '11/22(土)': '-', '11/23(日)': '-', '11/24(月)': '-', '11/25(火)': '-', '11/26(水)': '-', '11/27(木)': '-', '11/28(金)': '-', '11/29(土)': '-', '11/30(日)': '-', '12/1(月)': '-', '12/2(火)': '-', '12/3(水)': '-', '12/4(木)': '-', '12/5(金)': '-', '12/6(土)': '-', '12/7(日)': '-', '12/8(月)': '-', '12/9(火)': '-', '12/10(水)': '-', '12/11(木)': '-', '12/12(金)': '-', '12/13(土)': '-', '12/14(日)': '-', '12/15(月)': '-'}"
美ＳＴＹＬＥ,https://www.cityheaven.net/aichi/A2301/A230103/b-style/girlid-37545000/?lo=1,https://img.cityheaven.net/img/girls/t/b-style/grpb0037545000_0000000000pc.jpg?cache02=1763190077,"{'11/16(日)': '💋次回出勤◇調整中💋', '11/17(月)': '💋次回出勤◇調整中💋', '11/18(火)': '💋次回出勤◇調整中💋', '11/19(水)': '💋次回出勤◇調整中💋', '11/20(木)': '💋次回出勤◇調整中💋', '11/21(金)': '💋次回出勤◇調整中💋', '11/22(土)': '💋次回出勤◇調整中💋', '11/23(日)': '💋次回出勤◇調整中💋', '11/24(月)': '-', '11/25(火)': '-', '11/26(水)': '-', '11/27(木)': '-', '11/28(金)': '-', '11/29(土)': '-', '11/30(日)': '-', '12/1(月)': '-', '12/2(火)': '-', '12/3(水)': '-', '12/4(木)': '-', '12/5(金)': '-', '12/6(土)': '-', '12/7(日)': '-', '12/8(月)': '-', '12/9(火)': '-', '12/10(水)': '-', '12/11(木)': '-', '12/12(金)': '-', '12/13(土)': '-', '12/14(日)': '-', '12/15(月)': '-'}"
英國屋,https://www.cityheaven.net/gifu/A2101/A210101/eikokuya/girlid-61548909/?lo=1,https://img.cityheaven.net/img/girls/t/eikokuya/grpb0061548909_0000000000pc.jpg?cache02=1760175005,"{'11/16(日)': 'ご予約完売', '11/17(月)': 'ご予約完売', '11/18(火)': '-', '11/19(水)': '-', '11/20(木)': '10:00 - 20:00', '11/21(金)': 'ご予約完売', '11/22(土)': '-', '11/23(日)': '-', '11/24(月)': '-', '11/25(火)': '-', '11/26(水)': '-', '11/27(木)': '-', '11/28(金)': '-', '11/29(土)': '-', '11/30(日)': '-', '12/1(月)': '-', '12/2(火)': '-', '12/3(水)': '-', '12/4(木)': '-', '12/5(金)': '-', '12/6(土)': '-', '12/7(日)': '-', '12/8(月)': '-', '12/9(火)': '-', '12/10(水)': '-', '12/11(木)': '-', '12/12(金)': '-', '12/13(土)': '-', '12/14(日)': '-', '12/15(月)': '-'}"
ロマネ,https://www.cityheaven.net/gifu/A2101/A210101/romane/girlid-60728637/?lo=1,https://img.cityheaven.net/img/girls/t/romane/grpb0060728637_0000000000pc.jpg?cache02=1760513846,"{'11/16(日)': '-', '11/17(月)': '-', '11/18(火)': '-', '11/19(水)': '10:00 - 23:00', '11/20(木)': '10:00 - 23:00', '11/21(金)': '10:00 - 23:00', '11/22(土)': '10:00 - 23:00', '11/23(日)': '10:00 - 23:00', '11/24(月)': '10:00 - 23:00', '11/25(火)': '-', '11/26(水)': '-', '11/27(木)': '10:00 - 23:00', '11/28(金)': '10:00 - 23:00', '11/29(土)': '10:00 - 23:00', '11/30(日)': '10:00 - 23:00', '12/1(月)': '-', '12/2(火)': '-', '12/3(水)': '-', '12/4(木)': '-', '12/5(金)': '-', '12/6(土)': '-', '12/7(日)': '-', '12/8(月)': '-', '12/9(火)': '-', '12/10(水)': '-', '12/11(木)': '-', '12/12(金)': '-', '12/13(土)': '-', '12/14(日)': '-', '12/15(月)': '-'}"
Premier,https://www.cityheaven.net/gifu/A2101/A210101/premier/girlid-55408564/?lo=1,https://img.cityheaven.net/img/girls/t/premier/grpb0055408564_0000000000pc.jpg?cache02=1762085216,"{'11/16(日)': '11:00 - 20:00', '11/17(月)': '11:00 - 21:00', '11/18(火)': '11:00 - 21:00', '11/19(水)': '11:00 - 21:00', '11/20(木)': '次回11/20(金)出勤予定♪', '11/21(金)': '11:00 - 21:00', '11/22(土)': '11:00 - 21:00', '11/23(日)': '11:00 - 21:00', '11/24(月)': '11:00 - 21:00', '11/25(火)': '次回11/26(水)出勤予定♪', '11/26(水)': '11:00 - 21:00', '11/27(木)': '11:00 - 21:00', '11/28(金)': '11:00 - 21:00', '11/29(土)': '11:00 - 21:00', '11/30(日)': '-', '12/1(月)': '-', '12/2(火)': '-', '12/3(水)': '-', '12/4(木)': '-', '12/5(金)': '-', '12/6(土)': '-', '12/7(日)': '-', '12/8(月)': '-', '12/9(火)': '-', '12/10(水)': '-', '12/11(木)': '-', '12/12(金)': '-', '12/13(土)': '-', '12/14(日)': '-', '12/15(月)': '-'}"
美ＳＴＹＬＥ,https://www.cityheaven.net/aichi/A2301/A230103/b-style/girlid-43952936/?lo=1,https://img.cityheaven.net/img/girls/t/b-style/grpb0043952936_0000000000pc.jpg?cache02=1763194032,"{'11/16(日)': '💋28日出勤◇ご予約受付💋', '11/17(月)': '💋28日出勤◇ご予約受付💋', '11/18(火)': '💋28日出勤◇ご予約受付💋', '11/19(水)': '💋28日出勤◇ご予約受付💋', '11/20(木)': '💋28日出勤◇ご予約受付💋', '11/21(金)': '💋28日出勤◇ご予約受付💋', '11/22(土)': '💋28日出勤◇ご予約受付💋', '11/23(日)': '💋28日出勤◇ご予約受付💋', '11/24(月)': '💋28日出勤◇ご予約受付💋', '11/25(火)': '💋28日出勤◇ご予約受付💋', '11/26(水)': '💋明後日出勤◇ご予約受付💋', '11/27(木)': '💋明日出勤◇ご予約受付💋', '11/28(金)': '14:00 - 21:00', '11/29(土)': '14:00 - 23:00', '11/30(日)': '💋次回出勤◇調整中💋', '12/1(月)': '💋次回出勤◇調整中💋', '12/2(火)': '💋次回出勤◇調整中💋', '12/3(水)': '💋次回出勤◇調整中💋', '12/4(木)': '💋次回出勤◇調整中💋', '12/5(金)': '💋次回出勤◇調整中💋', '12/6(土)': '💋次回出勤◇調整中💋', '12/7(日)': '💋次回出勤◇調整中💋', '12/8(月)': '💋次回出勤◇調整中💋', '12/9(火)': '💋次回出勤◇調整中💋', '12/10(水)': '💋次回出勤◇調整中💋', '12/11(木)': '17:00 - 1:00', '12/12(金)': '-', '12/13(土)': '-', '12/14(日)': '-', '12/15(月)': '-'}"
でりどす,https://www.cityheaven.net/aichi/A2301/A230103/deridos/girlid-51980872/?lo=1,https://img.cityheaven.net/img/girls/t/deridos/grpb0051980872_0000000000pc.jpg?cache02=1763248476,"{'11/16(日)': '-', '11/17(月)': '-', '11/18(火)': '17:00 - 23:00', '11/19(水)': '17:00 - 23:00', '11/20(木)': '17:00 - 23:00', '11/21(金)': '-', '11/22(土)': '-', '11/23(日)': '-', '11/24(月)': '-', '11/25(火)': '-', '11/26(水)': '-', '11/27(木)': '-', '11/28(金)': '-', '11/29(土)': '-', '11/30(日)': '-', '12/1(月)': '-', '12/2(火)': '-', '12/3(水)': '-', '12/4(木)': '-', '12/5(金)': '-', '12/6(土)': '-', '12/7(日)': '-', '12/8(月)': '-', '12/9(火)': '-', '12/10(水)': '-', '12/11(木)': '-', '12/12(金)': '-', '12/13(土)': '-', '12/14(日)': '-', '12/15(月)': '-'}"
ムーンライト,https://www.cityheaven.net/gifu/A2101/A210101/moonlight/girlid-27289671/?lo=1,https://img.cityheaven.net/img/girls/t/moonlight/grpb0027289671_0000000000pc.JPG?cache02=1736039999,"{'11/16(日)': '-', '11/17(月)': '11:00 - 20:00', '11/18(火)': '11:00 - 20:00', '11/19(水)': '-', '11/20(木)': '-', '11/21(金)': '-', '11/22(土)': '-', '11/23(日)': '11:00 - 20:00', '11/24(月)': '-', '11/25(火)': '-', '11/26(水)': '-', '11/27(木)': '11:00 - 20:00', '11/28(金)': '11:00 - 20:00', '11/29(土)': '-', '11/30(日)': '11:00 - 20:00', '12/1(月)': '-', '12/2(火)': '-', '12/3(水)': '-', '12/4(木)': '-', '12/5(金)': '-', '12/6(土)': '-', '12/7(日)': '-', '12/8(月)': '-', '12/9(火)': '-', '12/10(水)': '-', '12/11(木)': '-', '12/12(金)': '-', '12/13(土)': '-', '12/14(日)': '-', '12/15(月)': '-'}"
ドルチェビィタ恵里亜,https://www.cityheaven.net/gifu/A2101/A210101/area/girlid-51960716/?lo=1,https://img.cityheaven.net/img/girls/t/area/grpb0051960716_0000000000pc.jpg?cache02=1763034707,"{'11/16(日)': '10:00 - 23:59', '11/17(月)': '次回11/26出勤', '11/18(火)': '次回11/26出勤', '11/19(水)': '次回11/26出勤', '11/20(木)': '次回11/26出勤', '11/21(金)': '次回11/26出勤', '11/22(土)': '次回11/26出勤', '11/23(日)': '次回11/26出勤', '11/24(月)': '次回11/26出勤', '11/25(火)': '明日出勤', '11/26(水)': '10:00 - 23:30', '11/27(木)': '明日出勤', '11/28(金)': '10:00 - 23:30', '11/29(土)': '-', '11/30(日)': '-', '12/1(月)': '-', '12/2(火)': '-', '12/3(水)': '-', '12/4(木)': '-', '12/5(金)': '-', '12/6(土)': '-', '12/7(日)': '-', '12/8(月)': '-', '12/9(火)': '-', '12/10(水)': '-', '12/11(木)': '-', '12/12(金)': '-', '12/13(土)': '-', '12/14(日)': '-', '12/15(月)': '-'}"
STYLISH BACH（スタイリッシュ バッハ）,https://www.cityheaven.net/gifu/A2101/A210101/stylish_bach/girlid-38220954/?lo=1,https://img.cityheaven.net/img/girls/t/stylish_bach/grpb0038220954_0000000000pc.jpg?cache02=1762918054,"{'11/16(日)': '-', '11/17(月)': '-', '11/18(火)': '-', '11/19(水)': '-', '11/20(木)': '-', '11/21(金)': '-', '11/22(土)': '-', '11/23(日)': '-', '11/24(月)': '-', '11/25(火)': '-', '11/26(水)': '-', '11/27(木)': '-', '11/28(金)': '-', '11/29(土)': '-', '11/30(日)': '-', '12/1(月)': '-', '12/2(火)': '-', '12/3(水)': '-', '12/4(木)': '-', '12/5(金)': '-', '12/6(土)': '-', '12/7(日)': '-', '12/8(月)': '-', '12/9(火)': '-', '12/10(水)': '-', '12/11(木)': '-', '12/12(金)': '-', '12/13(土)': '-', '12/14(日)': '-', '12/15(月)': '-'}"
STYLISH BACH（スタイリッシュ バッハ）,https://www.cityheaven.net/gifu/A2101/A210101/stylish_bach/girlid-56944635/?lo=1,https://img.cityheaven.net/img/girls/t/stylish_bach/grpb0056944635_0000000000pc.jpg?cache02=1758869242,"{'11/16(日)': '-', '11/17(月)': '-', '11/18(火)': '-', '11/19(水)': '-', '11/20(木)': '-', '11/21(金)': '-', '11/22(土)': '-', '11/23(日)': '-', '11/24(月)': '-', '11/25(火)': '-', '11/26(水)': '-', '11/27(木)': '-', '11/28(金)': '-', '11/29(土)': '-', '11/30(日)': '-', '12/1(月)': '-', '12/2(火)': '-', '12/3(水)': '-', '12/4(木)': '-', '12/5(金)': '-', '12/6(土)': '-', '12/7(日)': '-', '12/8(月)': '-', '12/9(火)': '-', '12/10(水)': '-', '12/11(木)': '-', '12/12(金)': '-', '12/13(土)': '-', '12/14(日)': '-', '12/15(月)': '-'}"
STYLISH BACH（スタイリッシュ バッハ）,https://www.cityheaven.net/gifu/A2101/A210101/stylish_bach/girlid-37401180/?lo=1,https://img.cityheaven.net/img/girls/t/stylish_bach/grpb0037401180_0000000000pc.jpg?cache02=1762917453,"{'11/16(日)': '9:00 - 23:00', '11/17(月)': '-', '11/18(火)': '10:00 - 22:00', '11/19(水)': '10:00 - 22:00', '11/20(木)': '-', '11/21(金)': '-', '11/22(土)': '10:00 - 22:00', '11/23(日)': '10:00 - 22:00', '11/24(月)': '10:00 - 22:00', '11/25(火)': '10:00 - 22:00', '11/26(水)': '-', '11/27(木)': '-', '11/28(金)': '-', '11/29(土)': '10:00 - 22:00', '11/30(日)': '10:00 - 22:00', '12/1(月)': '-', '12/2(火)': '10:00 - 22:00', '12/3(水)': '10:00 - 22:00', '12/4(木)': '-', '12/5(金)': '10:00 - 22:00', '12/6(土)': '10:00 - 22:00', '12/7(日)': '10:00 - 22:00', '12/8(月)': '-', '12/9(火)': '-', '12/10(水)': '-', '12/11(木)': '10:00 - 22:00', '12/12(金)': '10:00 - 22:00', '12/13(土)': '10:00 - 22:00', '12/14(日)': '10:00 - 15:00', '12/15(月)': '10:00 - 22:00'}"
ジュリエット,https://www.cityheaven.net/gifu/A2101/A210101/juliet/girlid-49169298/?lo=1,https://img.cityheaven.net/img/girls/t/juliet/grpb0049169298_0000000000pc.jpg?cache02=1758002789,"{'11/16(日)': '-', '11/17(月)': '-', '11/18(火)': '-', '11/19(水)': '11:00 - 23:59', '11/20(木)': '11:00 - 23:59', '11/21(金)': '11:00 - 23:59', '11/22(土)': '-', '11/23(日)': '-', '11/24(月)': '-', '11/25(火)': '-', '11/26(水)': '11:00 - 23:59', '11/27(木)': '11:00 - 23:59', '11/28(金)': '11:00 - 23:59', '11/29(土)': '-', '11/30(日)': '-', '12/1(月)': '-', '12/2(火)': '-', '12/3(水)': '-', '12/4(木)': '-', '12/5(金)': '-', '12/6(土)': '-', '12/7(日)': '-', '12/8(月)': '-', '12/9(火)': '-', '12/10(水)': '-', '12/11(木)': '-', '12/12(金)': '-', '12/13(土)': '-', '12/14(日)': '-', '12/15(月)': '-'}"
スチュアーデス,https://www.cityheaven.net/gifu/A2101/A210101/stewardess/girlid-48566511/?lo=1,https://img.cityheaven.net/img/girls/t/stewardess/grpb0048566511_0000000000pc.jpg?cache02=1763238309,"{'11/16(日)': '9:00 - 16:00', '11/17(月)': '9:00 - 18:00', '11/18(火)': '休み', '11/19(水)': '9:00 - 15:00', '11/20(木)': '-', '11/21(金)': '9:00 - 22:30', '11/22(土)': '9:00 - 22:30', '11/23(日)': '9:00 - 22:30', '11/24(月)': '-', '11/25(火)': '9:00 - 22:30', '11/26(水)': '9:00 - 17:00', '11/27(木)': '-', '11/28(金)': '9:00 - 22:30', '11/29(土)': '9:00 - 22:30', '11/30(日)': '9:00 - 16:00', '12/1(月)': '-', '12/2(火)': '-', '12/3(水)': '-', '12/4(木)': '-', '12/5(金)': '-', '12/6(土)': '-', '12/7(日)': '-', '12/8(月)': '-', '12/9(火)': '-', '12/10(水)': '-', '12/11(木)': '-', '12/12(金)': '-', '12/13(土)': '-', '12/14(日)': '-', '12/15(月)': '-'}"
ViVi,https://www.cityheaven.net/gifu/A2101/A210101/vivi_g/girlid-47749941/?lo=1,https://img.cityheaven.net/img/girls/t/vivi_g/grpb0047749941_0000000000pc.jpg?cache02=1763003318,"{'11/16(日)': '-', '11/17(月)': '12:00 - 23:00', '11/18(火)': '-', '11/19(水)': '-', '11/20(木)': '12:00 - 23:00', '11/21(金)': '12:00 - 23:00', '11/22(土)': '-', '11/23(日)': '-', '11/24(月)': '12:00 - 23:00', '11/25(火)': '17:00 - 23:00', '11/26(水)': '-', '11/27(木)': '12:00 - 23:00', '11/28(金)': '17:00 - 23:00', '11/29(土)': '-', '11/30(日)': '-', '12/1(月)': '-', '12/2(火)': '-', '12/3(水)': '-', '12/4(木)': '-', '12/5(金)': '-', '12/6(土)': '-', '12/7(日)': '-', '12/8(月)': '-', '12/9(火)': '-', '12/10(水)': '-', '12/11(木)': '-', '12/12(金)': '-', '12/13(土)': '-', '12/14(日)': '-', '12/15(月)': '-'}"
スチュアーデス,https://www.cityheaven.net/gifu/A2101/A210101/stewardess/girlid-46872663/?lo=1,https://img.cityheaven.net/img/girls/t/stewardess/grpb0046872663_0000000000pc.jpg?cache02=1761088783,"{'11/16(日)': '9:00 - 19:00', '11/17(月)': '-', '11/18(火)': '-', '11/19(水)': '-', '11/20(木)': '-', '11/21(金)': '-', '11/22(土)': '9:00 - 21:00', '11/23(日)': '9:00 - 19:00', '11/24(月)': '9:00 - 19:00', '11/25(火)': '-', '11/26(水)': '-', '11/27(木)': '-', '11/28(金)': '16:30 - 21:30', '11/29(土)': '9:00 - 19:00', '11/30(日)': '9:00 - 21:00', '12/1(月)': '-', '12/2(火)': '-', '12/3(水)': '-', '12/4(木)': '-', '12/5(金)': '-', '12/6(土)': '-', '12/7(日)': '-', '12/8(月)': '-', '12/9(火)': '-', '12/10(水)': '-', '12/11(木)': '-', '12/12(金)': '-', '12/13(土)': '-', '12/14(日)': '-', '12/15(月)': '-'}"
リメイク,https://www.cityheaven.net/aichi/A2302/A230201/wife_ichinomiya/girlid-32690596/?lo=1,https://img.cityheaven.net/img/girls/t/wife_ichinomiya/grpb0032690596_0000000000pc.jpg?cache02=1763257230,"{'11/16(日)': '9:00 - 17:00', '11/17(月)': '9:00 - 17:00', '11/18(火)': '-', '11/19(水)': '-', '11/20(木)': '-', '11/21(金)': '-', '11/22(土)': '-', '11/23(日)': '9:00 - 17:00', '11/24(月)': '9:00 - 17:00', '11/25(火)': '-', '11/26(水)': '9:00 - 17:00', '11/27(木)': '9:00 - 17:00', '11/28(金)': '-', '11/29(土)': '-', '11/30(日)': '-', '12/1(月)': '-', '12/2(火)': '-', '12/3(水)': '-', '12/4(木)': '-', '12/5(金)': '-', '12/6(土)': '-', '12/7(日)': '-', '12/8(月)': '-', '12/9(火)': '-', '12/10(水)': '-', '12/11(木)': '-', '12/12(金)': '-', '12/13(土)': '-', '12/14(日)': '-', '12/15(月)': '-'}"
ヘルスクラブ　長者町　巴里,https://www.cityheaven.net/aichi/A2301/A230103/c_pari/girlid-39419174/?lo=1,https://img.cityheaven.net/img/girls/t/c_pari/grpb0039419174_0000000000pc.jpg?cache02=1751374316,"{'11/16(日)': '10:30 - 15:30', '11/17(月)': '休み', '11/18(火)': '休み', '11/19(水)': '10:30 - 15:30', '11/20(木)': '10:30 - 15:30', '11/21(金)': '10:30 - 14:00', '11/22(土)': '休み', '11/23(日)': '10:30 - 15:30', '11/24(月)': '休み', '11/25(火)': '休み', '11/26(水)': '休み', '11/27(木)': '10:30 - 15:30', '11/28(金)': '休み', '11/29(土)': '10:30 - 15:30', '11/30(日)': '10:30 - 15:30', '12/1(月)': '-', '12/2(火)': '-', '12/3(水)': '-', '12/4(木)': '-', '12/5(金)': '-', '12/6(土)': '-', '12/7(日)': '-', '12/8(月)': '-', '12/9(火)': '-', '12/10(水)': '-', '12/11(木)': '-', '12/12(金)': '-', '12/13(土)': '-', '12/14(日)': '-', '12/15(月)': '-'}"
愛らぶ名古屋本店,https://www.cityheaven.net/aichi/A2301/A230103/airabugakuen/girlid-44532412/?lo=1,https://img.cityheaven.net/img/girls/t/airabugakuen/grpb0044532412_0000000000pc.jpg?cache02=1763059449,"{'11/16(日)': '18日～24日出勤決定♪', '11/17(月)': '18日～24日出勤決定♪', '11/18(火)': '12:00 - 5:00', '11/19(水)': '12:00 - 5:00', '11/20(木)': '12:00 - 5:00', '11/21(金)': '12:00 - 3:00', '11/22(土)': '12:00 - 3:00', '11/23(日)': '12:00 - 3:00', '11/24(月)': '12:00 - 6:00', '11/25(火)': '-', '11/26(水)': '-', '11/27(木)': '-', '11/28(金)': '-', '11/29(土)': '-', '11/30(日)': '-', '12/1(月)': '-', '12/2(火)': '-', '12/3(水)': '-', '12/4(木)': '-', '12/5(金)': '-', '12/6(土)': '-', '12/7(日)': '-', '12/8(月)': '-', '12/9(火)': '-', '12/10(水)': '-', '12/11(木)': '-', '12/12(金)': '-', '12/13(土)': '-', '12/14(日)': '-', '12/15(月)': '-'}"
英國屋,https://www.cityheaven.net/gifu/A2101/A210101/eikokuya/girlid-46452464/?lo=1,https://img.cityheaven.net/img/girls/t/eikokuya/grpb0046452464_0000000000pc.jpg?cache02=1744691591,"{'11/16(日)': '-', '11/17(月)': '10:00 - 20:00', '11/18(火)': '10:00 - 20:00', '11/19(水)': '-', '11/20(木)': '10:00 - 20:00', '11/21(金)': '-', '11/22(土)': '-', '11/23(日)': '-', '11/24(月)': '10:00 - 20:00', '11/25(火)': '10:00 - 20:00', '11/26(水)': '-', '11/27(木)': '-', '11/28(金)': '10:00 - 20:00', '11/29(土)': '10:00 - 20:00', '11/30(日)': '10:00 - 20:00', '12/1(月)': '-', '12/2(火)': '-', '12/3(水)': '-', '12/4(木)': '-', '12/5(金)': '-', '12/6(土)': '-', '12/7(日)': '-', '12/8(月)': '-', '12/9(火)': '-', '12/10(水)': '-', '12/11(木)': '-', '12/12(金)': '-', '12/13(土)': '-', '12/14(日)': '-', '12/15(月)': '-'}"
男の楽園　eden.,https://www.cityheaven.net/aichi/A2301/A230103/eden-n/girlid-41173984/?lo=1,https://img.cityheaven.net/img/girls/t/eden-n/grpb0041173984_0000000000pc.jpg?cache02=1738684664,"{'11/16(日)': '18日14:00～出勤❤️', '11/17(月)': '18日14:00～出勤❤️', '11/18(火)': '14:00 - 23:00', '11/19(水)': '14:00 - 23:00', '11/20(木)': '21日14:00～出勤❤️', '11/21(金)': '14:00 - 23:00', '11/22(土)': '14:00 - 23:00', '11/23(日)': '-', '11/24(月)': '-', '11/25(火)': '-', '11/26(水)': '-', '11/27(木)': '-', '11/28(金)': '-', '11/29(土)': '-', '11/30(日)': '-', '12/1(月)': '-', '12/2(火)': '-', '12/3(水)': '-', '12/4(木)': '-', '12/5(金)': '-', '12/6(土)': '-', '12/7(日)': '-', '12/8(月)': '-', '12/9(火)': '-', '12/10(水)': '-', '12/11(木)': '-', '12/12(金)': '-', '12/13(土)': '-', '12/14(日)': '-', '12/15(月)': '-'}"
ヘルスクラブ巴里,https://www.cityheaven.net/aichi/A2301/A230103/paris/girlid-41463180/?lo=1,https://img.cityheaven.net/img/girls/t/paris/grpb0041463180_0000000000pc.jpg?cache02=1759541585,"{'11/16(日)': '-', '11/17(月)': '-', '11/18(火)': '-', '11/19(水)': '-', '11/20(木)': '-', '11/21(金)': '-', '11/22(土)': '-', '11/23(日)': '-', '11/24(月)': '-', '11/25(火)': '-', '11/26(水)': '-', '11/27(木)': '-', '11/28(金)': '-', '11/29(土)': '-', '11/30(日)': '-', '12/1(月)': '-', '12/2(火)': '-', '12/3(水)': '-', '12/4(木)': '-', '12/5(金)': '-', '12/6(土)': '-', '12/7(日)': '-', '12/8(月)': '-', '12/9(火)': '-', '12/10(水)': '-', '12/11(木)': '-', '12/12(金)': '-', '12/13(土)': '-', '12/14(日)': '-', '12/15(月)': '-'}"
ムーンライト,https://www.cityheaven.net/gifu/A2101/A210101/moonlight/girlid-38898929/?lo=1,https://img.cityheaven.net/img/girls/t/moonlight/grpb0038898929_0000000000pc.jpg?cache02=1756512408,"{'11/16(日)': '-', '11/17(月)': '-', '11/18(火)': '-', '11/19(水)': '-', '11/20(木)': '-', '11/21(金)': '-', '11/22(土)': '-', '11/23(日)': '-', '11/24(月)': '-', '11/25(火)': '-', '11/26(水)': '-', '11/27(木)': '-', '11/28(金)': '-', '11/29(土)': '-', '11/30(日)': '-', '12/1(月)': '-', '12/2(火)': '-', '12/3(水)': '-', '12/4(木)': '-', '12/5(金)': '-', '12/6(土)': '-', '12/7(日)': '-', '12/8(月)': '-', '12/9(火)': '-', '12/10(水)': '-', '12/11(木)': '-', '12/12(金)': '-', '12/13(土)': '-', '12/14(日)': '-', '12/15(月)': '-'}"
アラモード,https://www.cityheaven.net/aichi/A2301/A230101/alamode/girlid-32022294/?lo=1,https://img.cityheaven.net/img/girls/t/alamode/grpb0032022294_0000000000pc.jpg?cache02=1762154643,"{'11/16(日)': '休み', '11/17(月)': '-', '11/18(火)': '-', '11/19(水)': '10:00 - 17:00', '11/20(木)': '10:00 - 17:00', '11/21(金)': '-', '11/22(土)': '10:00 - 17:00', '11/23(日)': '-', '11/24(月)': '-', '11/25(火)': '-', '11/26(水)': '-', '11/27(木)': '-', '11/28(金)': '-', '11/29(土)': '-', '11/30(日)': '-', '12/1(月)': '-', '12/2(火)': '-', '12/3(水)': '-', '12/4(木)': '-', '12/5(金)': '-', '12/6(土)': '-', '12/7(日)': '-', '12/8(月)': '-', '12/9(火)': '-', '12/10(水)': '-', '12/11(木)': '-', '12/12(金)': '-', '12/13(土)': '-', '12/14(日)': '-', '12/15(月)': '-'}"
時計台,https://www.cityheaven.net/gifu/A2101/A210101/tokeidai/girlid-37411552/?lo=1,https://img.cityheaven.net/img/girls/t/tokeidai/grpb0037411552_0000000000pc.jpg?cache02=1751534052,"{'11/16(日)': '12:00 - 22:00', '11/17(月)': '12:00 - 22:00', '11/18(火)': '12:00 - 22:00', '11/19(水)': '12:00 - 17:30', '11/20(木)': '次回11/23出勤', '11/21(金)': '次回11/23出勤', '11/22(土)': '明日出勤！', '11/23(日)': '12:00 - 22:00', '11/24(月)': '12:00 - 22:00', '11/25(火)': '12:00 - 22:00', '11/26(水)': '12:00 - 17:30', '11/27(木)': '-', '11/28(金)': '-', '11/29(土)': '-', '11/30(日)': '-', '12/1(月)': '-', '12/2(火)': '-', '12/3(水)': '-', '12/4(木)': '-', '12/5(金)': '-', '12/6(土)': '-', '12/7(日)': '-', '12/8(月)': '-', '12/9(火)': '-', '12/10(水)': '-', '12/11(木)': '-', '12/12(金)': '-', '12/13(土)': '-', '12/14(日)': '-', '12/15(月)': '-'}"
アバンチュール,https://www.cityheaven.net/aichi/A2301/A230105/aventure/girlid-27877529/?lo=1,https://img.cityheaven.net/img/girls/t/aventure/grpb0027877529_0000000000pc.jpg?cache02=1762169428,"{'11/16(日)': '-', '11/17(月)': '11:00 - 18:00', '11/18(火)': '-', '11/19(水)': '-', '11/20(木)': '11:00 - 18:00', '11/21(金)': '11:00 - 18:00', '11/22(土)': '-', '11/23(日)': '-', '11/24(月)': '-', '11/25(火)': '-', '11/26(水)': '-', '11/27(木)': '-', '11/28(金)': '-', '11/29(土)': '-', '11/30(日)': '-', '12/1(月)': '-', '12/2(火)': '-', '12/3(水)': '-', '12/4(木)': '-', '12/5(金)': '-', '12/6(土)': '-', '12/7(日)': '-', '12/8(月)': '-', '12/9(火)': '-', '12/10(水)': '-', '12/11(木)': '-', '12/12(金)': '-', '12/13(土)': '-', '12/14(日)': '-', '12/15(月)': '-'}"
ムーンライト,https://www.cityheaven.net/gifu/A2101/A210101/moonlight/girlid-27126160/?lo=1,https://img.cityheaven.net/img/girls/t/moonlight/grpb0027126160_0000000000pc.jpg?cache02=1759223501,"{'11/16(日)': '11:00 - 21:30', '11/17(月)': '-', '11/18(火)': '11:00 - 21:30', '11/19(水)': '-', '11/20(木)': '11:00 - 21:30', '11/21(金)': '-', '11/22(土)': '-', '11/23(日)': '11:00 - 21:30', '11/24(月)': '11:00 - 21:30', '11/25(火)': '11:00 - 21:30', '11/26(水)': '-', '11/27(木)': '11:00 - 21:30', '11/28(金)': '-', '11/29(土)': '11:00 - 21:30', '11/30(日)': '11:00 - 21:30', '12/1(月)': '-', '12/2(火)': '-', '12/3(水)': '-', '12/4(木)': '-', '12/5(金)': '-', '12/6(土)': '-', '12/7(日)': '-', '12/8(月)': '-', '12/9(火)': '-', '12/10(水)': '-', '12/11(木)': '-', '12/12(金)': '-', '12/13(土)': '-', '12/14(日)': '-', '12/15(月)': '-'}"
STYLISH BACH（スタイリッシュ バッハ）,https://www.cityheaven.net/gifu/A2101/A210101/stylish_bach/girlid-62051546/?lo=1,https://img.cityheaven.net/img/girls/t/stylish_bach/grpb0062051546_0000000000pc.jpg?cache02=1762837729,"{'11/16(日)': '-', '11/17(月)': '10:00 - 22:00', '11/18(火)': '10:00 - 22:00', '11/19(水)': '-', '11/20(木)': '-', '11/21(金)': '-', '11/22(土)': '10:00 - 22:00', '11/23(日)': '10:00 - 22:00', '11/24(月)': '10:00 - 22:00', '11/25(火)': '10:00 - 22:00', '11/26(水)': '-', '11/27(木)': '-', '11/28(金)': '10:00 - 22:00', '11/29(土)': '10:00 - 22:00', '11/30(日)': '10:00 - 22:00', '12/1(月)': '-', '12/2(火)': '-', '12/3(水)': '-', '12/4(木)': '-', '12/5(金)': '-', '12/6(土)': '-', '12/7(日)': '-', '12/8(月)': '-', '12/9(火)': '-', '12/10(水)': '-', '12/11(木)': '-', '12/12(金)': '-', '12/13(土)': '-', '12/14(日)': '-', '12/15(月)': '-'}"
ジュリエット,https://www.cityheaven.net/gifu/A2101/A210101/juliet/girlid-21031329/?lo=1,https://img.cityheaven.net/img/girls/t/juliet/grpb0021031329_0000000000pc.jpg?cache02=1757401737,"{'11/16(日)': '11:00 - 23:00', '11/17(月)': '-', '11/18(火)': '-', '11/19(水)': '-', '11/20(木)': '-', '11/21(金)': '-', '11/22(土)': '11:00 - 23:00', '11/23(日)': '11:00 - 18:30', '11/24(月)': '11:00 - 23:00', '11/25(火)': '-', '11/26(水)': '11:00 - 23:00', '11/27(木)': '-', '11/28(金)': '11:00 - 23:00', '11/29(土)': '-', '11/30(日)': '11:00 - 23:00', '12/1(月)': '-', '12/2(火)': '-', '12/3(水)': '-', '12/4(木)': '-', '12/5(金)': '-', '12/6(土)': '-', '12/7(日)': '-', '12/8(月)': '-', '12/9(火)': '-', '12/10(水)': '-', '12/11(木)': '-', '12/12(金)': '-', '12/13(土)': '-', '12/14(日)': '-', '12/15(月)': '-'}"
LOVE MISSILE,https://www.cityheaven.net/gifu/A2101/A210101/lovemissile/girlid-15100863/?lo=1,https://img.cityheaven.net/img/girls/t/lovemissile/grpb0015100863_0000000000pc.jpg?cache02=1753081154,"{'11/16(日)': '-', '11/17(月)': '-', '11/18(火)': '-', '11/19(水)': '-', '11/20(木)': '-', '11/21(金)': '-', '11/22(土)': '-', '11/23(日)': '-', '11/24(月)': '-', '11/25(火)': '-', '11/26(水)': '-', '11/27(木)': '-', '11/28(金)': '-', '11/29(土)': '-', '11/30(日)': '-', '12/1(月)': '-', '12/2(火)': '-', '12/3(水)': '-', '12/4(木)': '-', '12/5(金)': '-', '12/6(土)': '-', '12/7(日)': '-', '12/8(月)': '-', '12/9(火)': '-', '12/10(水)': '-', '12/11(木)': '-', '12/12(金)': '-', '12/13(土)': '-', '12/14(日)': '-', '12/15(月)': '-'}"
CANDY,https://www.cityheaven.net/gifu/A2101/A210101/candy/girlid-55819558/?lo=1,https://img.cityheaven.net/img/girls/t/candy/grpb0055819558_0000000000pc.jpg?cache02=1746503994,"{'11/16(日)': '-', '11/17(月)': '-', '11/18(火)': '-', '11/19(水)': '-', '11/20(木)': '-', '11/21(金)': '-', '11/22(土)': '-', '11/23(日)': '-', '11/24(月)': '-', '11/25(火)': '-', '11/26(水)': '-', '11/27(木)': '-', '11/28(金)': '-', '11/29(土)': '-', '11/30(日)': '-', '12/1(月)': '-', '12/2(火)': '-', '12/3(水)': '-', '12/4(木)': '-', '12/5(金)': '-', '12/6(土)': '-', '12/7(日)': '-', '12/8(月)': '-', '12/9(火)': '-', '12/10(水)': '-', '12/11(木)': '-', '12/12(金)': '-', '12/13(土)': '-', '12/14(日)': '-', '12/15(月)': '-'}"
LOVE MISSILE,https://www.cityheaven.net/gifu/A2101/A210101/lovemissile/girlid-58830871/?lo=1,https://img.cityheaven.net/img/girls/t/lovemissile/grpb0058830871_0000000000pc.jpg?cache02=1760094163,"{'11/16(日)': '10:00 - 23:59', '11/17(月)': '-', '11/18(火)': '-', '11/19(水)': '-', '11/20(木)': '-', '11/21(金)': '-', '11/22(土)': '10:00 - 23:00', '11/23(日)': '10:00 - 23:59', '11/24(月)': '16:00 - 21:30', '11/25(火)': '-', '11/26(水)': '-', '11/27(木)': '-', '11/28(金)': '-', '11/29(土)': '10:00 - 23:00', '11/30(日)': '10:00 - 23:59', '12/1(月)': '-', '12/2(火)': '-', '12/3(水)': '-', '12/4(木)': '-', '12/5(金)': '-', '12/6(土)': '-', '12/7(日)': '-', '12/8(月)': '-', '12/9(火)': '-', '12/10(水)': '-', '12/11(木)': '-', '12/12(金)': '-', '12/13(土)': '-', '12/14(日)': '-', '12/15(月)': '-'}"
Sabbat,https://www.cityheaven.net/gifu/A2101/A210101/sabbat/girlid-57814696/?lo=1,https://img.cityheaven.net/img/girls/t/sabbat/grpb0057814696_0000000000pc.jpg?cache02=1760090981,"{'11/16(日)': '-', '11/17(月)': '12:00 - 22:00', '11/18(火)': '12:00 - 22:00', '11/19(水)': '-', '11/20(木)': '12:00 - 22:00', '11/21(金)': '-', '11/22(土)': '12:00 - 22:00', '11/23(日)': '12:00 - 21:00', '11/24(月)': '12:00 - 21:00', '11/25(火)': '-', '11/26(水)': '-', '11/27(木)': '-', '11/28(金)': '-', '11/29(土)': '-', '11/30(日)': '-', '12/1(月)': '-', '12/2(火)': '-', '12/3(水)': '-', '12/4(木)': '-', '12/5(金)': '-', '12/6(土)': '-', '12/7(日)': '-', '12/8(月)': '-', '12/9(火)': '-', '12/10(水)': '-', '12/11(木)': '-', '12/12(金)': '-', '12/13(土)': '-', '12/14(日)': '-', '12/15(月)': '-'}"
成田レッドダイヤ,https://www.cityheaven.net/chiba/A1204/A120401/reddiamond-n/girlid-57817454/?lo=1,https://img.cityheaven.net/img/girls/cb/reddiamond-n/grpb0057817454_0000000000pc.jpg?cache02=1756380470,"{'11/16(日)': '-', '11/17(月)': '-', '11/18(火)': '-', '11/19(水)': '-', '11/20(木)': '-', '11/21(金)': '-', '11/22(土)': '-', '11/23(日)': '-', '11/24(月)': '-', '11/25(火)': '-', '11/26(水)': '-', '11/27(木)': '-', '11/28(金)': '-', '11/29(土)': '-', '11/30(日)': '-', '12/1(月)': '-', '12/2(火)': '-', '12/3(水)': '-', '12/4(木)': '-', '12/5(金)': '-', '12/6(土)': '-', '12/7(日)': '-', '12/8(月)': '-', '12/9(火)': '-', '12/10(水)': '-', '12/11(木)': '-', '12/12(金)': '-', '12/13(土)': '-', '12/14(日)': '-', '12/15(月)': '-'}"
GOLD again 安城店,https://www.cityheaven.net/aichi/A2305/A230504/gold_again_a/girlid-51943206/?lo=1,https://img.cityheaven.net/img/girls/t/gold_again_a/grpb0051943206_0000000000pc.jpg?cache02=1762921735,"{'11/16(日)': '次回11／26出勤です♪', '11/17(月)': '次回11／26出勤です♪', '11/18(火)': '次回11／26出勤です♪', '11/19(水)': '次回11／26出勤です♪事前予約受付中！！', '11/20(木)': '次回11／26出勤です♪事前予約受付中！！', '11/21(金)': '次回11／26出勤です♪事前予約受付中！！', '11/22(土)': '次回11／26出勤です♪事前予約受付中！！', '11/23(日)': '次回11／26出勤です♪事前予約受付中！！', '11/24(月)': '次回11／26出勤です♪事前予約受付中！！', '11/25(火)': '明日出勤です♪事前予約受付中！！', '11/26(水)': '16:00 - 5:00', '11/27(木)': '16:00 - 5:00', '11/28(金)': '16:00 - 5:00', '11/29(土)': '16:00 - 5:00', '11/30(日)': '16:00 - 5:00', '12/1(月)': '16:00 - 5:00', '12/2(火)': '16:00 - 5:00', '12/3(水)': '-', '12/4(木)': '-', '12/5(金)': '-', '12/6(土)': '-', '12/7(日)': '-', '12/8(月)': '-', '12/9(火)': '-', '12/10(水)': '-', '12/11(木)': '-', '12/12(金)': '-', '12/13(土)': '-', '12/14(日)': '-', '12/15(月)': '-'}"
aQua,https://www.cityheaven.net/gifu/A2101/A210101/aqua/girlid-59921311/?lo=1,https://img.cityheaven.net/img/girls/t/aqua/grpb0059921311_0000000000pc.JPG?cache02=1759985712,"{'11/16(日)': '10:00 - 23:00', '11/17(月)': '10:00 - 19:00', '11/18(火)': '12:00 - 23:00', '11/19(水)': '12:00 - 19:00', '11/20(木)': '12:00 - 23:00', '11/21(金)': '12:00 - 23:00', '11/22(土)': '10:00 - 23:00', '11/23(日)': '10:00 - 23:00', '11/24(月)': '12:00 - 23:00', '11/25(火)': '12:00 - 23:00', '11/26(水)': '-', '11/27(木)': '12:00 - 23:00', '11/28(金)': '12:00 - 23:00', '11/29(土)': '10:00 - 23:00', '11/30(日)': '10:00 - 23:00', '12/1(月)': '-', '12/2(火)': '-', '12/3(水)': '-', '12/4(木)': '-', '12/5(金)': '-', '12/6(土)': '-', '12/7(日)': '-', '12/8(月)': '-', '12/9(火)': '-', '12/10(水)': '-', '12/11(木)': '-', '12/12(金)': '-', '12/13(土)': '-', '12/14(日)': '-', '12/15(月)': '-'}"
aQua,https://www.cityheaven.net/gifu/A2101/A210101/aqua/girlid-51533030/?lo=1,https://img.cityheaven.net/img/girls/t/aqua/grpb0051533030_0000000000pc.jpeg?cache02=1734066793,"{'11/16(日)': '-', '11/17(月)': '12:00 - 19:00', '11/18(火)': '-', '11/19(水)': '-', '11/20(木)': '-', '11/21(金)': '-', '11/22(土)': '-', '11/23(日)': '-', '11/24(月)': '-', '11/25(火)': '-', '11/26(水)': '-', '11/27(木)': '-', '11/28(金)': '-', '11/29(土)': '-', '11/30(日)': '-', '12/1(月)': '-', '12/2(火)': '-', '12/3(水)': '-', '12/4(木)': '-', '12/5(金)': '-', '12/6(土)': '-', '12/7(日)': '-', '12/8(月)': '-', '12/9(火)': '-', '12/10(水)': '-', '12/11(木)': '-', '12/12(金)': '-', '12/13(土)': '-', '12/14(日)': '-', '12/15(月)': '-'}"
aQua,https://www.cityheaven.net/gifu/A2101/A210101/aqua/girlid-61504415/?lo=1,https://img.cityheaven.net/img/girls/t/aqua/grpb0061504415_0000000000pc.jpeg?cache02=1761106393,"{'11/16(日)': '-', '11/17(月)': '-', '11/18(火)': '-', '11/19(水)': '-', '11/20(木)': '-', '11/21(金)': '-', '11/22(土)': '-', '11/23(日)': '-', '11/24(月)': '-', '11/25(火)': '-', '11/26(水)': '-', '11/27(木)': '-', '11/28(金)': '-', '11/29(土)': '-', '11/30(日)': '-', '12/1(月)': '-', '12/2(火)': '-', '12/3(水)': '-', '12/4(木)': '-', '12/5(金)': '-', '12/6(土)': '-', '12/7(日)': '-', '12/8(月)': '-', '12/9(火)': '-', '12/10(水)': '-', '12/11(木)': '-', '12/12(金)': '-', '12/13(土)': '-', '12/14(日)': '-', '12/15(月)': '-'}"
ラグジュアリー,https://www.cityheaven.net/kanagawa/A1403/A140301/luxury/girlid-52424239/?lo=1,https://img.cityheaven.net/img/girls/y/luxury/grpb0052424239_0000000000pc.jpg?cache02=1758259239,"{'11/16(日)': '休み', '11/17(月)': '8:30 - 15:00', '11/18(火)': '休み', '11/19(水)': '休み', '11/20(木)': '休み', '11/21(金)': '休み', '11/22(土)': '休み', '11/23(日)': '-', '11/24(月)': '-', '11/25(火)': '-', '11/26(水)': '-', '11/27(木)': '-', '11/28(金)': '-', '11/29(土)': '-', '11/30(日)': '-', '12/1(月)': '-', '12/2(火)': '-', '12/3(水)': '-', '12/4(木)': '-', '12/5(金)': '-', '12/6(土)': '-', '12/7(日)': '-', '12/8(月)': '-', '12/9(火)': '-', '12/10(水)': '-', '12/11(木)': '-', '12/12(金)': '-', '12/13(土)': '-', '12/14(日)': '-', '12/15(月)': '-'}"
不二子chan岐阜店,https://www.cityheaven.net/gifu/A2101/A210102/fujiko-gifu/girlid-41035848/?lo=1,https://img.cityheaven.net/img/girls/t/fujiko-gifu/grpb0041035848_0000000000pc.jpg?cache02=1758473450,"{'11/16(日)': '-', '11/17(月)': '-', '11/18(火)': '-', '11/19(水)': '-', '11/20(木)': '-', '11/21(金)': '-', '11/22(土)': '-', '11/23(日)': '-', '11/24(月)': '-', '11/25(火)': '-', '11/26(水)': '-', '11/27(木)': '-', '11/28(金)': '-', '11/29(土)': '-', '11/30(日)': '-', '12/1(月)': '-', '12/2(火)': '-', '12/3(水)': '-', '12/4(木)': '-', '12/5(金)': '-', '12/6(土)': '-', '12/7(日)': '-', '12/8(月)': '-', '12/9(火)': '-', '12/10(水)': '-', '12/11(木)': '-', '12/12(金)': '-', '12/13(土)': '-', '12/14(日)': '-', '12/15(月)': '-'}"
クラブバレンタイン大阪,https://www.cityheaven.net/osaka/A2701/A270101/valentine_osaka/girlid-53251922/?lo=1,https://img.cityheaven.net/img/girls/k/valentine_osaka/grpb0053251922_0000000000pc.jpg?cache02=1751890213,"{'11/16(日)': '-', '11/17(月)': '-', '11/18(火)': '-', '11/19(水)': '-', '11/20(木)': '-', '11/21(金)': '-', '11/22(土)': '-', '11/23(日)': '-', '11/24(月)': '-', '11/25(火)': '-', '11/26(水)': '-', '11/27(木)': '-', '11/28(金)': '-', '11/29(土)': '-', '11/30(日)': '-', '12/1(月)': '-', '12/2(火)': '-', '12/3(水)': '-', '12/4(木)': '-', '12/5(金)': '-', '12/6(土)': '-', '12/7(日)': '-', '12/8(月)': '-', '12/9(火)': '-', '12/10(水)': '-', '12/11(木)': '-', '12/12(金)': '-', '12/13(土)': '-', '12/14(日)': '-', '12/15(月)': '-'}"
ROYALCLUB姫,https://www.cityheaven.net/gifu/A2101/A210101/hime/girlid-32189084/?lo=1,https://img.cityheaven.net/img/girls/t/hime/grpb0032189084_0000000000pc.jpg?cache02=1760843528,"{'11/16(日)': '11:00 - 20:00', '11/17(月)': '11:00 - 16:00', '11/18(火)': '-', '11/19(水)': '-', '11/20(木)': '-', '11/21(金)': '-', '11/22(土)': '-', '11/23(日)': '11:00 - 20:00', '11/24(月)': '11:00 - 20:00', '11/25(火)': '11:00 - 16:00', '11/26(水)': '11:00 - 20:00', '11/27(木)': '-', '11/28(金)': '11:00 - 20:00', '11/29(土)': '-', '11/30(日)': '11:00 - 20:00', '12/1(月)': '-', '12/2(火)': '-', '12/3(水)': '-', '12/4(木)': '-', '12/5(金)': '-', '12/6(土)': '-', '12/7(日)': '-', '12/8(月)': '-', '12/9(火)': '-', '12/10(水)': '-', '12/11(木)': '-', '12/12(金)': '-', '12/13(土)': '-', '12/14(日)': '-', '12/15(月)': '-'}"
ROYALCLUB姫,https://www.cityheaven.net/gifu/A2101/A210101/hime/girlid-29694933/?lo=1,https://img.cityheaven.net/img/girls/t/hime/grpb0029694933_0000000000pc.jpg?cache02=1763238308,"{'11/16(日)': '11:00 - 20:00', '11/17(月)': '-', '11/18(火)': '-', '11/19(水)': '11:00 - 20:00', '11/20(木)': '-', '11/21(金)': '11:00 - 20:00', '11/22(土)': '11:00 - 20:00', '11/23(日)': '11:00 - 20:00', '11/24(月)': '11:00 - 16:00', '11/25(火)': '-', '11/26(水)': '11:00 - 20:00', '11/27(木)': '-', '11/28(金)': '11:00 - 20:00', '11/29(土)': '11:00 - 20:00', '11/30(日)': '11:00 - 20:00', '12/1(月)': '-', '12/2(火)': '-', '12/3(水)': '-', '12/4(木)': '-', '12/5(金)': '-', '12/6(土)': '-', '12/7(日)': '-', '12/8(月)': '-', '12/9(火)': '-', '12/10(水)': '-', '12/11(木)': '-', '12/12(金)': '-', '12/13(土)': '-', '12/14(日)': '-', '12/15(月)': '-'}"
ヴィーナス,https://www.cityheaven.net/gifu/A2101/A210101/venus/girlid-55283498/?lo=1,https://img.cityheaven.net/img/girls/t/venus/grpb0055283498_0000000000pc.jpg?cache02=1729474023,"{'11/16(日)': '11:00 - 20:00', '11/17(月)': '-', '11/18(火)': '-', '11/19(水)': '11:00 - 20:00', '11/20(木)': '-', '11/21(金)': '11:00 - 20:00', '11/22(土)': '11:00 - 20:00', '11/23(日)': '-', '11/24(月)': '-', '11/25(火)': '-', '11/26(水)': '-', '11/27(木)': '11:00 - 20:00', '11/28(金)': '11:00 - 20:00', '11/29(土)': '11:00 - 20:00', '11/30(日)': '11:00 - 20:00', '12/1(月)': '-', '12/2(火)': '-', '12/3(水)': '-', '12/4(木)': '-', '12/5(金)': '-', '12/6(土)': '-', '12/7(日)': '-', '12/8(月)': '-', '12/9(火)': '-', '12/10(水)': '-', '12/11(木)': '-', '12/12(金)': '-', '12/13(土)': '-', '12/14(日)': '-', '12/15(月)': '-'}"
レジーナ,https://www.cityheaven.net/gifu/A2101/A210101/s-romane/girlid-60747371/?lo=1,https://img.cityheaven.net/img/girls/t/s-romane/grpb0060747371_0000000000pc.jpg?cache02=1762926032,"{'11/16(日)': '-', '11/17(月)': '-', '11/18(火)': '-', '11/19(水)': '-', '11/20(木)': '-', '11/21(金)': '11:00 - 20:30', '11/22(土)': '-', '11/23(日)': '11:00 - 21:00', '11/24(月)': '-', '11/25(火)': '-', '11/26(水)': '11:00 - 20:30', '11/27(木)': '-', '11/28(金)': '-', '11/29(土)': '11:00 - 20:30', '11/30(日)': '-', '12/1(月)': '-', '12/2(火)': '-', '12/3(水)': '-', '12/4(木)': '-', '12/5(金)': '-', '12/6(土)': '-', '12/7(日)': '-', '12/8(月)': '-', '12/9(火)': '-', '12/10(水)': '-', '12/11(木)': '-', '12/12(金)': '-', '12/13(土)': '-', '12/14(日)': '-', '12/15(月)': '-'}"
アイドルラボ,https://www.cityheaven.net/gifu/A2101/A210101/idol_lab/girlid-61265665/?lo=1,https://img.cityheaven.net/img/girls/t/idol_lab/grpb0061265665_0000000000pc.jpg?cache02=1760503597,"{'11/16(日)': '次回11/17(月)出勤予定♡', '11/17(月)': '11:00 - 23:59', '11/18(火)': '11:00 - 23:59', '11/19(水)': '11:00 - 19:00', '11/20(木)': '次回11/25(火)出勤予定♡', '11/21(金)': '次回11/25(火)出勤予定♡', '11/22(土)': '次回11/25(火)出勤予定♡', '11/23(日)': '次回11/25(火)出勤予定♡', '11/24(月)': '次回11/25(火)出勤予定♡', '11/25(火)': '11:00 - 23:59', '11/26(水)': '11:00 - 23:59', '11/27(木)': '11:00 - 23:59', '11/28(金)': '11:00 - 23:59', '11/29(土)': '11:00 - 23:59', '11/30(日)': '-', '12/1(月)': '-', '12/2(火)': '-', '12/3(水)': '-', '12/4(木)': '-', '12/5(金)': '-', '12/6(土)': '-', '12/7(日)': '-', '12/8(月)': '-', '12/9(火)': '-', '12/10(水)': '-', '12/11(木)': '-', '12/12(金)': '-', '12/13(土)': '-', '12/14(日)': '-', '12/15(月)': '-'}"
LOVE MISSILE,https://www.cityheaven.net/gifu/A2101/A210101/lovemissile/girlid-42513856/?lo=1,https://img.cityheaven.net/img/girls/t/lovemissile/grpb0042513856_0000000000pc.jpg?cache02=1760094213,"{'11/16(日)': '-', '11/17(月)': '-', '11/18(火)': '-', '11/19(水)': '-', '11/20(木)': '-', '11/21(金)': '-', '11/22(土)': '-', '11/23(日)': '-', '11/24(月)': '-', '11/25(火)': '-', '11/26(水)': '-', '11/27(木)': '-', '11/28(金)': '-', '11/29(土)': '-', '11/30(日)': '-', '12/1(月)': '-', '12/2(火)': '-', '12/3(水)': '-', '12/4(木)': '-', '12/5(金)': '-', '12/6(土)': '-', '12/7(日)': '-', '12/8(月)': '-', '12/9(火)': '-', '12/10(水)': '-', '12/11(木)': '-', '12/12(金)': '-', '12/13(土)': '-', '12/14(日)': '-', '12/15(月)': '-'}"
シャブール　名古屋店,https://www.cityheaven.net/aichi/A2301/A230104/shaboole/girlid-51439444/?lo=1,https://img.cityheaven.net/img/girls/t/shaboole/grpb0051439444_0000000000pc.jpg?cache02=1763054235,"{'11/16(日)': '-', '11/17(月)': '-', '11/18(火)': '-', '11/19(水)': '-', '11/20(木)': '-', '11/21(金)': '-', '11/22(土)': '-', '11/23(日)': '-', '11/24(月)': '-', '11/25(火)': '-', '11/26(水)': '-', '11/27(木)': '-', '11/28(金)': '-', '11/29(土)': '-', '11/30(日)': '-', '12/1(月)': '-', '12/2(火)': '-', '12/3(水)': '-', '12/4(木)': '-', '12/5(金)': '-', '12/6(土)': '-', '12/7(日)': '-', '12/8(月)': '-', '12/9(火)': '-', '12/10(水)': '-', '12/11(木)': '-', '12/12(金)': '-', '12/13(土)': '-', '12/14(日)': '-', '12/15(月)': '-'}"
ギャルズパラダイス安城本店,https://www.cityheaven.net/aichi/A2305/A230504/gals_paradise/girlid-54793954/?lo=1,https://img.cityheaven.net/img/girls/t/gals_paradise/grpb0054793954_0000000000pc.jpg?cache02=1760722750,"{'11/16(日)': '-', '11/17(月)': '-', '11/18(火)': '-', '11/19(水)': '-', '11/20(木)': '-', '11/21(金)': '-', '11/22(土)': '-', '11/23(日)': '-', '11/24(月)': '-', '11/25(火)': '-', '11/26(水)': '-', '11/27(木)': '-', '11/28(金)': '-', '11/29(土)': '-', '11/30(日)': '-', '12/1(月)': '-', '12/2(火)': '-', '12/3(水)': '-', '12/4(木)': '-', '12/5(金)': '-', '12/6(土)': '-', '12/7(日)': '-', '12/8(月)': '-', '12/9(火)': '-', '12/10(水)': '-', '12/11(木)': '-', '12/12(金)': '-', '12/13(土)': '-', '12/14(日)': '-', '12/15(月)': '-'}"
ギャルズパラダイス安城本店,https://www.cityheaven.net/aichi/A2305/A230504/gals_paradise/girlid-51731503/?lo=1,https://img.cityheaven.net/img/girls/t/gals_paradise/grpb0051731503_0000000000pc.jpg?cache02=1762485131,"{'11/16(日)': '-', '11/17(月)': '-', '11/18(火)': '-', '11/19(水)': '-', '11/20(木)': '-', '11/21(金)': '-', '11/22(土)': '-', '11/23(日)': '-', '11/24(月)': '-', '11/25(火)': '-', '11/26(水)': '-', '11/27(木)': '-', '11/28(金)': '-', '11/29(土)': '-', '11/30(日)': '-', '12/1(月)': '-', '12/2(火)': '-', '12/3(水)': '-', '12/4(木)': '-', '12/5(金)': '-', '12/6(土)': '-', '12/7(日)': '-', '12/8(月)': '-', '12/9(火)': '-', '12/10(水)': '-', '12/11(木)': '-', '12/12(金)': '-', '12/13(土)': '-', '12/14(日)': '-', '12/15(月)': '-'}"
ギャルズパラダイス安城本店,https://www.cityheaven.net/aichi/A2305/A230504/gals_paradise/girlid-49410986/?lo=1,https://img.cityheaven.net/img/girls/t/gals_paradise/grpb0049410986_0000000000pc.jpg?cache02=1762230660,"{'11/16(日)': '-', '11/17(月)': '-', '11/18(火)': '-', '11/19(水)': '-', '11/20(木)': '-', '11/21(金)': '-', '11/22(土)': '-', '11/23(日)': '-', '11/24(月)': '-', '11/25(火)': '-', '11/26(水)': '-', '11/27(木)': '-', '11/28(金)': '-', '11/29(土)': '-', '11/30(日)': '-', '12/1(月)': '-', '12/2(火)': '-', '12/3(水)': '-', '12/4(木)': '-', '12/5(金)': '-', '12/6(土)': '-', '12/7(日)': '-', '12/8(月)': '-', '12/9(火)': '-', '12/10(水)': '-', '12/11(木)': '-', '12/12(金)': '-', '12/13(土)': '-', '12/14(日)': '-', '12/15(月)': '-'}"
Color,https://www.cityheaven.net/aichi/A2305/A230504/color/girlid-54344206/?lo=1,https://img.cityheaven.net/img/girls/t/color/grpb0054344206_0000000000pc.jpg?cache02=1761919190,"{'11/16(日)': '次回11/18(火)12時出勤★事前予約受付中♪', '11/17(月)': '次回11/18(火)12時出勤★事前予約受付中♪', '11/18(火)': '12:00 - 1:00', '11/19(水)': '18:00 - 3:00', '11/20(木)': '-', '11/21(金)': '-', '11/22(土)': '-', '11/23(日)': '-', '11/24(月)': '-', '11/25(火)': '-', '11/26(水)': '-', '11/27(木)': '-', '11/28(金)': '-', '11/29(土)': '-', '11/30(日)': '-', '12/1(月)': '-', '12/2(火)': '-', '12/3(水)': '-', '12/4(木)': '-', '12/5(金)': '-', '12/6(土)': '-', '12/7(日)': '-', '12/8(月)': '-', '12/9(火)': '-', '12/10(水)': '-', '12/11(木)': '-', '12/12(金)': '-', '12/13(土)': '-', '12/14(日)': '-', '12/15(月)': '-'}"
Color,https://www.cityheaven.net/aichi/A2305/A230504/color/girlid-35310599/?lo=1,https://img.cityheaven.net/img/girls/t/color/grpb0035310599_0000000000pc.jpg?cache02=1756645651,"{'11/16(日)': '次回11/17(月)17時出勤★事前予約受付中♪', '11/17(月)': '17:00 - 1:00', '11/18(火)': '18:00 - 1:00', '11/19(水)': '18:00 - 1:00', '11/20(木)': '次回11/28(金)18時出勤★事前予約受付中♪', '11/21(金)': '次回11/28(金)18時出勤★事前予約受付中♪', '11/22(土)': '次回11/28(金)18時出勤★事前予約受付中♪', '11/23(日)': '次回11/28(金)18時出勤★事前予約受付中♪', '11/24(月)': '次回11/28(金)18時出勤★事前予約受付中♪', '11/25(火)': '次回11/28(金)18時出勤★事前予約受付中♪', '11/26(水)': '次回11/28(金)18時出勤★事前予約受付中♪', '11/27(木)': '次回11/28(金)18時出勤★事前予約受付中♪', '11/28(金)': '18:00 - 2:00', '11/29(土)': '17:00 - 1:00', '11/30(日)': '-', '12/1(月)': '-', '12/2(火)': '-', '12/3(水)': '-', '12/4(木)': '-', '12/5(金)': '-', '12/6(土)': '-', '12/7(日)': '-', '12/8(月)': '-', '12/9(火)': '-', '12/10(水)': '-', '12/11(木)': '-', '12/12(金)': '-', '12/13(土)': '-', '12/14(日)': '-', '12/15(月)': '-'}"
Color,https://www.cityheaven.net/aichi/A2305/A230504/color/girlid-51547841/?lo=1,https://img.cityheaven.net/img/girls/t/color/grpb0051547841_0000000000pc.jpg?cache02=1759422159,"{'11/16(日)': '18:00 - 1:00', '11/17(月)': '-', '11/18(火)': '-', '11/19(水)': '-', '11/20(木)': '-', '11/21(金)': '-', '11/22(土)': '-', '11/23(日)': '-', '11/24(月)': '-', '11/25(火)': '-', '11/26(水)': '-', '11/27(木)': '-', '11/28(金)': '-', '11/29(土)': '-', '11/30(日)': '-', '12/1(月)': '-', '12/2(火)': '-', '12/3(水)': '-', '12/4(木)': '-', '12/5(金)': '-', '12/6(土)': '-', '12/7(日)': '-', '12/8(月)': '-', '12/9(火)': '-', '12/10(水)': '-', '12/11(木)': '-', '12/12(金)': '-', '12/13(土)': '-', '12/14(日)': '-', '12/15(月)': '-'}"
Color,https://www.cityheaven.net/aichi/A2305/A230504/color/girlid-34492013/?lo=1,https://img.cityheaven.net/img/girls/t/color/grpb0034492013_0000000000pc.jpg?cache02=1749265716,"{'11/16(日)': '-', '11/17(月)': '-', '11/18(火)': '-', '11/19(水)': '-', '11/20(木)': '-', '11/21(金)': '-', '11/22(土)': '-', '11/23(日)': '-', '11/24(月)': '-', '11/25(火)': '-', '11/26(水)': '-', '11/27(木)': '-', '11/28(金)': '-', '11/29(土)': '-', '11/30(日)': '-', '12/1(月)': '-', '12/2(火)': '-', '12/3(水)': '-', '12/4(木)': '-', '12/5(金)': '-', '12/6(土)': '-', '12/7(日)': '-', '12/8(月)': '-', '12/9(火)': '-', '12/10(水)': '-', '12/11(木)': '-', '12/12(金)': '-', '12/13(土)': '-', '12/14(日)': '-', '12/15(月)': '-'}"
Color,https://www.cityheaven.net/aichi/A2305/A230504/color/girlid-49458461/?lo=1,https://img.cityheaven.net/img/girls/t/color/grpb0049458461_0000000000pc.jpg?cache02=1762841351,"{'11/16(日)': '-', '11/17(月)': '-', '11/18(火)': '-', '11/19(水)': '-', '11/20(木)': '-', '11/21(金)': '-', '11/22(土)': '-', '11/23(日)': '-', '11/24(月)': '-', '11/25(火)': '-', '11/26(水)': '-', '11/27(木)': '-', '11/28(金)': '-', '11/29(土)': '-', '11/30(日)': '-', '12/1(月)': '-', '12/2(火)': '-', '12/3(水)': '-', '12/4(木)': '-', '12/5(金)': '-', '12/6(土)': '-', '12/7(日)': '-', '12/8(月)': '-', '12/9(火)': '-', '12/10(水)': '-', '12/11(木)': '-', '12/12(金)': '-', '12/13(土)': '-', '12/14(日)': '-', '12/15(月)': '-'}"
Secret Service本店,https://www.cityheaven.net/aichi/A2305/A230504/secret_service/girlid-46211426/?lo=1,https://img.cityheaven.net/img/girls/t/secret_service/grpb0046211426_0000000000pc.jpg?cache02=1756780667,"{'11/16(日)': '-', '11/17(月)': '-', '11/18(火)': '-', '11/19(水)': '-', '11/20(木)': '-', '11/21(金)': '-', '11/22(土)': '-', '11/23(日)': '-', '11/24(月)': '-', '11/25(火)': '-', '11/26(水)': '-', '11/27(木)': '-', '11/28(金)': '-', '11/29(土)': '-', '11/30(日)': '-', '12/1(月)': '-', '12/2(火)': '-', '12/3(水)': '-', '12/4(木)': '-', '12/5(金)': '-', '12/6(土)': '-', '12/7(日)': '-', '12/8(月)': '-', '12/9(火)': '-', '12/10(水)': '-', '12/11(木)': '-', '12/12(金)': '-', '12/13(土)': '-', '12/14(日)': '-', '12/15(月)': '-'}"
Secret Service本店,https://www.cityheaven.net/aichi/A2305/A230504/secret_service/girlid-45881066/?lo=1,https://img.cityheaven.net/img/girls/t/secret_service/grpb0045881066_0000000000pc.jpg?cache02=1763025982,"{'11/16(日)': '16:00 - 3:00', '11/17(月)': '11/25㈫18時出勤！予約受付中☆', '11/18(火)': '11/25㈫18時出勤！予約受付中☆', '11/19(水)': '11/25㈫18時出勤！予約受付中☆', '11/20(木)': '11/25㈫18時出勤！予約受付中☆', '11/21(金)': '11/25㈫18時出勤！予約受付中☆', '11/22(土)': '11/25㈫18時出勤！予約受付中☆', '11/23(日)': '11/25㈫18時出勤！予約受付中☆', '11/24(月)': '明日18時出勤！予約受付中☆', '11/25(火)': '18:00 - 3:00', '11/26(水)': '☆出勤確認中☆', '11/27(木)': '☆出勤確認中☆', '11/28(金)': '☆出勤確認中☆', '11/29(土)': '☆出勤確認中☆', '11/30(日)': '☆出勤確認中☆', '12/1(月)': '-', '12/2(火)': '-', '12/3(水)': '-', '12/4(木)': '-', '12/5(金)': '-', '12/6(土)': '-', '12/7(日)': '-', '12/8(月)': '-', '12/9(火)': '-', '12/10(水)': '-', '12/11(木)': '-', '12/12(金)': '-', '12/13(土)': '-', '12/14(日)': '-', '12/15(月)': '-'}"
Secret Service本店,https://www.cityheaven.net/aichi/A2305/A230504/secret_service/girlid-35166947/?lo=1,https://img.cityheaven.net/img/girls/t/secret_service/grpb0035166947_0000000000pc.jpg?cache02=1749837504,"{'11/16(日)': '☆出勤確認中☆', '11/17(月)': '☆出勤確認中☆', '11/18(火)': '☆出勤確認中☆', '11/19(水)': '☆出勤確認中☆', '11/20(木)': '☆出勤確認中☆', '11/21(金)': '☆出勤確認中☆', '11/22(土)': '☆出勤確認中☆', '11/23(日)': '☆出勤確認中☆', '11/24(月)': '☆出勤確認中☆', '11/25(火)': '☆出勤確認中☆', '11/26(水)': '☆出勤確認中☆', '11/27(木)': '☆出勤確認中☆', '11/28(金)': '☆出勤確認中☆', '11/29(土)': '☆出勤確認中☆', '11/30(日)': '☆出勤確認中☆', '12/1(月)': '-', '12/2(火)': '-', '12/3(水)': '-', '12/4(木)': '-', '12/5(金)': '-', '12/6(土)': '-', '12/7(日)': '-', '12/8(月)': '-', '12/9(火)': '-', '12/10(水)': '-', '12/11(木)': '-', '12/12(金)': '-', '12/13(土)': '-', '12/14(日)': '-', '12/15(月)': '-'}"
静岡FINAL STAGE～選ばれし者の最後のステージ～,https://www.cityheaven.net/shizuoka/A2201/A220101/final_stage/girlid-43816275/?lo=1,https://img.cityheaven.net/img/girls/so/final_stage/grpb0043816275_0000000000pc.jpg?cache02=1763133290,"{'11/16(日)': '11/18出勤！ご予約受付中☆', '11/17(月)': '11/18出勤！ご予約受付中☆', '11/18(火)': '10:00 - 3:00', '11/19(水)': '10:00 - 3:00', '11/20(木)': '10:00 - 3:00', '11/21(金)': '10:00 - 3:00', '11/22(土)': '10:00 - 3:00', '11/23(日)': '10:00 - 3:00', '11/24(月)': '10:00 - 3:00', '11/25(火)': '-', '11/26(水)': '-', '11/27(木)': '-', '11/28(金)': '-', '11/29(土)': '-', '11/30(日)': '-', '12/1(月)': '-', '12/2(火)': '-', '12/3(水)': '-', '12/4(木)': '-', '12/5(金)': '-', '12/6(土)': '-', '12/7(日)': '-', '12/8(月)': '-', '12/9(火)': '-', '12/10(水)': '-', '12/11(木)': '-', '12/12(金)': '-', '12/13(土)': '-', '12/14(日)': '-', '12/15(月)': '-'}"
KA-NAAAZ 岐阜本店,https://www.cityheaven.net/gifu/A2101/A210101/yakata/girlid-51364491/?lo=1,https://img.cityheaven.net/img/girls/t/yakata/grpb0051364491_0000000000pc.jpg?cache02=1743047464,"{'11/16(日)': '10:00 - 22:00', '11/17(月)': '10:30 - 22:00', '11/18(火)': '10:30 - 22:00', '11/19(水)': '10:30 - 22:00', '11/20(木)': '10:30 - 22:00', '11/21(金)': '10:30 - 22:00', '11/22(土)': '-', '11/23(日)': '-', '11/24(月)': '-', '11/25(火)': '-', '11/26(水)': '-', '11/27(木)': '-', '11/28(金)': '-', '11/29(土)': '-', '11/30(日)': '-', '12/1(月)': '-', '12/2(火)': '-', '12/3(水)': '-', '12/4(木)': '-', '12/5(金)': '-', '12/6(土)': '-', '12/7(日)': '-', '12/8(月)': '-', '12/9(火)': '-', '12/10(水)': '-', '12/11(木)': '-', '12/12(金)': '-', '12/13(土)': '-', '12/14(日)': '-', '12/15(月)': '-'}"
ジュリエット,https://www.cityheaven.net/gifu/A2101/A210101/juliet/girlid-37754672/?lo=1,https://img.cityheaven.net/img/girls/t/juliet/grpb0037754672_0000000000pc.jpg?cache02=1760955332,"{'11/16(日)': '11:00 - 20:30', '11/17(月)': '-', '11/18(火)': '11:00 - 16:00', '11/19(水)': '-', '11/20(木)': '-', '11/21(金)': '-', '11/22(土)': '-', '11/23(日)': '-', '11/24(月)': '-', '11/25(火)': '-', '11/26(水)': '11:00 - 18:00', '11/27(木)': '11:00 - 18:00', '11/28(金)': '-', '11/29(土)': '11:00 - 20:30', '11/30(日)': '11:00 - 20:30', '12/1(月)': '-', '12/2(火)': '-', '12/3(水)': '-', '12/4(木)': '-', '12/5(金)': '-', '12/6(土)': '-', '12/7(日)': '-', '12/8(月)': '-', '12/9(火)': '-', '12/10(水)': '-', '12/11(木)': '-', '12/12(金)': '-', '12/13(土)': '-', '12/14(日)': '-', '12/15(月)': '-'}"
イビサ&パートナー,https://www.cityheaven.net/gifu/A2101/A210101/n-partner/girlid-42649199/?lo=1,https://img.cityheaven.net/img/girls/t/n-partner/grpb0042649199_0000000000pc.jpeg?cache02=1662026856,"{'11/16(日)': '-', '11/17(月)': '12:00 - 23:00', '11/18(火)': '12:00 - 23:00', '11/19(水)': '-', '11/20(木)': '12:00 - 23:00', '11/21(金)': '12:00 - 23:00', '11/22(土)': '12:00 - 23:00', '11/23(日)': '-', '11/24(月)': '12:00 - 23:00', '11/25(火)': '12:00 - 23:00', '11/26(水)': '-', '11/27(木)': '12:00 - 23:00', '11/28(金)': '12:00 - 23:00', '11/29(土)': '12:00 - 23:00', '11/30(日)': '-', '12/1(月)': '-', '12/2(火)': '-', '12/3(水)': '-', '12/4(木)': '-', '12/5(金)': '-', '12/6(土)': '-', '12/7(日)': '-', '12/8(月)': '-', '12/9(火)': '-', '12/10(水)': '-', '12/11(木)': '-', '12/12(金)': '-', '12/13(土)': '-', '12/14(日)': '-', '12/15(月)': '-'}"
ジュリエット,https://www.cityheaven.net/gifu/A2101/A210101/juliet/girlid-58575520/?lo=1,https://img.cityheaven.net/img/girls/t/juliet/grpb0058575520_0000000000pc.jpg?cache02=1757506356,"{'11/16(日)': '-', '11/17(月)': '-', '11/18(火)': '-', '11/19(水)': '11:00 - 20:30', '11/20(木)': '-', '11/21(金)': '-', '11/22(土)': '11:00 - 20:30', '11/23(日)': '13:30 - 20:30', '11/24(月)': '-', '11/25(火)': '-', '11/26(水)': '11:00 - 20:30', '11/27(木)': '-', '11/28(金)': '-', '11/29(土)': '11:00 - 20:30', '11/30(日)': '13:30 - 20:30', '12/1(月)': '-', '12/2(火)': '-', '12/3(水)': '11:00 - 20:30', '12/4(木)': '-', '12/5(金)': '-', '12/6(土)': '11:00 - 20:30', '12/7(日)': '13:30 - 20:30', '12/8(月)': '-', '12/9(火)': '-', '12/10(水)': '11:00 - 20:30', '12/11(木)': '-', '12/12(金)': '-', '12/13(土)': '11:00 - 21:00', '12/14(日)': '13:30 - 20:30', '12/15(月)': '-'}"
aQua,https://www.cityheaven.net/gifu/A2101/A210101/aqua/girlid-51014532/?lo=1,https://img.cityheaven.net/img/girls/t/aqua/grpb0051014532_0000000000pc.JPG?cache02=1760002789,"{'11/16(日)': '-', '11/17(月)': '-', '11/18(火)': '21:30 - 23:00', '11/19(水)': '-', '11/20(木)': '-', '11/21(金)': '-', '11/22(土)': '-', '11/23(日)': '-', '11/24(月)': '-', '11/25(火)': '-', '11/26(水)': '14:00 - 21:00', '11/27(木)': '14:00 - 21:00', '11/28(金)': '-', '11/29(土)': '-', '11/30(日)': '-', '12/1(月)': '-', '12/2(火)': '-', '12/3(水)': '-', '12/4(木)': '-', '12/5(金)': '-', '12/6(土)': '-', '12/7(日)': '-', '12/8(月)': '-', '12/9(火)': '14:00 - 18:00', '12/10(水)': '14:00 - 18:00', '12/11(木)': '-', '12/12(金)': '-', '12/13(土)': '-', '12/14(日)': '-', '12/15(月)': '-'}"
ViVi,https://www.cityheaven.net/gifu/A2101/A210101/vivi_g/girlid-32764202/?lo=1,https://img.cityheaven.net/img/girls/t/vivi_g/grpb0032764202_0000000000pc.jpg?cache02=1753960808,"{'11/16(日)': '-', '11/17(月)': '10:00 - 14:00', '11/18(火)': 'SOLD OUT', '11/19(水)': '-', '11/20(木)': '-', '11/21(金)': '-', '11/22(土)': '-', '11/23(日)': '-', '11/24(月)': '-', '11/25(火)': '-', '11/26(水)': '10:00 - 14:00', '11/27(木)': '-', '11/28(金)': '-', '11/29(土)': '-', '11/30(日)': '-', '12/1(月)': '-', '12/2(火)': '-', '12/3(水)': '-', '12/4(木)': '-', '12/5(金)': '-', '12/6(土)': '-', '12/7(日)': '-', '12/8(月)': '-', '12/9(火)': '-', '12/10(水)': '-', '12/11(木)': '-', '12/12(金)': '-', '12/13(土)': '-', '12/14(日)': '-', '12/15(月)': '-'}"
ムーンライト,https://www.cityheaven.net/gifu/A2101/A210101/moonlight/girlid-58573248/?lo=1,https://img.cityheaven.net/img/girls/t/moonlight/grpb0058573248_0000000000pc.jpg?cache02=1762927752,"{'11/16(日)': '-', '11/17(月)': '-', '11/18(火)': '-', '11/19(水)': '-', '11/20(木)': '-', '11/21(金)': '11:00 - 23:30', '11/22(土)': '11:00 - 23:30', '11/23(日)': '-', '11/24(月)': '-', '11/25(火)': '11:00 - 23:30', '11/26(水)': '11:00 - 23:30', '11/27(木)': '-', '11/28(金)': '11:00 - 23:30', '11/29(土)': '11:00 - 23:30', '11/30(日)': '-', '12/1(月)': '-', '12/2(火)': '-', '12/3(水)': '-', '12/4(木)': '-', '12/5(金)': '-', '12/6(土)': '-', '12/7(日)': '-', '12/8(月)': '-', '12/9(火)': '-', '12/10(水)': '-', '12/11(木)': '-', '12/12(金)': '-', '12/13(土)': '-', '12/14(日)': '-', '12/15(月)': '-'}"
ViVi,https://www.cityheaven.net/gifu/A2101/A210101/vivi_g/girlid-42902925/?lo=1,https://img.cityheaven.net/img/girls/t/vivi_g/grpb0042902925_0000000000pc.jpg?cache02=1759028283,"{'11/16(日)': '-', '11/17(月)': 'SOLD OUT', '11/18(火)': '-', '11/19(水)': '-', '11/20(木)': 'SOLD OUT', '11/21(金)': '-', '11/22(土)': '10:00 - 21:00', '11/23(日)': '10:00 - 21:00', '11/24(月)': '10:00 - 21:00', '11/25(火)': '-', '11/26(水)': '-', '11/27(木)': '-', '11/28(金)': '10:00 - 21:00', '11/29(土)': '10:00 - 21:00', '11/30(日)': '10:00 - 21:00', '12/1(月)': '-', '12/2(火)': '-', '12/3(水)': '-', '12/4(木)': '-', '12/5(金)': '-', '12/6(土)': '-', '12/7(日)': '-', '12/8(月)': '-', '12/9(火)': '-', '12/10(水)': '-', '12/11(木)': '-', '12/12(金)': '-', '12/13(土)': '-', '12/14(日)': '-', '12/15(月)': '-'}"
GG,https://www.cityheaven.net/gifu/A2101/A210101/gold_garden/girlid-53248326/?lo=1,https://img.cityheaven.net/img/girls/t/gold_garden/grpb0053248326_0000000000pc.jpg?cache02=1763258461,"{'11/16(日)': '-', '11/17(月)': '-', '11/18(火)': '-', '11/19(水)': '10:00 - 20:00', '11/20(木)': '10:00 - 20:00', '11/21(金)': '-', '11/22(土)': '10:00 - 21:00', '11/23(日)': '10:00 - 21:00', '11/24(月)': '-', '11/25(火)': '10:00 - 20:00', '11/26(水)': '-', '11/27(木)': '-', '11/28(金)': '10:00 - 20:00', '11/29(土)': '10:00 - 21:00', '11/30(日)': '-', '12/1(月)': '-', '12/2(火)': '-', '12/3(水)': '-', '12/4(木)': '-', '12/5(金)': '-', '12/6(土)': '-', '12/7(日)': '-', '12/8(月)': '-', '12/9(火)': '-', '12/10(水)': '-', '12/11(木)': '-', '12/12(金)': '-', '12/13(土)': '-', '12/14(日)': '-', '12/15(月)': '-'}"
ラブココ名古屋本店,https://www.cityheaven.net/aichi/A2301/A230105/love_coco/girlid-56368008/?lo=1,https://img.cityheaven.net/img/girls/t/love_coco/grpb0056368008_0000000000pc.jpg?cache02=1762530310,"{'11/16(日)': '14:00 - 22:00', '11/17(月)': '-', '11/18(火)': '-', '11/19(水)': '-', '11/20(木)': '-', '11/21(金)': '-', '11/22(土)': '-', '11/23(日)': '-', '11/24(月)': '-', '11/25(火)': '-', '11/26(水)': '-', '11/27(木)': '-', '11/28(金)': '-', '11/29(土)': '-', '11/30(日)': '-', '12/1(月)': '-', '12/2(火)': '-', '12/3(水)': '-', '12/4(木)': '-', '12/5(金)': '-', '12/6(土)': '-', '12/7(日)': '-', '12/8(月)': '-', '12/9(火)': '-', '12/10(水)': '-', '12/11(木)': '-', '12/12(金)': '-', '12/13(土)': '-', '12/14(日)': '-', '12/15(月)': '-'}"
ジュリエット,https://www.cityheaven.net/gifu/A2101/A210101/juliet/girlid-56598064/?lo=1,https://img.cityheaven.net/img/girls/t/juliet/grpb0056598064_0000000000pc.jpg?cache02=1738309113,"{'11/16(日)': '10:00 - 12:00', '11/17(月)': '-', '11/18(火)': '-', '11/19(水)': '-', '11/20(木)': '-', '11/21(金)': '-', '11/22(土)': '13:00 - 17:30', '11/23(日)': '-', '11/24(月)': '10:00 - 17:00', '11/25(火)': '-', '11/26(水)': '-', '11/27(木)': '-', '11/28(金)': '-', '11/29(土)': '13:00 - 17:30', '11/30(日)': '-', '12/1(月)': '-', '12/2(火)': '-', '12/3(水)': '-', '12/4(木)': '-', '12/5(金)': '-', '12/6(土)': '-', '12/7(日)': '-', '12/8(月)': '-', '12/9(火)': '-', '12/10(水)': '-', '12/11(木)': '-', '12/12(金)': '-', '12/13(土)': '-', '12/14(日)': '-', '12/15(月)': '-'}"
GG,https://www.cityheaven.net/gifu/A2101/A210101/gold_garden/girlid-57050617/?lo=1,https://img.cityheaven.net/img/girls/t/gold_garden/grpb0057050617_0000000000pc.jpg?cache02=1739693963,"{'11/16(日)': '-', '11/17(月)': '-', '11/18(火)': '-', '11/19(水)': '-', '11/20(木)': '-', '11/21(金)': '-', '11/22(土)': '-', '11/23(日)': '10:00 - 23:00', '11/24(月)': '10:00 - 23:00', '11/25(火)': '-', '11/26(水)': '-', '11/27(木)': '-', '11/28(金)': '-', '11/29(土)': '-', '11/30(日)': '-', '12/1(月)': '-', '12/2(火)': '-', '12/3(水)': '-', '12/4(木)': '-', '12/5(金)': '-', '12/6(土)': '-', '12/7(日)': '-', '12/8(月)': '-', '12/9(火)': '-', '12/10(水)': '-', '12/11(木)': '-', '12/12(金)': '-', '12/13(土)': '-', '12/14(日)': '-', '12/15(月)': '-'}"
スチュアーデス,https://www.cityheaven.net/gifu/A2101/A210101/stewardess/girlid-54425064/?lo=1,https://img.cityheaven.net/img/girls/t/stewardess/grpb0054425064_0000000000pc.jpg?cache02=1761091042,"{'11/16(日)': '-', '11/17(月)': '-', '11/18(火)': '-', '11/19(水)': '-', '11/20(木)': '-', '11/21(金)': '-', '11/22(土)': '-', '11/23(日)': '-', '11/24(月)': '-', '11/25(火)': '-', '11/26(水)': '-', '11/27(木)': '-', '11/28(金)': '-', '11/29(土)': '-', '11/30(日)': '-', '12/1(月)': '-', '12/2(火)': '-', '12/3(水)': '-', '12/4(木)': '-', '12/5(金)': '-', '12/6(土)': '-', '12/7(日)': '-', '12/8(月)': '-', '12/9(火)': '-', '12/10(水)': '-', '12/11(木)': '-', '12/12(金)': '-', '12/13(土)': '-', '12/14(日)': '-', '12/15(月)': '-'}"
ニューデリー,https://www.cityheaven.net/aichi/A2301/A230103/newdeli/girlid-54236854/?lo=1,https://img.cityheaven.net/img/girls/t/newdeli/grpb0054236854_0000000000pc.jpg?cache02=1763128657,"{'11/16(日)': '次回21日14時～出勤\u3000事前予約受付中!!', '11/17(月)': '次回21日14時～出勤\u3000事前予約受付中!!', '11/18(火)': '次回21日14時～出勤\u3000事前予約受付中!!', '11/19(水)': '次回21日14時～出勤\u3000事前予約受付中!!', '11/20(木)': '明日出勤です\u3000事前予約受付中!!', '11/21(金)': '14:00 - 5:00', '11/22(土)': '15:00 - 5:00', '11/23(日)': '15:00 - 0:30', '11/24(月)': '15:00 - 5:00', '11/25(火)': '-', '11/26(水)': '-', '11/27(木)': '-', '11/28(金)': '-', '11/29(土)': '-', '11/30(日)': '-', '12/1(月)': '-', '12/2(火)': '-', '12/3(水)': '-', '12/4(木)': '-', '12/5(金)': '-', '12/6(土)': '-', '12/7(日)': '-', '12/8(月)': '-', '12/9(火)': '-', '12/10(水)': '-', '12/11(木)': '-', '12/12(金)': '-', '12/13(土)': '-', '12/14(日)': '-', '12/15(月)': '-'}"
アラモード,https://www.cityheaven.net/aichi/A2301/A230101/alamode/girlid-51645111/?lo=1,https://img.cityheaven.net/img/girls/t/alamode/grpb0051645111_0000000000pc.jpg?cache02=1762154274,"{'11/16(日)': '-', '11/17(月)': '15:00 - 22:00', '11/18(火)': '-', '11/19(水)': '-', '11/20(木)': '-', '11/21(金)': '-', '11/22(土)': '-', '11/23(日)': '-', '11/24(月)': '-', '11/25(火)': '-', '11/26(水)': '-', '11/27(木)': '-', '11/28(金)': '-', '11/29(土)': '-', '11/30(日)': '-', '12/1(月)': '-', '12/2(火)': '-', '12/3(水)': '-', '12/4(木)': '-', '12/5(金)': '-', '12/6(土)': '-', '12/7(日)': '-', '12/8(月)': '-', '12/9(火)': '-', '12/10(水)': '-', '12/11(木)': '-', '12/12(金)': '-', '12/13(土)': '-', '12/14(日)': '-', '12/15(月)': '-'}"
GG,https://www.cityheaven.net/gifu/A2101/A210101/gold_garden/girlid-56811637/?lo=1,https://img.cityheaven.net/img/girls/t/gold_garden/grpb0056811637_0000000000pc.jpg?cache02=1763009865,"{'11/16(日)': '10:00 - 17:00', '11/17(月)': '18:00 - 23:00', '11/18(火)': '10:00 - 17:00', '11/19(水)': '-', '11/20(木)': '18:00 - 23:00', '11/21(金)': '18:00 - 23:00', '11/22(土)': '10:00 - 17:00', '11/23(日)': '10:00 - 17:00', '11/24(月)': '10:00 - 17:00', '11/25(火)': '-', '11/26(水)': '18:00 - 23:00', '11/27(木)': '-', '11/28(金)': '18:00 - 23:00', '11/29(土)': '10:00 - 17:00', '11/30(日)': '10:00 - 17:00', '12/1(月)': '-', '12/2(火)': '-', '12/3(水)': '-', '12/4(木)': '-', '12/5(金)': '-', '12/6(土)': '-', '12/7(日)': '-', '12/8(月)': '-', '12/9(火)': '-', '12/10(水)': '-', '12/11(木)': '-', '12/12(金)': '-', '12/13(土)': '-', '12/14(日)': '-', '12/15(月)': '-'}"
ジュリエット,https://www.cityheaven.net/gifu/A2101/A210101/juliet/girlid-57031614/?lo=1,https://img.cityheaven.net/img/girls/t/juliet/grpb0057031614_0000000000pc.jpg?cache02=1763215075,"{'11/16(日)': '-', '11/17(月)': '13:30 - 23:00', '11/18(火)': '-', '11/19(水)': '-', '11/20(木)': '-', '11/21(金)': '13:30 - 23:00', '11/22(土)': '-', '11/23(日)': '16:00 - 23:00', '11/24(月)': '-', '11/25(火)': '13:30 - 23:00', '11/26(水)': '13:30 - 23:00', '11/27(木)': '-', '11/28(金)': '13:30 - 23:00', '11/29(土)': '-', '11/30(日)': '16:00 - 23:00', '12/1(月)': '-', '12/2(火)': '-', '12/3(水)': '-', '12/4(木)': '-', '12/5(金)': '-', '12/6(土)': '-', '12/7(日)': '-', '12/8(月)': '-', '12/9(火)': '-', '12/10(水)': '-', '12/11(木)': '-', '12/12(金)': '-', '12/13(土)': '-', '12/14(日)': '-', '12/15(月)': '-'}"
名古屋しろうと革命～愛らぶgroup～,https://www.cityheaven.net/aichi/A2301/A230103/n_shirouto_dx/girlid-48684468/?lo=1,https://img.cityheaven.net/img/girls/t/n_shirouto_dx/grpb0048684468_0000000000pc.jpg?cache02=1763040964,"{'11/16(日)': '-', '11/17(月)': '20:00 - 4:00', '11/18(火)': '19:00 - 4:00', '11/19(水)': '-', '11/20(木)': '19:00 - 4:00', '11/21(金)': '-', '11/22(土)': '19:00 - 4:00', '11/23(日)': '-', '11/24(月)': '-', '11/25(火)': '-', '11/26(水)': '-', '11/27(木)': '-', '11/28(金)': '-', '11/29(土)': '-', '11/30(日)': '-', '12/1(月)': '-', '12/2(火)': '-', '12/3(水)': '-', '12/4(木)': '-', '12/5(金)': '-', '12/6(土)': '-', '12/7(日)': '-', '12/8(月)': '-', '12/9(火)': '-', '12/10(水)': '-', '12/11(木)': '-', '12/12(金)': '-', '12/13(土)': '-', '12/14(日)': '-', '12/15(月)': '-'}"
アラモード,https://www.cityheaven.net/aichi/A2301/A230101/alamode/girlid-52650438/?lo=1,https://img.cityheaven.net/img/girls/t/alamode/grpb0052650438_0000000000pc.jpg?cache02=1762154195,"{'11/16(日)': '-', '11/17(月)': '-', '11/18(火)': '-', '11/19(水)': '-', '11/20(木)': '-', '11/21(金)': '-', '11/22(土)': '-', '11/23(日)': '-', '11/24(月)': '-', '11/25(火)': '-', '11/26(水)': '-', '11/27(木)': '-', '11/28(金)': '-', '11/29(土)': '-', '11/30(日)': '-', '12/1(月)': '-', '12/2(火)': '-', '12/3(水)': '-', '12/4(木)': '-', '12/5(金)': '-', '12/6(土)': '-', '12/7(日)': '-', '12/8(月)': '-', '12/9(火)': '-', '12/10(水)': '-', '12/11(木)': '-', '12/12(金)': '-', '12/13(土)': '-', '12/14(日)': '-', '12/15(月)': '-'}"
GG,https://www.cityheaven.net/gifu/A2101/A210101/gold_garden/girlid-56755297/?lo=1,https://img.cityheaven.net/img/girls/t/gold_garden/grpb0056755297_0000000000pc.jpg?cache02=1749041325,"{'11/16(日)': '-', '11/17(月)': '-', '11/18(火)': '-', '11/19(水)': '-', '11/20(木)': '10:00 - 17:00', '11/21(金)': '10:00 - 17:00', '11/22(土)': '-', '11/23(日)': '-', '11/24(月)': '10:00 - 17:00', '11/25(火)': '10:00 - 17:00', '11/26(水)': '-', '11/27(木)': '10:00 - 17:00', '11/28(金)': '10:00 - 17:00', '11/29(土)': '-', '11/30(日)': '-', '12/1(月)': '-', '12/2(火)': '-', '12/3(水)': '-', '12/4(木)': '10:00 - 17:00', '12/5(金)': '10:00 - 17:00', '12/6(土)': '-', '12/7(日)': '-', '12/8(月)': '-', '12/9(火)': '-', '12/10(水)': '-', '12/11(木)': '-', '12/12(金)': '-', '12/13(土)': '-', '12/14(日)': '-', '12/15(月)': '-'}"
ViVi,https://www.cityheaven.net/gifu/A2101/A210101/vivi_g/girlid-28086198/?lo=1,https://img.cityheaven.net/img/girls/t/vivi_g/grpb0028086198_0000000000pc.jpg?cache02=1763192989,"{'11/16(日)': '-', '11/17(月)': '-', '11/18(火)': '-', '11/19(水)': '10:00 - 21:00', '11/20(木)': '-', '11/21(金)': '10:00 - 21:00', '11/22(土)': '10:00 - 21:00', '11/23(日)': '-', '11/24(月)': '-', '11/25(火)': '-', '11/26(水)': '-', '11/27(木)': '10:00 - 21:00', '11/28(金)': '-', '11/29(土)': '10:00 - 21:00', '11/30(日)': '-', '12/1(月)': '-', '12/2(火)': '-', '12/3(水)': '-', '12/4(木)': '-', '12/5(金)': '-', '12/6(土)': '-', '12/7(日)': '-', '12/8(月)': '-', '12/9(火)': '-', '12/10(水)': '-', '12/11(木)': '-', '12/12(金)': '-', '12/13(土)': '-', '12/14(日)': '-', '12/15(月)': '-'}"
でりどす岡崎,https://www.cityheaven.net/aichi/A2305/A230502/deidos-okazaki/girlid-46338369/?lo=1,https://img.cityheaven.net/img/girls/t/deidos-okazaki/grpb0046338369_0000000000pc.jpg?cache02=1740272892,"{'11/16(日)': '休み', '11/17(月)': '21:00 - 2:00', '11/18(火)': '休み', '11/19(水)': '休み', '11/20(木)': '休み', '11/21(金)': '休み', '11/22(土)': '休み', '11/23(日)': '休み', '11/24(月)': '-', '11/25(火)': '-', '11/26(水)': '-', '11/27(木)': '-', '11/28(金)': '-', '11/29(土)': '-', '11/30(日)': '-', '12/1(月)': '-', '12/2(火)': '-', '12/3(水)': '-', '12/4(木)': '-', '12/5(金)': '-', '12/6(土)': '-', '12/7(日)': '-', '12/8(月)': '-', '12/9(火)': '-', '12/10(水)': '-', '12/11(木)': '-', '12/12(金)': '-', '12/13(土)': '-', '12/14(日)': '-', '12/15(月)': '-'}"
でりどす岡崎,https://www.cityheaven.net/aichi/A2305/A230502/deidos-okazaki/girlid-32594038/?lo=1,https://img.cityheaven.net/img/girls/t/deidos-okazaki/grpb0032594038_0000000000pc.jpg?cache02=1724056851,"{'11/16(日)': '休み', '11/17(月)': '12:00 - 17:00', '11/18(火)': '休み', '11/19(水)': '12:00 - 17:00', '11/20(木)': '休み', '11/21(金)': '12:00 - 17:00', '11/22(土)': '休み', '11/23(日)': '休み', '11/24(月)': '-', '11/25(火)': '-', '11/26(水)': '-', '11/27(木)': '-', '11/28(金)': '-', '11/29(土)': '-', '11/30(日)': '-', '12/1(月)': '-', '12/2(火)': '-', '12/3(水)': '-', '12/4(木)': '-', '12/5(金)': '-', '12/6(土)': '-', '12/7(日)': '-', '12/8(月)': '-', '12/9(火)': '-', '12/10(水)': '-', '12/11(木)': '-', '12/12(金)': '-', '12/13(土)': '-', '12/14(日)': '-', '12/15(月)': '-'}"
でりどす岡崎,https://www.cityheaven.net/aichi/A2305/A230502/deidos-okazaki/girlid-38228220/?lo=1,https://img.cityheaven.net/img/girls/t/deidos-okazaki/grpb0038228220_0000000000pc.jpg?cache02=1724057578,"{'11/16(日)': '休み', '11/17(月)': '-', '11/18(火)': '-', '11/19(水)': '-', '11/20(木)': '-', '11/21(金)': '-', '11/22(土)': '-', '11/23(日)': '-', '11/24(月)': '-', '11/25(火)': '-', '11/26(水)': '-', '11/27(木)': '-', '11/28(金)': '-', '11/29(土)': '-', '11/30(日)': '-', '12/1(月)': '-', '12/2(火)': '-', '12/3(水)': '-', '12/4(木)': '-', '12/5(金)': '-', '12/6(土)': '-', '12/7(日)': '-', '12/8(月)': '-', '12/9(火)': '-', '12/10(水)': '-', '12/11(木)': '-', '12/12(金)': '-', '12/13(土)': '-', '12/14(日)': '-', '12/15(月)': '-'}"
でりどす岡崎,https://www.cityheaven.net/aichi/A2305/A230502/deidos-okazaki/girlid-32889460/?lo=1,https://img.cityheaven.net/img/girls/t/deidos-okazaki/grpb0032889460_0000000000pc.jpg?cache02=1758576678,"{'11/16(日)': '-', '11/17(月)': '-', '11/18(火)': '-', '11/19(水)': '-', '11/20(木)': '-', '11/21(金)': '-', '11/22(土)': '-', '11/23(日)': '-', '11/24(月)': '-', '11/25(火)': '-', '11/26(水)': '-', '11/27(木)': '-', '11/28(金)': '-', '11/29(土)': '-', '11/30(日)': '-', '12/1(月)': '-', '12/2(火)': '-', '12/3(水)': '-', '12/4(木)': '-', '12/5(金)': '-', '12/6(土)': '-', '12/7(日)': '-', '12/8(月)': '-', '12/9(火)': '-', '12/10(水)': '-', '12/11(木)': '-', '12/12(金)': '-', '12/13(土)': '-', '12/14(日)': '-', '12/15(月)': '-'}"
でりどす岡崎,https://www.cityheaven.net/aichi/A2305/A230502/deidos-okazaki/girlid-50455022/?lo=1,https://img.cityheaven.net/img/girls/t/deidos-okazaki/grpb0050455022_0000000000pc.jpg?cache02=1759838671,"{'11/16(日)': '休み', '11/17(月)': '-', '11/18(火)': '-', '11/19(水)': '-', '11/20(木)': '-', '11/21(金)': '-', '11/22(土)': '-', '11/23(日)': '-', '11/24(月)': '-', '11/25(火)': '-', '11/26(水)': '-', '11/27(木)': '-', '11/28(金)': '-', '11/29(土)': '-', '11/30(日)': '-', '12/1(月)': '-', '12/2(火)': '-', '12/3(水)': '-', '12/4(木)': '-', '12/5(金)': '-', '12/6(土)': '-', '12/7(日)': '-', '12/8(月)': '-', '12/9(火)': '-', '12/10(水)': '-', '12/11(木)': '-', '12/12(金)': '-', '12/13(土)': '-', '12/14(日)': '-', '12/15(月)': '-'}"
でりどす岡崎,https://www.cityheaven.net/aichi/A2305/A230502/deidos-okazaki/girlid-40516083/?lo=1,https://img.cityheaven.net/img/girls/t/deidos-okazaki/grpb0040516083_0000000000pc.jpg?cache02=1722382062,"{'11/16(日)': '18:00 - 3:00', '11/17(月)': '18:00 - 3:00', '11/18(火)': '18:00 - 3:00', '11/19(水)': '-', '11/20(木)': '-', '11/21(金)': '-', '11/22(土)': '-', '11/23(日)': '-', '11/24(月)': '-', '11/25(火)': '-', '11/26(水)': '-', '11/27(木)': '-', '11/28(金)': '-', '11/29(土)': '-', '11/30(日)': '-', '12/1(月)': '-', '12/2(火)': '-', '12/3(水)': '-', '12/4(木)': '-', '12/5(金)': '-', '12/6(土)': '-', '12/7(日)': '-', '12/8(月)': '-', '12/9(火)': '-', '12/10(水)': '-', '12/11(木)': '-', '12/12(金)': '-', '12/13(土)': '-', '12/14(日)': '-', '12/15(月)': '-'}"
でりどす岡崎,https://www.cityheaven.net/aichi/A2305/A230502/deidos-okazaki/girlid-25820986/?lo=1,https://img.cityheaven.net/img/girls/t/deidos-okazaki/grpb0025820986_0000000000pc.jpg?cache02=1724057293,"{'11/16(日)': '休み', '11/17(月)': '15:30 - 20:30', '11/18(火)': '休み', '11/19(水)': '15:30 - 21:00', '11/20(木)': '休み', '11/21(金)': '休み', '11/22(土)': '15:30 - 21:00', '11/23(日)': '休み', '11/24(月)': '-', '11/25(火)': '-', '11/26(水)': '-', '11/27(木)': '-', '11/28(金)': '-', '11/29(土)': '-', '11/30(日)': '-', '12/1(月)': '-', '12/2(火)': '-', '12/3(水)': '-', '12/4(木)': '-', '12/5(金)': '-', '12/6(土)': '-', '12/7(日)': '-', '12/8(月)': '-', '12/9(火)': '-', '12/10(水)': '-', '12/11(木)': '-', '12/12(金)': '-', '12/13(土)': '-', '12/14(日)': '-', '12/15(月)': '-'}"
GG,https://www.cityheaven.net/gifu/A2101/A210101/gold_garden/girlid-11631416/?lo=1,https://img.cityheaven.net/img/girls/t/gold_garden/grpb0011631416_0000000000pc.jpg?cache02=1763251265,"{'11/16(日)': '10:00 - 23:00', '11/17(月)': '-', '11/18(火)': '-', '11/19(水)': '10:00 - 23:00', '11/20(木)': '10:00 - 23:00', '11/21(金)': '10:00 - 17:00', '11/22(土)': '10:00 - 23:00', '11/23(日)': '10:00 - 23:00', '11/24(月)': '10:00 - 23:00', '11/25(火)': '-', '11/26(水)': '10:00 - 23:00', '11/27(木)': '10:00 - 23:00', '11/28(金)': '10:00 - 23:00', '11/29(土)': '10:00 - 23:00', '11/30(日)': '-', '12/1(月)': '-', '12/2(火)': '-', '12/3(水)': '-', '12/4(木)': '-', '12/5(金)': '-', '12/6(土)': '-', '12/7(日)': '-', '12/8(月)': '-', '12/9(火)': '-', '12/10(水)': '-', '12/11(木)': '-', '12/12(金)': '-', '12/13(土)': '-', '12/14(日)': '-', '12/15(月)': '-'}"
でりどす岡崎,https://www.cityheaven.net/aichi/A2305/A230502/deidos-okazaki/girlid-51199787/?lo=1,https://img.cityheaven.net/img/girls/t/deidos-okazaki/grpb0051199787_0000000000pc.jpg?cache02=1759065812,"{'11/16(日)': '休み', '11/17(月)': '-', '11/18(火)': '-', '11/19(水)': '-', '11/20(木)': '-', '11/21(金)': '-', '11/22(土)': '-', '11/23(日)': '-', '11/24(月)': '-', '11/25(火)': '-', '11/26(水)': '-', '11/27(木)': '-', '11/28(金)': '-', '11/29(土)': '-', '11/30(日)': '-', '12/1(月)': '-', '12/2(火)': '-', '12/3(水)': '-', '12/4(木)': '-', '12/5(金)': '-', '12/6(土)': '-', '12/7(日)': '-', '12/8(月)': '-', '12/9(火)': '-', '12/10(水)': '-', '12/11(木)': '-', '12/12(金)': '-', '12/13(土)': '-', '12/14(日)': '-', '12/15(月)': '-'}"
でりどす岡崎,https://www.cityheaven.net/aichi/A2305/A230502/deidos-okazaki/girlid-33762261/?lo=1,https://img.cityheaven.net/img/girls/t/deidos-okazaki/grpb0033762261_0000000000pc.jpg?cache02=1760760566,"{'11/16(日)': '休み', '11/17(月)': '休み', '11/18(火)': '9:00 - 21:30', '11/19(水)': '9:00 - 21:30', '11/20(木)': '9:00 - 21:30', '11/21(金)': '-', '11/22(土)': '-', '11/23(日)': '休み', '11/24(月)': '-', '11/25(火)': '-', '11/26(水)': '-', '11/27(木)': '-', '11/28(金)': '-', '11/29(土)': '-', '11/30(日)': '-', '12/1(月)': '-', '12/2(火)': '-', '12/3(水)': '-', '12/4(木)': '-', '12/5(金)': '-', '12/6(土)': '-', '12/7(日)': '-', '12/8(月)': '-', '12/9(火)': '-', '12/10(水)': '-', '12/11(木)': '-', '12/12(金)': '-', '12/13(土)': '-', '12/14(日)': '-', '12/15(月)': '-'}"
青いりんご,https://www.cityheaven.net/gifu/A2101/A210101/aoiringo/girlid-52753096/?lo=1,https://img.cityheaven.net/img/girls/t/aoiringo/grpb0052753096_0000000000pc.jpeg?cache02=1763238303,"{'11/16(日)': '11:00 - 21:00', '11/17(月)': '-', '11/18(火)': '-', '11/19(水)': '-', '11/20(木)': '13:00 - 21:00', '11/21(金)': '-', '11/22(土)': '11:00 - 21:00', '11/23(日)': '11:00 - 18:30', '11/24(月)': '-', '11/25(火)': '-', '11/26(水)': '13:00 - 21:00', '11/27(木)': '-', '11/28(金)': '13:00 - 21:00', '11/29(土)': '11:00 - 22:00', '11/30(日)': '13:00 - 21:00', '12/1(月)': '-', '12/2(火)': '-', '12/3(水)': '-', '12/4(木)': '-', '12/5(金)': '-', '12/6(土)': '11:00 - 21:00', '12/7(日)': '11:00 - 18:30', '12/8(月)': '-', '12/9(火)': '-', '12/10(水)': '-', '12/11(木)': '-', '12/12(金)': '-', '12/13(土)': '-', '12/14(日)': '-', '12/15(月)': '-'}"
青いりんご,https://www.cityheaven.net/gifu/A2101/A210101/aoiringo/girlid-52751055/?lo=1,https://img.cityheaven.net/img/girls/t/aoiringo/grpb0052751055_0000000000pc.jpeg?cache02=1762345786,"{'11/16(日)': '11:00 - 22:00', '11/17(月)': '-', '11/18(火)': '-', '11/19(水)': '11:00 - 21:30', '11/20(木)': '11:00 - 21:30', '11/21(金)': '-', '11/22(土)': '11:00 - 22:30', '11/23(日)': '11:00 - 21:00', '11/24(月)': '-', '11/25(火)': '-', '11/26(水)': '-', '11/27(木)': '-', '11/28(金)': '-', '11/29(土)': '11:00 - 21:00', '11/30(日)': '11:00 - 21:00', '12/1(月)': '-', '12/2(火)': '-', '12/3(水)': '-', '12/4(木)': '-', '12/5(金)': '-', '12/6(土)': '-', '12/7(日)': '-', '12/8(月)': '-', '12/9(火)': '-', '12/10(水)': '-', '12/11(木)': '-', '12/12(金)': '-', '12/13(土)': '-', '12/14(日)': '-', '12/15(月)': '-'}"
時計台,https://www.cityheaven.net/gifu/A2101/A210101/tokeidai/girlid-55120757/?lo=1,https://img.cityheaven.net/img/girls/t/tokeidai/grpb0055120757_0000000000pc.jpg?cache02=1756380171,"{'11/16(日)': '明日出勤！', '11/17(月)': '10:30 - 16:00', '11/18(火)': '明日出勤！', '11/19(水)': '10:30 - 16:00', '11/20(木)': '明日出勤！', '11/21(金)': '10:30 - 16:00', '11/22(土)': '次回11/24出勤', '11/23(日)': '明日出勤！', '11/24(月)': '10:00 - 17:00', '11/25(火)': '明日出勤！', '11/26(水)': '10:30 - 16:00', '11/27(木)': '10:30 - 16:00', '11/28(金)': '次回11/30出勤', '11/29(土)': '明日出勤！', '11/30(日)': '10:00 - 17:00', '12/1(月)': '-', '12/2(火)': '-', '12/3(水)': '-', '12/4(木)': '-', '12/5(金)': '-', '12/6(土)': '-', '12/7(日)': '-', '12/8(月)': '-', '12/9(火)': '-', '12/10(水)': '-', '12/11(木)': '-', '12/12(金)': '-', '12/13(土)': '-', '12/14(日)': '-', '12/15(月)': '-'}"
ジュリエット,https://www.cityheaven.net/gifu/A2101/A210101/juliet/girlid-44140541/?lo=1,https://img.cityheaven.net/img/girls/t/juliet/grpb0044140541_0000000000pc.jpg?cache02=1763214956,"{'11/16(日)': '11:00 - 20:30', '11/17(月)': '-', '11/18(火)': '-', '11/19(水)': '16:00 - 20:30', '11/20(木)': '-', '11/21(金)': '13:30 - 22:30', '11/22(土)': '13:30 - 20:30', '11/23(日)': '13:30 - 18:30', '11/24(月)': '-', '11/25(火)': '-', '11/26(水)': '-', '11/27(木)': '-', '11/28(金)': '-', '11/29(土)': '-', '11/30(日)': '-', '12/1(月)': '-', '12/2(火)': '-', '12/3(水)': '-', '12/4(木)': '-', '12/5(金)': '-', '12/6(土)': '-', '12/7(日)': '-', '12/8(月)': '-', '12/9(火)': '-', '12/10(水)': '-', '12/11(木)': '-', '12/12(金)': '-', '12/13(土)': '-', '12/14(日)': '-', '12/15(月)': '-'}"
青いりんご,https://www.cityheaven.net/gifu/A2101/A210101/aoiringo/girlid-52753121/?lo=1,https://img.cityheaven.net/img/girls/t/aoiringo/grpb0052753121_0000000000pc.jpeg?cache02=1763014294,"{'11/16(日)': '-', '11/17(月)': '-', '11/18(火)': '-', '11/19(水)': '-', '11/20(木)': '-', '11/21(金)': '-', '11/22(土)': '12:00 - 15:00', '11/23(日)': '-', '11/24(月)': '-', '11/25(火)': '-', '11/26(水)': '-', '11/27(木)': '15:00 - 21:00', '11/28(金)': '14:00 - 20:00', '11/29(土)': '12:00 - 18:00', '11/30(日)': '11:00 - 17:00', '12/1(月)': '-', '12/2(火)': '-', '12/3(水)': '-', '12/4(木)': '-', '12/5(金)': '-', '12/6(土)': '-', '12/7(日)': '-', '12/8(月)': '-', '12/9(火)': '-', '12/10(水)': '-', '12/11(木)': '-', '12/12(金)': '-', '12/13(土)': '-', '12/14(日)': '-', '12/15(月)': '-'}"
STYLISH BACH（スタイリッシュ バッハ）,https://www.cityheaven.net/gifu/A2101/A210101/stylish_bach/girlid-56201878/?lo=1,https://img.cityheaven.net/img/girls/t/stylish_bach/grpb0056201878_0000000000pc.jpg?cache02=1762917501,"{'11/16(日)': '9:00 - 23:00', '11/17(月)': '10:00 - 23:00', '11/18(火)': '10:00 - 16:30', '11/19(水)': '-', '11/20(木)': '-', '11/21(金)': '10:00 - 23:00', '11/22(土)': '10:00 - 23:00', '11/23(日)': '10:00 - 23:00', '11/24(月)': '10:00 - 23:00', '11/25(火)': '10:00 - 23:00', '11/26(水)': '10:00 - 23:00', '11/27(木)': '10:00 - 23:00', '11/28(金)': '10:00 - 23:00', '11/29(土)': '10:00 - 23:00', '11/30(日)': '10:00 - 19:00', '12/1(月)': '-', '12/2(火)': '-', '12/3(水)': '-', '12/4(木)': '-', '12/5(金)': '-', '12/6(土)': '-', '12/7(日)': '-', '12/8(月)': '-', '12/9(火)': '-', '12/10(水)': '-', '12/11(木)': '-', '12/12(金)': '-', '12/13(土)': '-', '12/14(日)': '-', '12/15(月)': '-'}"
Sabbat,https://www.cityheaven.net/gifu/A2101/A210101/sabbat/girlid-53156362/?lo=1,https://img.cityheaven.net/img/girls/t/sabbat/grpb0053156362_0000000000pc.jpg?cache02=1761206648,"{'11/16(日)': '11:00 - 23:59', '11/17(月)': '-', '11/18(火)': '12:00 - 21:00', '11/19(水)': '-', '11/20(木)': '-', '11/21(金)': '-', '11/22(土)': '-', '11/23(日)': '-', '11/24(月)': '-', '11/25(火)': '-', '11/26(水)': '-', '11/27(木)': '-', '11/28(金)': '-', '11/29(土)': '-', '11/30(日)': '-', '12/1(月)': '-', '12/2(火)': '-', '12/3(水)': '-', '12/4(木)': '-', '12/5(金)': '-', '12/6(土)': '-', '12/7(日)': '-', '12/8(月)': '-', '12/9(火)': '-', '12/10(水)': '-', '12/11(木)': '-', '12/12(金)': '-', '12/13(土)': '-', '12/14(日)': '-', '12/15(月)': '-'}"
Secret Service本店,https://www.cityheaven.net/aichi/A2305/A230504/secret_service/girlid-31675356/?lo=1,https://img.cityheaven.net/img/girls/t/secret_service/grpb0031675356_0000000000pc.jpg?cache02=1763084776,"{'11/16(日)': '15:30 - 18:30', '11/17(月)': '☆出勤確認中☆', '11/18(火)': '☆出勤確認中☆', '11/19(水)': '☆出勤確認中☆', '11/20(木)': '☆出勤確認中☆', '11/21(金)': '☆出勤確認中☆', '11/22(土)': '☆出勤確認中☆', '11/23(日)': '☆出勤確認中☆', '11/24(月)': '☆出勤確認中☆', '11/25(火)': '☆出勤確認中☆', '11/26(水)': '☆出勤確認中☆', '11/27(木)': '☆出勤確認中☆', '11/28(金)': '☆出勤確認中☆', '11/29(土)': '☆出勤確認中☆', '11/30(日)': '☆出勤確認中☆', '12/1(月)': '-', '12/2(火)': '-', '12/3(水)': '-', '12/4(木)': '-', '12/5(金)': '-', '12/6(土)': '-', '12/7(日)': '-', '12/8(月)': '-', '12/9(火)': '-', '12/10(水)': '-', '12/11(木)': '-', '12/12(金)': '-', '12/13(土)': '-', '12/14(日)': '-', '12/15(月)': '-'}"
ViVi,https://www.cityheaven.net/gifu/A2101/A210101/vivi_g/girlid-43706363/?lo=1,https://img.cityheaven.net/img/girls/t/vivi_g/grpb0043706363_0000000000pc.jpg?cache02=1758291266,"{'11/16(日)': 'SOLD OUT', '11/17(月)': '-', '11/18(火)': '-', '11/19(水)': '10:00 - 16:00', '11/20(木)': '10:00 - 16:00', '11/21(金)': '-', '11/22(土)': '10:00 - 16:00', '11/23(日)': '-', '11/24(月)': '10:00 - 16:00', '11/25(火)': '10:00 - 16:00', '11/26(水)': '-', '11/27(木)': '10:00 - 16:00', '11/28(金)': '-', '11/29(土)': '10:00 - 16:00', '11/30(日)': '-', '12/1(月)': '-', '12/2(火)': '-', '12/3(水)': '-', '12/4(木)': '-', '12/5(金)': '-', '12/6(土)': '-', '12/7(日)': '-', '12/8(月)': '-', '12/9(火)': '-', '12/10(水)': '-', '12/11(木)': '-', '12/12(金)': '-', '12/13(土)': '-', '12/14(日)': '-', '12/15(月)': '-'}"
青いりんご,https://www.cityheaven.net/gifu/A2101/A210101/aoiringo/girlid-52753088/?lo=1,https://img.cityheaven.net/img/girls/t/aoiringo/grpb0052753088_0000000000pc.jpeg?cache02=1762953022,"{'11/16(日)': '11:00 - 19:00', '11/17(月)': '-', '11/18(火)': '-', '11/19(水)': '-', '11/20(木)': '-', '11/21(金)': '13:00 - 23:00', '11/22(土)': '11:00 - 23:59', '11/23(日)': '11:00 - 23:00', '11/24(月)': '11:00 - 19:00', '11/25(火)': '-', '11/26(水)': '-', '11/27(木)': '-', '11/28(金)': '13:00 - 23:00', '11/29(土)': '11:00 - 23:00', '11/30(日)': '11:00 - 19:00', '12/1(月)': '-', '12/2(火)': '-', '12/3(水)': '-', '12/4(木)': '-', '12/5(金)': '-', '12/6(土)': '-', '12/7(日)': '-', '12/8(月)': '-', '12/9(火)': '-', '12/10(水)': '-', '12/11(木)': '-', '12/12(金)': '-', '12/13(土)': '-', '12/14(日)': '-', '12/15(月)': '-'}"
Sabbat,https://www.cityheaven.net/gifu/A2101/A210101/sabbat/girlid-47888999/?lo=1,https://img.cityheaven.net/img/girls/t/sabbat/grpb0047888999_0000000000pc.jpg?cache02=1761207500,"{'11/16(日)': '12:00 - 21:00', '11/17(月)': '-', '11/18(火)': '12:00 - 18:30', '11/19(水)': '-', '11/20(木)': '-', '11/21(金)': '12:00 - 18:30', '11/22(土)': '12:00 - 21:00', '11/23(日)': '12:00 - 21:00', '11/24(月)': '12:00 - 21:00', '11/25(火)': '-', '11/26(水)': '-', '11/27(木)': '-', '11/28(金)': '-', '11/29(土)': '12:00 - 21:00', '11/30(日)': '12:00 - 21:00', '12/1(月)': '-', '12/2(火)': '-', '12/3(水)': '-', '12/4(木)': '-', '12/5(金)': '-', '12/6(土)': '-', '12/7(日)': '-', '12/8(月)': '-', '12/9(火)': '-', '12/10(水)': '-', '12/11(木)': '-', '12/12(金)': '-', '12/13(土)': '-', '12/14(日)': '-', '12/15(月)': '-'}"
Sabbat,https://www.cityheaven.net/gifu/A2101/A210101/sabbat/girlid-55157842/?lo=1,https://img.cityheaven.net/img/girls/t/sabbat/grpb0055157842_0000000000pc.jpg?cache02=1760966309,"{'11/16(日)': '-', '11/17(月)': '-', '11/18(火)': '-', '11/19(水)': '-', '11/20(木)': '-', '11/21(金)': '-', '11/22(土)': '-', '11/23(日)': '-', '11/24(月)': '-', '11/25(火)': '-', '11/26(水)': '-', '11/27(木)': '-', '11/28(金)': '-', '11/29(土)': '-', '11/30(日)': '-', '12/1(月)': '-', '12/2(火)': '-', '12/3(水)': '-', '12/4(木)': '-', '12/5(金)': '-', '12/6(土)': '-', '12/7(日)': '-', '12/8(月)': '-', '12/9(火)': '-', '12/10(水)': '-', '12/11(木)': '-', '12/12(金)': '-', '12/13(土)': '-', '12/14(日)': '-', '12/15(月)': '-'}"
コスプレアカデミー,https://www.cityheaven.net/gifu/A2101/A210101/cosplayacademy/girlid-54952702/?lo=1,https://img.cityheaven.net/img/girls/t/cosplayacademy/grpb0054952702_0000000000pc.jpg?cache02=1752243363,"{'11/16(日)': '-', '11/17(月)': '-', '11/18(火)': '-', '11/19(水)': '-', '11/20(木)': '-', '11/21(金)': '-', '11/22(土)': '-', '11/23(日)': '-', '11/24(月)': '-', '11/25(火)': '-', '11/26(水)': '-', '11/27(木)': '-', '11/28(金)': '-', '11/29(土)': '-', '11/30(日)': '-', '12/1(月)': '-', '12/2(火)': '-', '12/3(水)': '-', '12/4(木)': '-', '12/5(金)': '-', '12/6(土)': '-', '12/7(日)': '-', '12/8(月)': '-', '12/9(火)': '-', '12/10(水)': '-', '12/11(木)': '-', '12/12(金)': '-', '12/13(土)': '-', '12/14(日)': '-', '12/15(月)': '-'}"
KA-NAAAZ 岐阜本店,https://www.cityheaven.net/gifu/A2101/A210101/yakata/girlid-53575639/?lo=1,https://img.cityheaven.net/img/girls/t/yakata/grpb0053575639_0000000000pc.jpg?cache02=1760489193,"{'11/16(日)': '-', '11/17(月)': '-', '11/18(火)': '-', '11/19(水)': '-', '11/20(木)': '-', '11/21(金)': '-', '11/22(土)': '-', '11/23(日)': '-', '11/24(月)': '-', '11/25(火)': '-', '11/26(水)': '-', '11/27(木)': '-', '11/28(金)': '-', '11/29(土)': '-', '11/30(日)': '-', '12/1(月)': '-', '12/2(火)': '-', '12/3(水)': '-', '12/4(木)': '-', '12/5(金)': '-', '12/6(土)': '-', '12/7(日)': '-', '12/8(月)': '-', '12/9(火)': '-', '12/10(水)': '-', '12/11(木)': '-', '12/12(金)': '-', '12/13(土)': '-', '12/14(日)': '-', '12/15(月)': '-'}"
スチュアーデス,https://www.cityheaven.net/gifu/A2101/A210101/stewardess/girlid-39534775/?lo=1,https://img.cityheaven.net/img/girls/t/stewardess/grpb0039534775_0000000000pc.jpg?cache02=1763238309,"{'11/16(日)': '9:00 - 19:30', '11/17(月)': '9:00 - 16:30', '11/18(火)': '-', '11/19(水)': '休み', '11/20(木)': '9:00 - 19:30', '11/21(金)': '9:00 - 19:30', '11/22(土)': '9:00 - 19:30', '11/23(日)': '9:00 - 19:30', '11/24(月)': '-', '11/25(火)': '-', '11/26(水)': '-', '11/27(木)': '9:00 - 19:30', '11/28(金)': '9:00 - 19:30', '11/29(土)': '9:00 - 19:30', '11/30(日)': '9:00 - 19:30', '12/1(月)': '-', '12/2(火)': '-', '12/3(水)': '-', '12/4(木)': '-', '12/5(金)': '-', '12/6(土)': '-', '12/7(日)': '-', '12/8(月)': '-', '12/9(火)': '-', '12/10(水)': '-', '12/11(木)': '-', '12/12(金)': '-', '12/13(土)': '-', '12/14(日)': '-', '12/15(月)': '-'}"
Sabbat,https://www.cityheaven.net/gifu/A2101/A210101/sabbat/girlid-49653095/?lo=1,https://img.cityheaven.net/img/girls/t/sabbat/grpb0049653095_0000000000pc.jpg?cache02=1761633034,"{'11/16(日)': '-', '11/17(月)': '-', '11/18(火)': '-', '11/19(水)': '-', '11/20(木)': '-', '11/21(金)': '-', '11/22(土)': '-', '11/23(日)': '9:00 - 23:59', '11/24(月)': '9:00 - 23:59', '11/25(火)': '9:00 - 23:59', '11/26(水)': '9:00 - 23:59', '11/27(木)': '9:00 - 23:59', '11/28(金)': '9:00 - 23:59', '11/29(土)': '8:00 - 23:59', '11/30(日)': '8:00 - 23:59', '12/1(月)': '-', '12/2(火)': '-', '12/3(水)': '-', '12/4(木)': '-', '12/5(金)': '-', '12/6(土)': '-', '12/7(日)': '-', '12/8(月)': '-', '12/9(火)': '-', '12/10(水)': '-', '12/11(木)': '-', '12/12(金)': '-', '12/13(土)': '-', '12/14(日)': '-', '12/15(月)': '-'}"
コスプレアカデミー,https://www.cityheaven.net/gifu/A2101/A210101/cosplayacademy/girlid-52931528/?lo=1,https://img.cityheaven.net/img/girls/t/cosplayacademy/grpb0052931528_0000000000pc.jpg?cache02=1744206952,"{'11/16(日)': '-', '11/17(月)': '-', '11/18(火)': '-', '11/19(水)': '-', '11/20(木)': '-', '11/21(金)': '-', '11/22(土)': '-', '11/23(日)': '-', '11/24(月)': '-', '11/25(火)': '-', '11/26(水)': '-', '11/27(木)': '-', '11/28(金)': '-', '11/29(土)': '-', '11/30(日)': '-', '12/1(月)': '-', '12/2(火)': '-', '12/3(水)': '-', '12/4(木)': '-', '12/5(金)': '-', '12/6(土)': '-', '12/7(日)': '-', '12/8(月)': '-', '12/9(火)': '-', '12/10(水)': '-', '12/11(木)': '-', '12/12(金)': '-', '12/13(土)': '-', '12/14(日)': '-', '12/15(月)': '-'}"
アラモード,https://www.cityheaven.net/aichi/A2301/A230101/alamode/girlid-45232591/?lo=1,https://img.cityheaven.net/img/girls/t/alamode/grpb0045232591_0000000000pc.jpg?cache02=1762155038,"{'11/16(日)': '-', '11/17(月)': '-', '11/18(火)': '-', '11/19(水)': '-', '11/20(木)': '-', '11/21(金)': '-', '11/22(土)': '-', '11/23(日)': '-', '11/24(月)': '-', '11/25(火)': '-', '11/26(水)': '-', '11/27(木)': '-', '11/28(金)': '-', '11/29(土)': '-', '11/30(日)': '-', '12/1(月)': '-', '12/2(火)': '-', '12/3(水)': '-', '12/4(木)': '-', '12/5(金)': '-', '12/6(土)': '-', '12/7(日)': '-', '12/8(月)': '-', '12/9(火)': '-', '12/10(水)': '-', '12/11(木)': '-', '12/12(金)': '-', '12/13(土)': '-', '12/14(日)': '-', '12/15(月)': '-'}"
ヴィーナス,https://www.cityheaven.net/gifu/A2101/A210101/venus/girlid-41531297/?lo=1,https://img.cityheaven.net/img/girls/t/venus/grpb0041531297_0000000000pc.jpg?cache02=1757727168,"{'11/16(日)': '-', '11/17(月)': '-', '11/18(火)': '-', '11/19(水)': '-', '11/20(木)': '-', '11/21(金)': '-', '11/22(土)': '-', '11/23(日)': '-', '11/24(月)': '-', '11/25(火)': '-', '11/26(水)': '-', '11/27(木)': '-', '11/28(金)': '-', '11/29(土)': '-', '11/30(日)': '-', '12/1(月)': '-', '12/2(火)': '-', '12/3(水)': '-', '12/4(木)': '-', '12/5(金)': '-', '12/6(土)': '-', '12/7(日)': '-', '12/8(月)': '-', '12/9(火)': '-', '12/10(水)': '-', '12/11(木)': '-', '12/12(金)': '-', '12/13(土)': '-', '12/14(日)': '-', '12/15(月)': '-'}"
ViVi,https://www.cityheaven.net/gifu/A2101/A210101/vivi_g/girlid-25733003/?lo=1,https://img.cityheaven.net/img/girls/t/vivi_g/grpb0025733003_0000000000pc.jpg?cache02=1735111762,"{'11/16(日)': 'SOLD OUT', '11/17(月)': '-', '11/18(火)': '10:00 - 21:00', '11/19(水)': '-', '11/20(木)': '-', '11/21(金)': '-', '11/22(土)': '10:00 - 21:00', '11/23(日)': '10:00 - 21:00', '11/24(月)': '-', '11/25(火)': '10:00 - 21:00', '11/26(水)': '10:00 - 21:00', '11/27(木)': '-', '11/28(金)': '-', '11/29(土)': '10:00 - 21:00', '11/30(日)': '10:00 - 21:00', '12/1(月)': '-', '12/2(火)': '-', '12/3(水)': '-', '12/4(木)': '-', '12/5(金)': '-', '12/6(土)': '-', '12/7(日)': '-', '12/8(月)': '-', '12/9(火)': '-', '12/10(水)': '-', '12/11(木)': '-', '12/12(金)': '-', '12/13(土)': '-', '12/14(日)': '-', '12/15(月)': '-'}"
コスプレアカデミー,https://www.cityheaven.net/gifu/A2101/A210101/cosplayacademy/girlid-45015787/?lo=1,https://img.cityheaven.net/img/girls/t/cosplayacademy/grpb0045015787_0000000000pc.jpg?cache02=1750058268,"{'11/16(日)': '-', '11/17(月)': '-', '11/18(火)': '-', '11/19(水)': '-', '11/20(木)': '-', '11/21(金)': '-', '11/22(土)': '-', '11/23(日)': '-', '11/24(月)': '-', '11/25(火)': '-', '11/26(水)': '-', '11/27(木)': '-', '11/28(金)': '-', '11/29(土)': '-', '11/30(日)': '-', '12/1(月)': '-', '12/2(火)': '-', '12/3(水)': '-', '12/4(木)': '-', '12/5(金)': '-', '12/6(土)': '-', '12/7(日)': '-', '12/8(月)': '-', '12/9(火)': '-', '12/10(水)': '-', '12/11(木)': '-', '12/12(金)': '-', '12/13(土)': '-', '12/14(日)': '-', '12/15(月)': '-'}"
Sabbat,https://www.cityheaven.net/gifu/A2101/A210101/sabbat/girlid-29123660/?lo=1,https://img.cityheaven.net/img/girls/t/sabbat/grpb0029123660_0000000000pc.jpg?cache02=1761206585,"{'11/16(日)': '11:00 - 23:00', '11/17(月)': '11:00 - 23:00', '11/18(火)': '11:00 - 23:00', '11/19(水)': '11:00 - 23:00', '11/20(木)': '11:00 - 23:00', '11/21(金)': '11:00 - 23:00', '11/22(土)': '-', '11/23(日)': '-', '11/24(月)': '-', '11/25(火)': '-', '11/26(水)': '-', '11/27(木)': '-', '11/28(金)': '-', '11/29(土)': '-', '11/30(日)': '-', '12/1(月)': '-', '12/2(火)': '-', '12/3(水)': '-', '12/4(木)': '-', '12/5(金)': '-', '12/6(土)': '-', '12/7(日)': '-', '12/8(月)': '-', '12/9(火)': '-', '12/10(水)': '-', '12/11(木)': '-', '12/12(金)': '-', '12/13(土)': '-', '12/14(日)': '-', '12/15(月)': '-'}"
LOVE MISSILE,https://www.cityheaven.net/gifu/A2101/A210101/lovemissile/girlid-53034569/?lo=1,https://img.cityheaven.net/img/girls/t/lovemissile/grpb0053034569_0000000000pc.jpg?cache02=1762758978,"{'11/16(日)': '-', '11/17(月)': '-', '11/18(火)': '-', '11/19(水)': '-', '11/20(木)': '-', '11/21(金)': '-', '11/22(土)': '-', '11/23(日)': '-', '11/24(月)': '-', '11/25(火)': '-', '11/26(水)': '-', '11/27(木)': '-', '11/28(金)': '-', '11/29(土)': '-', '11/30(日)': '-', '12/1(月)': '-', '12/2(火)': '-', '12/3(水)': '-', '12/4(木)': '-', '12/5(金)': '-', '12/6(土)': '-', '12/7(日)': '-', '12/8(月)': '-', '12/9(火)': '-', '12/10(水)': '-', '12/11(木)': '-', '12/12(金)': '-', '12/13(土)': '-', '12/14(日)': '-', '12/15(月)': '-'}"
HARVESTMOON（ハーベストムーン）,https://www.cityheaven.net/aichi/A2301/A230101/harvestmoon_s/girlid-37269210/?lo=1,https://img.cityheaven.net/img/girls/t/harvestmoon_s/grpb0037269210_0000000000pc.jpg?cache02=1762931141,"{'11/16(日)': '11:00 - 22:00', '11/17(月)': '-', '11/18(火)': '-', '11/19(水)': '-', '11/20(木)': '-', '11/21(金)': '-', '11/22(土)': '-', '11/23(日)': '-', '11/24(月)': '-', '11/25(火)': '-', '11/26(水)': '-', '11/27(木)': '-', '11/28(金)': '-', '11/29(土)': '-', '11/30(日)': '-', '12/1(月)': '-', '12/2(火)': '-', '12/3(水)': '-', '12/4(木)': '-', '12/5(金)': '-', '12/6(土)': '-', '12/7(日)': '-', '12/8(月)': '-', '12/9(火)': '-', '12/10(水)': '-', '12/11(木)': '-', '12/12(金)': '-', '12/13(土)': '-', '12/14(日)': '-', '12/15(月)': '-'}"
HARVESTMOON（ハーベストムーン）,https://www.cityheaven.net/aichi/A2301/A230101/harvestmoon_s/girlid-37364266/?lo=1,https://img.cityheaven.net/img/girls/t/harvestmoon_s/grpb0037364266_0000000000pc.jpg?cache02=1722921578,"{'11/16(日)': '7:00 - 15:00', '11/17(月)': '-', '11/18(火)': '-', '11/19(水)': '-', '11/20(木)': '-', '11/21(金)': '-', '11/22(土)': '-', '11/23(日)': '-', '11/24(月)': '-', '11/25(火)': '-', '11/26(水)': '-', '11/27(木)': '-', '11/28(金)': '-', '11/29(土)': '-', '11/30(日)': '-', '12/1(月)': '-', '12/2(火)': '-', '12/3(水)': '-', '12/4(木)': '-', '12/5(金)': '-', '12/6(土)': '-', '12/7(日)': '-', '12/8(月)': '-', '12/9(火)': '-', '12/10(水)': '-', '12/11(木)': '-', '12/12(金)': '-', '12/13(土)': '-', '12/14(日)': '-', '12/15(月)': '-'}"
ViVi,https://www.cityheaven.net/gifu/A2101/A210101/vivi_g/girlid-51020157/?lo=1,https://img.cityheaven.net/img/girls/t/vivi_g/grpb0051020157_0000000000pc.jpg?cache02=1759246925,"{'11/16(日)': '-', '11/17(月)': 'SOLD OUT', '11/18(火)': 'SOLD OUT', '11/19(水)': '-', '11/20(木)': '-', '11/21(金)': '12:00 - 22:00', '11/22(土)': '12:00 - 22:00', '11/23(日)': '-', '11/24(月)': '12:00 - 22:00', '11/25(火)': '-', '11/26(水)': '-', '11/27(木)': '-', '11/28(金)': '-', '11/29(土)': '-', '11/30(日)': '-', '12/1(月)': '-', '12/2(火)': '-', '12/3(水)': '-', '12/4(木)': '-', '12/5(金)': '-', '12/6(土)': '-', '12/7(日)': '-', '12/8(月)': '-', '12/9(火)': '-', '12/10(水)': '-', '12/11(木)': '-', '12/12(金)': '-', '12/13(土)': '-', '12/14(日)': '-', '12/15(月)': '-'}"
LOVE MISSILE,https://www.cityheaven.net/gifu/A2101/A210101/lovemissile/girlid-10227608/?lo=1,https://img.cityheaven.net/img/girls/t/lovemissile/grpb0010227608_0000000000pc.jpg?cache02=1759570894,"{'11/16(日)': '-', '11/17(月)': '-', '11/18(火)': '-', '11/19(水)': '12:00 - 23:00', '11/20(木)': '12:00 - 23:00', '11/21(金)': '15:00 - 23:00', '11/22(土)': '12:00 - 23:00', '11/23(日)': '12:00 - 21:00', '11/24(月)': '12:00 - 20:00', '11/25(火)': '12:00 - 23:00', '11/26(水)': '12:00 - 17:00', '11/27(木)': '-', '11/28(金)': '-', '11/29(土)': '-', '11/30(日)': '-', '12/1(月)': '-', '12/2(火)': '-', '12/3(水)': '12:00 - 23:00', '12/4(木)': '12:00 - 23:00', '12/5(金)': '12:00 - 21:30', '12/6(土)': '10:30 - 21:30', '12/7(日)': '12:00 - 20:00', '12/8(月)': '12:00 - 23:00', '12/9(火)': '12:00 - 23:00', '12/10(水)': '-', '12/11(木)': '-', '12/12(金)': '-', '12/13(土)': '-', '12/14(日)': '-', '12/15(月)': '-'}"
LOVE MISSILE,https://www.cityheaven.net/gifu/A2101/A210101/lovemissile/girlid-14231717/?lo=1,https://img.cityheaven.net/img/girls/t/lovemissile/grpb0014231717_0000000000pc.jpg?cache02=1753081064,"{'11/16(日)': '-', '11/17(月)': '-', '11/18(火)': '-', '11/19(水)': '-', '11/20(木)': '-', '11/21(金)': '-', '11/22(土)': '12:00 - 23:00', '11/23(日)': '-', '11/24(月)': '12:00 - 23:00', '11/25(火)': '12:00 - 21:00', '11/26(水)': '-', '11/27(木)': '12:00 - 21:00', '11/28(金)': '14:00 - 23:00', '11/29(土)': '12:00 - 23:00', '11/30(日)': '12:00 - 21:00', '12/1(月)': '-', '12/2(火)': '-', '12/3(水)': '-', '12/4(木)': '-', '12/5(金)': '-', '12/6(土)': '-', '12/7(日)': '-', '12/8(月)': '-', '12/9(火)': '-', '12/10(水)': '-', '12/11(木)': '-', '12/12(金)': '-', '12/13(土)': '-', '12/14(日)': '-', '12/15(月)': '-'}"
LOVE MISSILE,https://www.cityheaven.net/gifu/A2101/A210101/lovemissile/girlid-49107541/?lo=1,https://img.cityheaven.net/img/girls/t/lovemissile/grpb0049107541_0000000000pc.jpg?cache02=1758890112,"{'11/16(日)': '15:00 - 22:00', '11/17(月)': '15:00 - 22:00', '11/18(火)': '13:00 - 20:00', '11/19(水)': '-', '11/20(木)': '-', '11/21(金)': '16:00 - 22:00', '11/22(土)': '13:00 - 22:00', '11/23(日)': '13:00 - 22:00', '11/24(月)': '15:00 - 22:00', '11/25(火)': '15:00 - 22:00', '11/26(水)': '-', '11/27(木)': '15:00 - 22:00', '11/28(金)': '15:00 - 22:00', '11/29(土)': '13:00 - 22:00', '11/30(日)': '13:00 - 22:00', '12/1(月)': '-', '12/2(火)': '-', '12/3(水)': '-', '12/4(木)': '-', '12/5(金)': '-', '12/6(土)': '-', '12/7(日)': '-', '12/8(月)': '-', '12/9(火)': '-', '12/10(水)': '-', '12/11(木)': '-', '12/12(金)': '-', '12/13(土)': '-', '12/14(日)': '-', '12/15(月)': '-'}"
Sabbat,https://www.cityheaven.net/gifu/A2101/A210101/sabbat/girlid-40084635/?lo=1,https://img.cityheaven.net/img/girls/t/sabbat/grpb0040084635_0000000000pc.jpg?cache02=1761205676,"{'11/16(日)': '10:00 - 21:00', '11/17(月)': '10:00 - 21:00', '11/18(火)': '10:00 - 21:00', '11/19(水)': '-', '11/20(木)': '10:00 - 21:00', '11/21(金)': '-', '11/22(土)': '-', '11/23(日)': '-', '11/24(月)': '-', '11/25(火)': '-', '11/26(水)': '-', '11/27(木)': '-', '11/28(金)': '-', '11/29(土)': '-', '11/30(日)': '-', '12/1(月)': '-', '12/2(火)': '-', '12/3(水)': '-', '12/4(木)': '-', '12/5(金)': '-', '12/6(土)': '-', '12/7(日)': '-', '12/8(月)': '-', '12/9(火)': '-', '12/10(水)': '-', '12/11(木)': '-', '12/12(金)': '-', '12/13(土)': '-', '12/14(日)': '-', '12/15(月)': '-'}"
アラモード,https://www.cityheaven.net/aichi/A2301/A230101/alamode/girlid-51435201/?lo=1,https://img.cityheaven.net/img/girls/t/alamode/grpb0051435201_0000000000pc.jpg?cache02=1762154713,"{'11/16(日)': '-', '11/17(月)': '-', '11/18(火)': '-', '11/19(水)': '-', '11/20(木)': '10:00 - 22:00', '11/21(金)': '-', '11/22(土)': '10:00 - 15:30', '11/23(日)': '-', '11/24(月)': '-', '11/25(火)': '-', '11/26(水)': '-', '11/27(木)': '-', '11/28(金)': '-', '11/29(土)': '-', '11/30(日)': '-', '12/1(月)': '-', '12/2(火)': '-', '12/3(水)': '-', '12/4(木)': '-', '12/5(金)': '-', '12/6(土)': '-', '12/7(日)': '-', '12/8(月)': '-', '12/9(火)': '-', '12/10(水)': '-', '12/11(木)': '-', '12/12(金)': '-', '12/13(土)': '-', '12/14(日)': '-', '12/15(月)': '-'}"
Sabbat,https://www.cityheaven.net/gifu/A2101/A210101/sabbat/girlid-41709102/?lo=1,https://img.cityheaven.net/img/girls/t/sabbat/grpb0041709102_0000000000pc.jpg?cache02=1761205093,"{'11/16(日)': '-', '11/17(月)': '9:00 - 23:59', '11/18(火)': '9:00 - 23:59', '11/19(水)': '9:00 - 23:59', '11/20(木)': '9:00 - 23:59', '11/21(金)': '-', '11/22(土)': '-', '11/23(日)': '-', '11/24(月)': '12:00 - 23:59', '11/25(火)': '9:00 - 23:59', '11/26(水)': '9:00 - 23:59', '11/27(木)': '9:00 - 23:59', '11/28(金)': '-', '11/29(土)': '-', '11/30(日)': '12:00 - 23:59', '12/1(月)': '-', '12/2(火)': '-', '12/3(水)': '-', '12/4(木)': '-', '12/5(金)': '-', '12/6(土)': '-', '12/7(日)': '-', '12/8(月)': '-', '12/9(火)': '-', '12/10(水)': '-', '12/11(木)': '-', '12/12(金)': '-', '12/13(土)': '-', '12/14(日)': '-', '12/15(月)': '-'}"
ブルームーン（Blue Moon）,https://www.cityheaven.net/hiroshima/A3401/A340101/blue_moon/girlid-50743665/?lo=1,https://img.cityheaven.net/img/girls/cg/blue_moon/grpb0050743665_0000000000pc.jpg?cache02=1751537677,"{'11/16(日)': '次回\u300011/22\u30008:00出勤‼', '11/17(月)': '次回\u300011/22\u30008:00出勤‼', '11/18(火)': '次回\u300011/22\u30008:00出勤‼', '11/19(水)': '次回\u300011/22\u30008:00出勤‼', '11/20(木)': '次回\u300011/22\u30008:00出勤‼', '11/21(金)': '次回\u300011/22\u30008:00出勤‼', '11/22(土)': '8:00 - 16:00', '11/23(日)': '次回\u300011/25\u300018:00出勤‼', '11/24(月)': '次回\u300011/25\u300018:00出勤‼', '11/25(火)': '18:00 - 22:30', '11/26(水)': '明日\u300011/27\u300014:00出勤‼', '11/27(木)': '14:00 - 21:00', '11/28(金)': '-', '11/29(土)': '-', '11/30(日)': '-', '12/1(月)': '-', '12/2(火)': '-', '12/3(水)': '-', '12/4(木)': '-', '12/5(金)': '-', '12/6(土)': '-', '12/7(日)': '-', '12/8(月)': '-', '12/9(火)': '-', '12/10(水)': '-', '12/11(木)': '-', '12/12(金)': '-', '12/13(土)': '-', '12/14(日)': '-', '12/15(月)': '-'}"
EIGHT（エイト）　～8つのお約束と無限の可能性～,https://www.cityheaven.net/hiroshima/A3401/A340101/eight/girlid-48967681/?lo=1,https://img.cityheaven.net/img/girls/cg/eight/grpb0048967681_0000000000pc.jpg?cache02=1761316908,"{'11/16(日)': '-', '11/17(月)': '-', '11/18(火)': '-', '11/19(水)': '-', '11/20(木)': '-', '11/21(金)': '-', '11/22(土)': '-', '11/23(日)': '-', '11/24(月)': '-', '11/25(火)': '-', '11/26(水)': '-', '11/27(木)': '-', '11/28(金)': '-', '11/29(土)': '-', '11/30(日)': '-', '12/1(月)': '-', '12/2(火)': '-', '12/3(水)': '-', '12/4(木)': '-', '12/5(金)': '-', '12/6(土)': '-', '12/7(日)': '-', '12/8(月)': '-', '12/9(火)': '-', '12/10(水)': '-', '12/11(木)': '-', '12/12(金)': '-', '12/13(土)': '-', '12/14(日)': '-', '12/15(月)': '-'}"
EIGHT（エイト）　～8つのお約束と無限の可能性～,https://www.cityheaven.net/hiroshima/A3401/A340101/eight/girlid-43729590/?lo=1,https://img.cityheaven.net/img/girls/cg/eight/grpb0043729590_0000000000pc.jpg?cache02=1757943352,"{'11/16(日)': '-', '11/17(月)': '-', '11/18(火)': '-', '11/19(水)': '-', '11/20(木)': '-', '11/21(金)': '-', '11/22(土)': '-', '11/23(日)': '-', '11/24(月)': '-', '11/25(火)': '-', '11/26(水)': '-', '11/27(木)': '-', '11/28(金)': '-', '11/29(土)': '-', '11/30(日)': '-', '12/1(月)': '-', '12/2(火)': '-', '12/3(水)': '-', '12/4(木)': '-', '12/5(金)': '-', '12/6(土)': '-', '12/7(日)': '-', '12/8(月)': '-', '12/9(火)': '-', '12/10(水)': '-', '12/11(木)': '-', '12/12(金)': '-', '12/13(土)': '-', '12/14(日)': '-', '12/15(月)': '-'}"
EIGHT（エイト）　～8つのお約束と無限の可能性～,https://www.cityheaven.net/hiroshima/A3401/A340101/eight/girlid-46701341/?lo=1,https://img.cityheaven.net/img/girls/cg/eight/grpb0046701341_0000000000pc.jpg?cache02=1761316828,"{'11/16(日)': '11/18 09:00～出勤予定♪', '11/17(月)': '11/18 09:00～出勤予定♪', '11/18(火)': '9:00 - 23:59', '11/19(水)': '9:00 - 23:59', '11/20(木)': '9:00 - 23:59', '11/21(金)': '9:00 - 23:59', '11/22(土)': '9:00 - 23:59', '11/23(日)': '9:00 - 23:59', '11/24(月)': '9:00 - 23:59', '11/25(火)': '-', '11/26(水)': '-', '11/27(木)': '-', '11/28(金)': '-', '11/29(土)': '-', '11/30(日)': '-', '12/1(月)': '-', '12/2(火)': '-', '12/3(水)': '-', '12/4(木)': '-', '12/5(金)': '-', '12/6(土)': '-', '12/7(日)': '-', '12/8(月)': '-', '12/9(火)': '-', '12/10(水)': '-', '12/11(木)': '-', '12/12(金)': '-', '12/13(土)': '-', '12/14(日)': '-', '12/15(月)': '-'}"
EIGHT（エイト）　～8つのお約束と無限の可能性～,https://www.cityheaven.net/hiroshima/A3401/A340101/eight/girlid-38185882/?lo=1,https://img.cityheaven.net/img/girls/cg/eight/grpb0038185882_0000000000pc.jpg?cache02=1761316770,"{'11/16(日)': '12:00 - 23:59', '11/17(月)': '11/19 12:00～出勤予定♪', '11/18(火)': '11/19 12:00～出勤予定♪', '11/19(水)': '12:00 - 23:59', '11/20(木)': '12:00 - 23:59', '11/21(金)': '12:00 - 23:59', '11/22(土)': '-', '11/23(日)': '-', '11/24(月)': '-', '11/25(火)': '-', '11/26(水)': '-', '11/27(木)': '-', '11/28(金)': '-', '11/29(土)': '-', '11/30(日)': '-', '12/1(月)': '-', '12/2(火)': '-', '12/3(水)': '-', '12/4(木)': '-', '12/5(金)': '-', '12/6(土)': '-', '12/7(日)': '-', '12/8(月)': '-', '12/9(火)': '-', '12/10(水)': '-', '12/11(木)': '-', '12/12(金)': '-', '12/13(土)': '-', '12/14(日)': '-', '12/15(月)': '-'}"
