shop_name,girl_name,girl_url,report_url,evaluations,report_text,cityheaven_url,url_key
GG,ひなの,https://www.cityheaven.net/gifu/A2101/A210101/gold_garden/girlid-39351432/,http://okinilove.com/blog-entry-1208.html#jyakuhai,評価 ★★★★☆ →記事リンク,"岐阜県巨乳部門3位の肩書きに惹かれて指名。
ただ、掲示板の太っているという書き込みに少し不安を感じつつお店へ。

お店に入ると、ボーイさんの勢いがあるあいさつに迎えられ、アンケートを記入して待機。
その後、案内されたエレベーターに乗っていたのは、谷間が見えるドレスに身を包んだ綺麗な女性。

部屋に入り服を脱がせると、綺麗で張りのある巨乳が現れます。

そこにいたのは、掲示板の書き込みにある太った女性ではなく普通体型、むしろおっぱいの大きさに対しては細い印象。

まずは身体を洗ってもらい、風呂に向かい合って入り、張りのある巨乳に触れたり潜望鏡でパイズリ、フェラをしてもらったことで、愚息は戦闘態勢に移行。

マットはおっぱいを全身で感じることができ、パイズリとフェラで硬度を取り戻し、ゴムを着けて騎乗位で挿入すると、強い締め付けに発射。

小休憩後はベッドで2回戦を開戦。フェラとパイズリで硬くして騎乗位で挿入。

逝くことができず正常位に変更したものの、騎乗位での締め付けが行方不明に…後背位に変更すると、大きなお尻に興奮しいつもの自慰より大量に発射。

休憩しつつ触りあって愚息の復活を待ち、元気を取り戻してきたところで騎乗位で挿入。
硬度不足で逝けなかったため、後背位に変更したものの、時間切れで終了。

気持ち良いところに当たるのか、後背位が最も大きい声で喘ぎ、濡れて締まっていだけに最後逝かせられず、逝けなかったのが残念でした。",https://www.cityheaven.net/gifu/A2101/A210101/gold_garden/girlid-39351432/,https://www.cityheaven.net/gifu/A2101/A210101/gold_garden/girlid-39351432
ラブミサイル,しおり,https://www.cityheaven.net/gifu/A2101/A210101/lovemissile/girlid-10227608/,http://okinilove.com/blog-entry-1522.html#kingneko,評価 ★★★☆☆ →記事リンク,"大阪遠征からの数日後の金津園。

お店は、ラブミサイル。
何気に見ていたら、No1のしおりさんが空いてる。　会ってみたいと思っていたので、夜にサクッと行って来ました。

カーテン開けて、すぐ手を取られてのお部屋に案内。
トイレは大丈夫？とかチャンと聞いてくれます。

部屋に入っても、何気ないお話を続けて、凄く話しやすい女の子だと思いました。このまま60分終わってしまうと、言うくらいのお話し上手！

終わりそうに無いと、感じ取ったのか、凄く感じよくシャワーに案内してくれました。脱衣アシストは有りでした。
本当に女の子の良さが凄く分かる接客です。

プレーは、キスもしっかりしてくれて、騎乗位が好きなのか、得意なのか、絞まりも良かったです。

私の息子が小さいのか、、、正常位、バックの時は、少し圧迫感は無かったかなー。話し上手すぎて、キャバクラみたいでエロ抜きでも楽しめる女の子です。

胸とか、天然で感動するくらいの　柔らかさ、硬さ。美乳すきですが、巨乳もたまには良いと思いました。
流石No1という感じです。

美乳好きなので、僕は次は無いかもです。が、是非入ってみて下さい。",https://www.cityheaven.net/gifu/A2101/A210101/lovemissile/girlid-10227608/,https://www.cityheaven.net/gifu/A2101/A210101/lovemissile/girlid-10227608
ラブミサイル,ここ,https://www.cityheaven.net/gifu/A2101/A210101/lovemissile/girlid-14231717/,http://okinilove.com/blog-entry-1522.html#kimu,評価 ★★★★☆ →記事リンク,"約一年振りに、お久しぶり〜ふ！
覚えていらっしゃいますでしょうか？

パチンコが激調子が良くタンス預金が出来ましたので、初のお風呂屋さんへ勉強に行きました。

平日昼間でも、予約してからのが良いですね。
結構、断られました。

少し待てば女の子が空く　ラブミサイルさんへ入りました。

トラブル有りでかなり待たされましたが案内された嬢の写真が好みだったので決めました。

スク水でお出迎えされ軽い対話の後脱がして貰い
「私も脱がして❤︎」なんて言われたらもう！

可愛いおっぱいとキレイな乳首ナイスなお尻キレイなアソコ　ちょこっと惚れそうでした。
すごい型の湯船に浸かりフェラーリ　普通です。

ベットへ行き、たくさんキスをして69になり久しぶりに思う存分アソコを舐めました。ちなみに無味無臭でした。

騎乗位の体制で生IN
嬢に腰ん振ってもらうも気持ち良すぎてstopを掛けて止めてもらいます。
もっと楽しみたいですからね。

そのまま騎乗で覆い被さった状態でお尻を掴むと何とも言えない柔らかさが凄く良かったです。

終始、騎乗位のまま腰を張り溜まったモノをマル秘へ注入して来ました♪

2回目もいけそうですが自分の息子さん元気無く残りはおしゃべりして終わりました。

もっと、いろんな対位をしたいのでこの子なら再訪は有りですね。
ちと遠いけどw",https://www.cityheaven.net/gifu/A2101/A210101/lovemissile/girlid-14231717/,https://www.cityheaven.net/gifu/A2101/A210101/lovemissile/girlid-14231717
ラブミサイル,らら,https://www.cityheaven.net/gifu/A2101/A210101/lovemissile/girlid-49107541/,http://okinilove.com/blog-entry-1522.html#usagi,最高評価 ★★★★★ →記事リンク,"初めてラブミサイルに訪問！！
ネットで気になったララさんを予約。

会った印象は写真とちょっと違うかな。でも可愛いのでオケです！

プレイはかなりH好きの淫乱です。
アソコの締め付けも自由自在です。

スケベ娘がいい方は是非入ってみてください。",https://www.cityheaven.net/gifu/A2101/A210101/lovemissile/girlid-49107541/,https://www.cityheaven.net/gifu/A2101/A210101/lovemissile/girlid-49107541
ラブミサイル,あかり,https://www.cityheaven.net/gifu/A2101/A210101/lovemissile/girlid-53034569/,http://okinilove.com/blog-entry-1522.html#jam,最高評価 ★★★★★ →記事リンク,"柔らかい身体で抱き心地最高。

スタイルは良し。お尻は大きいが、バックからの眺めはくびれからお尻にかけて良い形している。

おっぱいは感度良好、形はよく柔らかいのに垂れていない、理想的。

新人ながらエッチで時間いっぱい積極的にプレイしてくれます。
こちらの要望にも答えてくれる。
結構濃厚な時間を過ごせると思います。

おとなしめの性格で会話は少なかったが、その分プレイにしっかり費やしてくれた。

こちらが正常位、バックで動いていたら、 沢山動いてもらってごめんね、、、と言ってくれるような、優しくて気遣いの出来るいい子でした。",https://www.cityheaven.net/gifu/A2101/A210101/lovemissile/girlid-53034569/,https://www.cityheaven.net/gifu/A2101/A210101/lovemissile/girlid-53034569
サバト,みすみ,https://www.cityheaven.net/gifu/A2101/A210101/sabbat/girlid-34264226/,http://okinilove.com/blog-entry-1436.html#mirakuru,評価 ★☆☆☆☆ →記事リンク,"顔の唇にピアスがありキス出来ない。
指先にはデカイ付け爪。

身体はお尻、太ももが固くデカイ。
イチャイチャない。脱衣も何もしてくれない。

シャワーで時間稼いでおしゃべりが止まらない。
nn本番の時は正常位かバックでまぐろでした。

あそこは突いているととろけるほど気持ちいい。
中にたくさんだしました。

終わったらまたおしゃべりよく聞くと半分くらいうその気がする。

帰りも何もない。
初めのあいさつもない。

名前もこちらが聞くまで言わなかった。案内の人も言わなかった。
教訓　2000円けちるととんでもない目に合う。",https://www.cityheaven.net/gifu/A2101/A210101/sabbat/girlid-34264226/,https://www.cityheaven.net/gifu/A2101/A210101/sabbat/girlid-34264226
サバト,あゆみ,https://www.cityheaven.net/gifu/A2101/A210101/sabbat/girlid-40084635/,http://okinilove.com/blog-entry-1436.html#mingoru,最高評価 ★★★★☆ →記事リンク,"ラブミサイルに入店したての頃入りました。

気さくに話ができ、内容も楽しくて風俗慣れしている感じでした。
スタイルはとても良く、とくに胸はよく褒められるそうです。

アソコは若いだけあり正常位、バックとなった時点で持たずそのまま。

良い娘でしたので、今レインボーとなっているのも納得です。",https://www.cityheaven.net/gifu/A2101/A210101/sabbat/girlid-40084635/,https://www.cityheaven.net/gifu/A2101/A210101/sabbat/girlid-40084635
サバト,ゆら,https://www.cityheaven.net/gifu/A2101/A210101/sabbat/girlid-41709102/,http://okinilove.com/blog-entry-1436.html#hanaru4,評価 ★★★★☆ →記事リンク,"信号待ちで通りすがりの女性を見るだけで股間がうずく症状が出始めたのでこりゃいかん！と予約の電話をしました。

いつかそのうち入ろうと先延ばしにしていたナンバー1のゆら嬢の空きがあったので予約完了。

予定時間の10分前に入店しますが珍しく時間を前倒して案内となり階段上の嬢とご対面。
軽い挨拶から部屋に通されベッドに腰かけてから改めてルックスチェック。

目鼻立ちがはっきりしたフィギアスケート系の綺麗なお顔とドレスの胸元よりこれでもかと谷間が強調されています。
笑顔もあり会話も問題ないのでやはりナンバー1の安定感に納得。

すぐに服を脱いでいただくと白い肌に超美巨乳があらわになりむっちむちのドスケベボディに私のフランクフルトはギンギンにいきり立ちはやく突撃させろ！と紳士を装う私にはお構いなしに主張してしまいます。

軽く洗体をしていただき湯船につかるとここではじめて嬢からキスの誘いがあり濃厚に舌を絡めつつ巨乳ちゃんに手を伸ばします。

スベスベで柔らかくも重量がある至宝は何時間でも揉んでいられそうです。
しかしながら水面下ではバカになった一角獣が常に嬢に当たっておりそれを察したようにベッドへの移動を促されます。

誘導のまま私が仰向けに寝転ぶと覆いかぶさるように
キス→乳首舐め→フェラへと丁寧に進んでいきます。

フェラはいい吸引力でジュポジュポとバキュームでしゃぶってくれ嬢がギンギンのフランクから口を離すと手をついて私の顔の方へ移動してきます。

再度濃厚なディープキスをされ並行して下半身はフランクフルトの裏筋に嬢の柔らかなワレメちゃんを前後に滑らせ素股にて焦られたのちいきり立つフランクには手の誘導などいらずグラインドの流れでそのままズブリと嬢の中に入ってしまいます。

やっぱ生は最高っ！と

締まりのいいおマンコを騎乗位にて味わい揺れる至宝を揉んだり吸ったり欲望の赴くままに楽しみます。

ムッチリボディを堪能するためバックをオーダーし四つん這いになっていただきますが真っ白なデカ尻からピンクの綺麗なワレメちゃんが口を開いているので遠慮なしにノーハンドで突き刺します。

反応もよく尻を鷲掴みにしてピストンしたのち正常位へと移行。

M字で待ち受ける嬢へと挿入しながらクリを弄るとすごい反応で声を上げてアッという間に昇天されました。
その後もピストンやクリいじりで大絶叫の中なんどもイッていただき

最後は恒例の""中に出して""を絶叫してもらい放出いたしました。
果てたフランクがダランと穴から滑り出るとパックリ開いたワレメちゃんからダラダラと精液が滝のように流れでます。

体をあらい服を着たあともすぐにムラムラするほどいやらしいボディラインで人気の理由も納得です。
気持ちのいい疲労感浸りながら帰路につきました。",https://www.cityheaven.net/gifu/A2101/A210101/sabbat/girlid-41709102/,https://www.cityheaven.net/gifu/A2101/A210101/sabbat/girlid-41709102
サバト,ゆずは,https://www.cityheaven.net/gifu/A2101/A210101/sabbat/girlid-46197763/,http://okinilove.com/blog-entry-1436.html#karakiti4,最高評価 ★★★★☆ →記事リンク,"久しぶりの投稿です。

今回はゆずはちゃん。
普段はおっぱいの大きい子を選びがちな私が、たまにはと思って今回はちっぱいの子を指名しました。

それが功を奏しました。
写真とは若干違いましたが、身長が低くて、幼くて全然可愛い子でした。

見た目は高◯生かなと思うくらいの容姿でした。
プロフはCカップとなってましたが、実際はおそらくAカップかな？ですが、それがいいんです。

キャバクラで働いていただけあるのか、おしゃべりはとても楽しかったです。
そして、少し天然なところがあり、それも含めてよかった。
人見知りでも問題なし

プレイは、まだ慣れていないのか、少々ぎこちなさもありましたが、逆にそれが素人感が出てよかった。
プロフにもあるように、めちゃキスしてくれます。

向こうからも積極的にしてくれますし、こちらからも求めれば積極的にしてくれます。
キスの多さもものすごく良かったですが、特によかったのはアソコのキツさ。

今まで風俗で多くの子と遊びましたが、キツさNo. 1かも。
おかげで早く果ててしまいます笑

ちっぱいなので、好みは分かれますが、個人的にはよかったです。
とても可愛い子だったし、愛想も良く、おしゃべりも楽しい、プレイの方はぎこちなさもありますが、それが逆によかったです。",https://www.cityheaven.net/gifu/A2101/A210101/sabbat/girlid-46197763/,https://www.cityheaven.net/gifu/A2101/A210101/sabbat/girlid-46197763
サバト,めめ,https://www.cityheaven.net/gifu/A2101/A210101/sabbat/girlid-47888999/,http://okinilove.com/blog-entry-1436.html#zeri,評価 ★★★☆☆ →記事リンク,"お久しぶりです
姫初め、用事の前に時間ができたので行ってきまして結論リピはないなと

その日待合室にて爪を切り待っているとスタッフに呼ばれ階段へ
顔を合わせて すぐスタスタ行ってしまわれて（あぁ、手を引いてくれたりしないのね）って

ベッドに腰掛け話し始めると 60分で入っているのに話が止まらない

やっと始まると思いきや 脱衣はセルフ、洗体も胸と腰周りだけ、私を湯船に行かせると 嬢は一緒にお風呂に入らず 体を洗ってベッドへ行ってしまいました

仕方がないのでそれを追いかけると やっぱりセルフで体を拭きベッドヘ
（この時点で少し帰りたくなってきた）

プレイは先に攻めてもらったけど普通
キスもなし

時間も無さそうだったので攻めようとしたら すぐ欲しいってIN 何もしてないのにヌルヌルで 仕込んでたからお風呂に来なかったのかな

切り替えて中を楽しんでその後セルフでシャワーして、やっぱりお風呂には入ってきてくれなくて、セルフで体を拭いておしまい　以上

安いところではあるけど、もう少しお風呂屋さんしてよと思いました",https://www.cityheaven.net/gifu/A2101/A210101/sabbat/girlid-47888999/,https://www.cityheaven.net/gifu/A2101/A210101/sabbat/girlid-47888999
カナーズ,メイ,https://www.cityheaven.net/gifu/A2101/A210101/yakata/girlid-47323900/,http://okinilove.com/blog-entry-2802.html#nath2,評価 ★★★★☆ →記事リンク,"店の印象ー
最近電話と店の受付に女性が入ってきましたね。女性の方が優しい感じがするし声も聴き取りやすいので私は好きです。

姫のルックスー
顔は写真と近く目がぱっちりとしてとても可愛らしい。痩せれば超美少女ですね

姫のスタイルー
写真ではグラマーな感じですが実際は結構なぽっちゃりさんです。デブという人もいるのかな？自慢の胸は大きいだけでなく、おわん型でハリもありホントに綺麗です。

おけっけさんはうっすら生えているくらいでした。

姫のキャラクターー
とてもよく話します。かなりのおしゃべりさんですね。話しが途切れる事なくずっと楽しい時間を過ごせます。

姫のプレイー
キスが多いということは口コミでも書かれていましたが、マットの時も全身をお口で舐め上げてくれます。アナル舐めもしてくれます。

会話の途中で何回戦するか？みたいな話になった時、3回戦はしたいと伝えたらマット1回、ベッド2回としっかり姫の方からリードしてくれました。

ベッドでは攻めも受けも良し、フェラも強く激しくしてくれるので、私は優しいフェラより激しい方が気持ち良くすぐに元気になるのでメイ姫のフェラはとても相性が良かったです。

お顔、性格、プレイはレベルが高いのでぽっちゃりを受け入れる事が出来る方ならとても満足出来ると思います。",https://www.cityheaven.net/gifu/A2101/A210101/yakata/girlid-47323900/,https://www.cityheaven.net/gifu/A2101/A210101/yakata/girlid-47323900
カナーズ,ノア,https://www.cityheaven.net/gifu/A2101/A210101/yakata/girlid-48942563/,http://okinilove.com/blog-entry-2345.html#kappa,評価 ★★★☆☆ →記事リンク,"新規開拓と思い、初めての店で初めての姫に行ってきました。

天国サイトの口コミでは高級店出身・テクあり・積極的みたいな感じで書かれていましたが、特にそんなこともなくマットも聞かれずじまいで無しでした。

あと話がつづかないので、こちらから話題を振らないと沈黙がつづきます。。。。

即即でおそうじF有りでしたが、悪くもないけど、裏も返さないかなといった感じです。

ちなみに高級店は2－か月程度いただけのようです。",https://www.cityheaven.net/gifu/A2101/A210101/yakata/girlid-48942563/,https://www.cityheaven.net/gifu/A2101/A210101/yakata/girlid-48942563
カナーズ,まどか,https://www.cityheaven.net/gifu/A2101/A210101/yakata/girlid-51364491/,http://okinilove.com/blog-entry-2802.html#moti,評価 ★★★★☆ →記事リンク,"お仕事忙し過ぎて気付いたら半年以上お風呂屋さんに行ってなかったです。
餅です。

たまたま岐阜での予定が早く終わり、どこへ行くか悩んでいた所、まどかちゃんが空いていたので即指名。

口コミが多いのにオキニラブでのレポが無かったので、前々から気にはなっていましたが地雷の可能性も考えて今日に至りました。

結論から言うと地雷ではなかったです。

低身長ですが体型はむっちり〜ぽちゃなので気になる人は要注意です。
お顔もサイトとは違うかな？とは思いつつも許容範囲内。

比較的大人しいタイプでしたが、聞き上手で話上手だったのでプレイ前後のストレスはありませんでした。

プレイの方は基本受身というかそこそこのMなので攻め好きな人との相性はいいと思います。

フェラのテクはそこまで高くなく、ゆっくりと全体を攻めるタイプなので息子が元気になったら即inがよろしいかと。

中身は仕込んでるのか？ってレベルで濡れ濡れだったので、締まりが少し弱く感じられてちょっとだけマイナスポイントでした。

正常位で疲れた後、手マンとクンニで攻めると、若干のマン臭。
僕は無臭よりも臭いがあった方が好きなのでテンションアップし、ムスコも喜びを隠せない状態に。

しばらく攻めて一度イってもらい、膝立ちで舐めてもらった後はバックで突入。

すると、穴の中には愛液が溢れており、まるでローションを大量に入れたオナホに挿入したような心地良さに思わず脳が溶かされました。

本能のままに腰を振ると、下品な音を鳴らしながら愛液を溢れさせる秘部は初めてでしたね。

まどかちゃんも気持ちよかったようで、頼んでもいないのに淫語を連発する始末。
程なくして我慢が出来なくなってきたので、奥にたっぷりと放出してあげました。

ピロートークではお互いに恋愛相談をしたり、もっと色んな攻め方をして欲しい等、盛り上がりまくったので、また遊ぼうかと思っています。",https://www.cityheaven.net/gifu/A2101/A210101/yakata/girlid-51364491/,https://www.cityheaven.net/gifu/A2101/A210101/yakata/girlid-51364491
カナーズ,ミオン,https://www.cityheaven.net/gifu/A2101/A210101/yakata/girlid-52342166/,http://okinilove.com/blog-entry-2802.html#nath,評価 ★★★☆☆ →記事リンク,"月木しか出勤しないレア姫とたまたま日程があったので会いに行きました。

姫のルックスー
ヘブンの写真を見て誰が想像出来るでしょうか？まさかの金髪ギャル！！肌の色まで違う！！完全なギャルです。ここまでのパネマジは初めてです。

姫のスタイルー
「100cmの巨尻」を売りにしており確かにデカい！上半身は普通体型でお尻と太ももだけデカく少し日焼けしているという外人さんみたいなスタイル。

好きな人は好きなんでしょうが私は写真の様な色白で少しムッチリスタイルを期待していたのでちょっと残念。

姫のキャラー
ひと目見たときは「やっちまったな～」と思ったがにこやかに笑いかけてくれて自分から手を繋いで話しかけてくれたのでここで少し安心。普段は昼職てしっかり働いているだけあって話すときは笑顔で、基本敬語て話すので性格はとても良く気分良く話せます。

それ程会話が途切れる事なく楽しく過ごせました。プライベートでのH体験も話してくれますが、この後のプレイを体験すると、ちょっと話し盛ってる様な、、、。

姫のプレイー
マットは腰痛の為今は出来ないということでベッドのみで。見た目の派手さと、H体験の話は完全に肩透かし。もう、ごくごく普通。特筆する様な事は何も無いです。

致命的だったのが、乳首を触ると体を動かしたり手でガードしたりとほとんど触らしてくれない。受け身ではそんな感じで、攻めてもらっても乳首を少し舐めてからすぐにフェラで挿入。

一応声は出してくれるのですがなんか乗り切れないまま終わってしまった感じ。ただ、フェラは棒を先端から根元まで上下してくれて特にカリに唇が当たる時気持ち良かった。でもどう言ったら良いのか分かりませんが上手いって感じではないんですよね、、。

それなりに楽しい時間だったし、しっかり2回戦こなしたので損したまでは思いませんが、なんかモヤモヤが残る感じ。

写真の超パネマジは身バレを防ぐ為と言っていましたがやっぱりやり過ぎ。
ギャル好きならイイんじゃないですか？私はリピ無し。",https://www.cityheaven.net/gifu/A2101/A210101/yakata/girlid-52342166/,https://www.cityheaven.net/gifu/A2101/A210101/yakata/girlid-52342166
ギャルズパラダイス,のん,https://www.yoasobi.co.jp/tokai/deli/shop/7665/girl/1055971/?aid=ad_001,http://okinilove.com/blog-entry-2317.html#takataka,評価 ★★★★☆ →記事リンク,"直ぐ案内あって良かったんですが、電話対応は良くないですね。

確認の復唱も、何こいつ？そんな事も知らないの？みたいな感じで、応対されます。
はっきり言わないから、確認してるのに。

肝心な女の子は大当たりとはいかなかったものの、ハズレではない感じで、結果当たりかなぁ、といった感じです。

体型はぽってりしてるんでちょいがっかりですが、シャワーの時もキスしてくれたり、触ったり、触らせてくれたりします。

なんて呼んだらいいですか？ってなかなかそんな事言ってくれる子いないんで、良い子だと思います。

肝心のプレーは受けもしてくれて、声も出て感じてくれる所いいです。
下もキツくて、指一本できつい。
舐められるのも、手でされるのも好きみたい。

攻めは手コキと口でけっこう直ぐいかせようとしてきます。
テクは並って感じです。

SPもゴ〇ありであれば、お願いして、お願いすれば、絶対駄目って感じではなさそうです。
正常位で激しくするのが好きみたいですのでそれでいけました。

最後のシャワーのタイミングでお茶入れてくれた、いい子です。

出稼ぎの不定期なんでもういないかもしれません。",https://www.cityheaven.net/aichi/A2305/A230504/gals_paradise/girlid-26024024/,https://www.cityheaven.net/aichi/A2305/A230504/gals_paradise/girlid-26024024
ギャルズパラダイス,あずさ,https://www.yoasobi.co.jp/tokai/deli/shop/7665/girl/1065081/?aid=ad_001,http://okinilove.com/blog-entry-402.html#doutei,最高評価 ★★★★★ →記事リンク,"AF目的で予約。

可愛いギャルメイクと、むっちりの体。
年齢は実際23歳くらいかなあ、、シャワーを浴びてベッドでおしゃべり。

向こうから、、ということはなく、こちらからやりたいことをどんどん言っていきましょう。

ちょっとイチャイチャして最終的にＡＦをお願いすると、自分からＡにローションを準備して、お尻を突き出してきます。

挿入してみるといままで喋っていた声とは全くの別の声で喘ぎます。
めちゃくちゃ喘ぎます。声デカいです。

演技なのか本当なのか分かりませんが、どっちでも良いと思えるほどに興奮します。
Ａはだいぶ使い込まれているようで、別の人と比べると簡単に入った印象。

ただ、吸いつきがすごい。
大きな喘ぎ声とバキュームＡでトリップしそうになります。

速攻イキそうになりましたが何とか数分耐え、そのままフィニッシュ（もちろんＧあり）

ＳＰは交渉しませんでしたが、プレイ後の会話からするとあんまりやりたそうではなかったです。
ＡＦをお願いしましょう。

私、自慢ではありませんがまあまあサイズが大きいのでＡＦのお店では良く断られていました。
出来ても締め付けられすぎて逝けないことも多々ありました。この子は、すんなり入ってその上気持ちいいです。

あと、ＡＦ無料の子って正直ブスばっかりじゃないですか？
この子は普通に顔も可愛いです。

メイクによるかもしれませんが、狸顔で良く笑うし愛嬌があります。",,
ギャルズパラダイス,なほ,https://www.yoasobi.co.jp/tokai/deli/shop/7665/girl/1098685/?aid=ad_001,http://okinilove.com/blog-entry-402.html#miruton,評価 ★★★☆☆ →記事リンク,"かなりのパネマジでした。
不細工ではないけどパネルは加工し過ぎ。

当方利用時のプロフは１８歳だったが、プレイの合間に(-。-)y-゜゜゜するとあたしも良いかなと(-。-)y-゜゜゜
未成年はダメだと注意すると本当は２3歳だよと更にヘビスモであることまで暴露。

キスは積極的だが基本M　膜蟻で5Kと持ち掛けられたが追銭までしてやりたいタイプでは無かったのでパス。

甘えてる時の顔は可愛いが素で笑うと笑顔が不細工という残念な子。
この年齢で業界５年目のベテラン。

追銭本〇断って以降の時間はテンション下がったのかやる気無さそうな素振りになったのはマイナス。
T148 ・ 84 (B) ・ 55 ・ 84とあるようにロリ好きにはストライクな体型。

素で話すと結構言葉使いもよろしくない。
良い環境で育ってないなこの子。

パイパンなので攻めやすく感度は良いがトータルでリピはない。",https://www.cityheaven.net/aichi/A2305/A230504/gals_paradise/girlid-29978787/,https://www.cityheaven.net/aichi/A2305/A230504/gals_paradise/girlid-29978787
ギャルズパラダイス,かおる,https://www.yoasobi.co.jp/tokai/deli/shop/7665/girl/1100052/?aid=ad_001,http://okinilove.com/blog-entry-402.html#sasuke,評価 ★☆☆☆☆ →記事リンク,"随分とご無沙汰しております。

最近は、オキニが1人見つかり平和な風俗ライフを送っていたのですが、そのオキニが出稼ぎで月に一度の短い期間の出勤で自分のイきたいタイミングでイケないこともあって出稼ぎでは無い女の子を探して放浪の旅を再開しました。

そこで、このお店の無料ローション風呂のキャンペーンに惹かれて女の子探しヘ○ンの口コミを見て突撃してまいりました。

結果は...久しぶりの撃退でした！
いやぁ～、キツかったです。

自分のタイプでは全く無いです...

歳を感じさせる顔、乳、腹、足
シャワーの時にチンコがほとんど反応しないなんて久しぶりでした

ベッドでもフェラだけしてもらいキスなどのコチラからの攻めは一切無しで完全マグロ状態
イケるかも不安でしたが、最後振り絞り発射しましたが、

嬢の名誉の為にも良かった点を挙げるとするならば、会話のキャッチボールがしっかり出来た事かな

ただし、本当に自分のタイプでは無かったので会話も盛り上がろうとせずに早く時間よ経ってくれと願うばかり

まだ、今後も出稼ぎではない女の子の旅を続けます。
次回は、ハズレがない様に名古屋の人気嬢に入ります。

ただ、人気嬢って予約が取れないからオキニとして少し気が引けるんですよね。でも、もう、そんな事は言ってられないので皆さま！！！次回のサスケレポートをご期待下さいませ！",https://www.cityheaven.net/aichi/A2305/A230504/gals_paradise/girlid-29978787/,https://www.cityheaven.net/aichi/A2305/A230504/gals_paradise/girlid-29978787
ギャルズパラダイス,みかほ,https://www.yoasobi.co.jp/tokai/deli/shop/7665/girl/1102955/?aid=ad_001,http://okinilove.com/blog-entry-402.html#ningen,評価 ★★☆☆☆ →記事リンク,"ギャルパラはあまりいい思い出はないですがたまたまパネルが超タイプな嬢がいたので突撃です。

9割騙されてるのはわかってるのですが残りの1割に期待してしまうのが男の性です。

ホテルで待つこと数分、部屋に入ってきた嬢は何か違う。
不細工と言うほどではないが少なくともパネルの面影はほぼ見えないほどの別人。
ここで今日の敗北はほぼ決まりです。

話をすると大阪からの出稼ぎとのこと。
これはダメそう。

話もそこそこシャワーを浴びますがとにかく事務的。
市役所に来たのかと思うレベルです。ただおっぱいだけは最高級です。

こんな地雷久しぶりに踏んだなと思いつつとりあえずやることやろうと切り替えます。
が、ベッドに入るとまさかのDK拒否。そんな嬢もう何年も入った記憶がないよ…

おまけに乳首は片方痛いから触るなとのお達し。
まあでも切り替えて出来ることはやります。
すると生きてる片方の乳首は無駄に反応がよい。

乳首責めるだけイッてしまいました。
乳首でイク嬢はなかなか希少なので少しテンションが回復します。

ちょっと見直したところで攻守交代。
すると、とにかく手コキ手コキの一点張りでフェラはほぼなし。
ただ手コキだけは無駄に上手い。

これは仕方ないと気持ちを切り替えて授〇手コキでフィニッシュ。
何かいつもの数倍飛んで最終的には滅茶苦茶気持ちよく終わりました。

その後時間があったので話をしましたが最終的には仏頂面からよく笑う子に変わっていました。
人見知りするタイプなのかな

色々と地雷要素は満載ですがギリギリ踏みとどまった感じの結構なレア体験でした。",,
ギャルズパラダイス,いのり,https://www.yoasobi.co.jp/tokai/deli/shop/7665/girl/1124664/?aid=ad_001,http://okinilove.com/blog-entry-402.html#takesao2,評価 ★★☆☆☆ →記事リンク,"深夜に性欲に負け見た感じ可愛かったいのりちゃんを指名

元メイドさんらしくおしゃべりがすごく楽しかったです
ほぼおしゃべりで終わってしまった

深夜2時過ぎ…この時間は厳しい
1回戦でダウンでした

プロフではお胸Eとのことでしたが現実はBくらいでした残念…写真とか見ればわかるんだけど

お話の中でタダでSPはしないらしいです
お小遣いあげたらワンチャン？

う～ん、リピは申し訳ないけどないかな",,
ギャルズパラダイス,ミサト,https://www.yoasobi.co.jp/tokai/deli/shop/7665/girl/1130937/?aid=ad_001,http://okinilove.com/blog-entry-402.html#kurosuto,評価 ★★★☆☆ →記事リンク,"2021/1に入店。
定期的に黒ギャルとしたくなる性があり、この日はネット見ていたらたまたま、見つかったので突入することに！

会ったときはラストだったのもあるせいか、化粧が剥げて別人な感じでした。ブサイクではないと思います。

マスクも着けていなく、服装は不潔にも見える感じでしたか、ギャルっぽいのでOKとゆーことで。
名古屋からの出稼ぎ嬢だったので、時間が経てばまとまった出勤あるかも。

最初は話からやる気なさそーな感じがしましたが、ラストだったので疲れているだけで積極的ではないにしろ、会話は楽しかったしこちらの要望は全部聞いてくれました！

特に黒ギャルパイパンの顔面騎乗は興奮度高かったです！
まん汁を顔に染み込ませ、69から女の子のアナルもベロベロ堪能して、クンニへ！

クリがでかかったので、クリ吸いしましたが感じてるけどイキきれていない感じ。。。
クリ吸いは敏感なところを直で吸うので、吸い加減が難しく興奮して強く吸おうものなら女の子のトラウマなります！

だけど、この子は平気な感じだったので吸引力をあげたらあえぎ声と脚のピクつき具合がいー感じに！！
もっと強くて良いというので、ダイソン並みの吸引力にあげたら女の子はイキました(笑)

本人いわくデンマ使いすぎて刺激に慣れているかもとのこと！

女の子は疲れていましたがフェラや乳首舐めも頼めばやってくれたので、この辺はギャル感あります！
最後は乳首舐め手コキで締めました！

時間の早い時に入っていればなーって感じでした！

SPは追加１でやってるとのこと！
超SPは1.5~2とのことです。

顔写真とのギャップと清潔感、ビジネスライクな感じから個人的にリピは無しです。
黒ギャルにはエロさを求めていたので作業的な感じではなく、痴女感あればリピありですね！",,
ギャルズパラダイス,しのん,https://www.yoasobi.co.jp/tokai/deli/shop/7665/girl/1131675/?aid=ad_001,http://okinilove.com/blog-entry-402.html#mikawa,評価 ★☆☆☆☆ →記事リンク,"写真は撮影力が高い&加工なのかな？と思うレベル。

S嬢なので、責められるのみが希望の方は良いと思いますが、顔、体共に興奮しないです。

趣向が合えば良いと思いますが僕はリピ鉄無しです。",https://www.cityheaven.net/shiga/A2503/A250301/galparadise_h/girlid-62881202/,https://www.cityheaven.net/shiga/A2503/A250301/galparadise_h/girlid-62881202
ギャルズパラダイス,けい,https://www.yoasobi.co.jp/tokai/deli/shop/7665/girl/1148260/?aid=ad_001,http://okinilove.com/blog-entry-402.html#hajime,評価 ★★★★★ →記事リンク,"⚠️このレビューは、嬢が僕の性格とマッチしたので星5になってます⚠️

フリーで頼んで、けいさんが来てくれました。
狭い部屋に入って、少し喋ってシャワー。
フェラと手こきを繰り返して、1発抜いてもらいました。
プレイは以上になります。

……え、終わり!?  なんで星5!?

と思ったそこのあなた。

確かにプレイは物足りないかもしれない。
僕が満足したのは、嬢が演技なしで接してくれたことです。

僕、まじで嘘や素人くさい演技が大っ嫌いなのです。
今までデリへル行っても、なんか無理して喘ぐ嬢とかぶりっ子みたいな喋り方してくる嬢ばっかで、どんだけプレイが上手くても苦手でした。

けど、今回は素のまま且つ、事務的サバサバもしておらず、実に丁度いい態度でやってくれたので大満足です。

最初の15分で1発抜いて、あとは雑談で終わったけど、こんな満足したのは初めてでした。
イチャイチャしたい人には合わないと思います。

あと、交渉とかはNGらしいです。(小声)",https://www.cityheaven.net/aichi/A2305/A230504/gals_paradise/girlid-54793954/,https://www.cityheaven.net/aichi/A2305/A230504/gals_paradise/girlid-54793954
ギャルズパラダイス,らいか,https://www.yoasobi.co.jp/tokai/deli/shop/7665/girl/1155918/?aid=ad_001,http://okinilove.com/blog-entry-402.html#mimyan,最高評価 ★☆☆☆☆ →記事リンク,"ルックスはともかくいわゆるメンヘラの子でした
プレイも早く終わらせよう感が強かったですね

演技丸出しでイッタ振りした後手コキとフェラで終了
体拭いたタオルを放り投げてたり色々残念な子でした",https://www.cityheaven.net/aichi/A2305/A230504/gals_paradise/girlid-37703974/?ad=sgs,https://www.cityheaven.net/aichi/A2305/A230504/gals_paradise/girlid-37703974
ギャルズパラダイス,ゆりあ,https://www.yoasobi.co.jp/tokai/deli/shop/7665/girl/1161889/?aid=ad_001,http://okinilove.com/blog-entry-402.html#saido,評価 ★★★☆☆ →記事リンク,"お正月早々に遊べる女の子を探していたら気になる子がいたので予約して会いに行ってきました。

正月価格で指定ホテルで総額30Kでした。

ホテルの部屋に先に入りお店に部屋番号を連絡するとしばらくして女の子が到着。
お金を払いおしゃべりすると関西から出稼ぎとのことです。

コスプレを頼んでおいたので着てもらいエロエロ写真撮影。プレイは責めて責められてから交渉すると15Kのお小遣いで安全帽子を装着して発射。少し高いお年玉でした。",,
ギャルズパラダイス,ねむ,https://www.yoasobi.co.jp/tokai/deli/shop/7665/girl/1168489/?aid=ad_001,http://okinilove.com/blog-entry-402.html#doji,評価 ★★☆☆☆ →記事リンク,"年末忘年会で久しぶりにビジネスホテルに呼んでみた。
ホテルにデリヘル禁止の張り紙があり久しぶりにドキドキしながら呼んでみた、このドキドキが高ぶるんだよね。

シティHEAVENから探して「うわっ美人」を呼んだんだ。
結論やっぱり地方は駄目ですね、ホテルのエレベーターがカードキーが無いと入れないので１Fまでお出迎え。

ん～、もこもこしてる？。気のせいかな？。
エレベーターを無事越え部屋へ、上着を脱いだときに「えっ」大きさが変わらない（笑）。

もこもこがそのまま出てきた。あれ？いやいや、プロフのサイズはT150-82‐55-83のハズでは？。身長はそうだけど。う～ん顔は可愛いのに残念、性格は明るいから嫌じゃないんだけどね。

愛知では当たりは少ないのかな。
プレイとしては可もなく不可もなくってとこかな。

フェラは上手で時々歯が当たるのは気持ちいい。きすもディープで嫌がらないし、ちゃんと演技もしてる。
素股止まりだが騎乗位もする、濡れも強めだからローションも不要。

これでもう少し細めならいいのに。まあ時間内にちゃんと逝けたのだから文句は失礼だが。",,
ギャルズパラダイス,かの,https://www.yoasobi.co.jp/tokai/deli/shop/7665/girl/1185397/?aid=ad_001,http://okinilove.com/blog-entry-402.html#binyu,評価 ★★★☆☆ →記事リンク,"オキニラブさんこんにちは！！
今回は初めて三河エリアに進出、ギャルズパラダイス安城のかのちゃんに入って来ました。

地理的にはかなり遠く交通費が嵩むリスクはありましたが、以前に一宮遠征で奥様艶美さんという優良店を見つけた例もあり、敢えてのチャレンジです！

なかなか感じの悪い電話応対をグッと堪えて、私好みのスレンダー美乳(と思われる)かのちゃんを予約しました。
ブログ見る限りでは細いのは間違い無さそうですし、雰囲気も明るそう。

期待に胸を躍らせてのご対面・・うん、かなりのスレンダー！！これは良い∑(°∀°)

お顔の方はというと、これは評価に困ります。便宜上""写真より落ちる""を付けましたが、写真に写ってる部分には嘘は無いんですよね。隠してある部分(お顔の下半分)がちょっと・・ていう感じです。

着衣の状態ではかなりガリガリに見えるので、期待している胸は本当に存在するのか不安になりましたが、コレは大丈夫でした。
おわん型でハリがあり、乳輪小さめの模範的美乳です。

余計なお喋り等は無く、淡々とシャワーの準備を進める様子は""慣れ""を感じさせます。全体的にお仕事感は強め。

プレーに入ると攻め受けどちらが希望か聞かれたのでまずは攻めることに。舌が長くて絡み付くようなキスが気持ちいいです。

身体は本当に綺麗で文句なしですが、乳首はあまり触られたくないようでコレはマイナスポイントかな。

下はパイパンですが処理が甘くジョリジョリした感触が少し気になりました。アソコは狭くて指1本でもキツキツです。感度はまあ普通でしょう。

問題は攻守交代したこの後です。急に手抜き感が顕著になります。なんか機嫌損ねるようなことしたかな？と思いながら、しばらく身を任せていたのですが・・

追銭SP提示。盛り上がった流れでそうなるならまだしも、別にそんな気分でもないしな・・

本来なら毅然とした態度でプレーを切り上げたかったところですが、「安城くんだりまで来てヌかずに帰るの勿体ないやろ(･д･｡」というセコい心理が働き、結局は追い銭要求を飲んでしまいました。

愚息の方は素直に反応。なんやかんや最終的には楽しませて頂きました。

総合評価としてはリピは無しです。
分かり易く態度が変わるのはちょっと・・
そういうのが気にならない方なら良嬢かもしれません。",https://www.cityheaven.net/aichi/A2305/A230504/gals_paradise/girlid-40983974/,https://www.cityheaven.net/aichi/A2305/A230504/gals_paradise/girlid-40983974
ギャルズパラダイス,せいな,https://www.yoasobi.co.jp/tokai/deli/shop/7665/girl/1216979/?aid=ad_001,http://okinilove.com/blog-entry-402.html#peta,評価 ★★★☆☆ →記事リンク,"管理人様、皆様、お世話になっております(｀・ω・´)ゞ久しぶりのレポになります。

今回は少しデリエリアを広げてみよーかと思い、安城のギャルパラを選んでみました。

【お店】
イベント　ホテルコミパック80分21000円+指名2000円だったので、岡崎ドMよりは割高、、、豊田ぶりっ子とはとんとんぐらいかな。
予約電話〜指定ホテル案内までは特に問題なかったですが、少し早口で「えっ？？」と聞き直してしまいました。

【ホテル】
指定ホテルはかなり狭いとこでユニットバス。ゆったりしたい方にはおすすめできません。女の子によっては嫌がる子もいると思います。

先に部屋に入り待つパターンです。

【女の子】
今回お願いしたせいなちゃん、ノックからのドアを開けた時から笑顔です。さすがにパネル通りとはいかないかー、、、ちょっと化粧は濃いめでしたね。

少しトークからのシャワーで、ボディのほうはパネルと差はほぼなしかと思います。

こちらから先攻のクリナメがお好きなようで少しびくびくしてもらいつつ、交代でくわえてもらいつつよく聞く（他レポで見る）セリフ「いつもはどーやってイクの？」からのお小遣い制とのこと。

ひとまず今回は新規開拓目的で次があるかはビミョーなラインのため、一旦お断りで。ですが、特に嫌な顔や態度が変わるわけでもなく、しっかりとした攻めをしてくれます。

十分攻めてもらったところで、あえなくフィニッシュ。。。最後まで口で受けてくれました。
水分補給しながら、「何回イキたい？？」と２度ヌキ以上を提案してくれますが、自分基本は一発屋なのでとりあえずトークで、、、しゅーりょーです。

新規開拓としては、他の子と遊んでみて判断、、、としておきました。
以上になります！！",https://www.cityheaven.net/aichi/A2305/A230504/gals_paradise/girlid-47234777/,https://www.cityheaven.net/aichi/A2305/A230504/gals_paradise/girlid-47234777
ギャルズパラダイス,るなぴ,https://www.yoasobi.co.jp/tokai/deli/shop/7665/girl/1225707/?aid=ad_001,http://okinilove.com/blog-entry-402.html#komeko,評価 ★★★☆☆ →記事リンク,"黒ギャルと遊びたくて探したけど見つからず、少しでも黒っぽい子を探して指名。

実際は写真より薄く健康的な小麦色でした。
写真と比べると落ちるけど、まぁこんなもんかなと納得。

性格は良さそうで感じも良かったので時間増やしてプレイ開始。

プレイ自体は可もなく不可もなく、反応はよかったので楽しめましたが、手コキ多めでした。
イッた後も追い手コキで攻めてくれて、そういうの好きな人には良いかも。

乳首が小さく綺麗で可愛かったので自分的にはプラスポイントでした。

SP交渉はしなかったので分かりませんが、雰囲気によってはイケる気もします。しても良かったかなーとちょっと後悔。
初ギャルでしたがギャルも良いですね！",https://www.cityheaven.net/shiga/A2503/A250301/galparadise_h/girlid-62614431/,https://www.cityheaven.net/shiga/A2503/A250301/galparadise_h/girlid-62614431
ギャルズパラダイス,くみあ,https://www.yoasobi.co.jp/tokai/deli/shop/7665/girl/1229210/?aid=ad_001,http://okinilove.com/blog-entry-402.html#fuzokubo,評価 ★★★★★ →記事リンク,"舌ピアスが2つ開いてるという触れ込みでようやく時間があったので凸

なーんか日記見る限り本〇あるよなぁと思っていましたが予想通りありました

嬢の外見はプロフ写真より大人にした感じ(プロフはロリっぽいですが実物は年相応って感じです)

最初はおしゃべりタイム長いかなぁ？と思っていましたが元キャバ嬢との事なので推し量ってる感じがしますね

体の方はアスリートみたいな美しい体です
ただ本人は歩くのすら嫌という程の運動嫌いらしいので完全に体質ですね羨ましい

それでも女性らしく柔らかい体で人体の不思議を感じます
個人的に3Dモデルの作成などしてるので資料としてめちゃくちゃ欲しい体でした

Dキスもしっかりしてくれて舌ピアス好きとしてはたまりませんね

「いつもどうやってイクの？」の定型文に本〇を仄めかすとオプションが出てきます
1未満では絶対にしないとの事なのでその時値段を聞いてみてください

そして驚くべきはその膣圧
指入れで引いてもないのに簡単に指が押し出されます
愚息を〇れた時は痛いくらいでした

親指と人差し指で輪を作って根元にあてがって全力で握って貰うと疑似体験ができます
私は本〇はバカ早漏なのですが頑張って耐え一発目はお腹に発射

膣圧すごいね！等と数分話しているとなんと愚息が復活
頭の中でエロ漫画かよ！？と突っ込みながら再度くみあさんの〇に突っ込みます

しかし2発目にも関わらずスグに轟沈
時間も来たので3回戦はありませんでしたが時間があればやれそうな気がします

追加ありとしてもこれはリピ確です
次は最初から最後まで〇れまくってみたいですね

以上乱長文失礼しました",https://smart.cityheaven.net/aichi/A2305/A230504/gals_paradise/girlid-49410986/diary/panel/,https://smart.cityheaven.net/aichi/A2305/A230504/gals_paradise/girlid-49410986/diary/panel
ギャルズパラダイス,えむ,https://www.yoasobi.co.jp/tokai/deli/shop/7665/girl/1233933/?aid=ad_001,http://okinilove.com/blog-entry-402.html#nametaro,評価 ★★★★☆ →記事リンク,"ここ最近は名古屋にお気に入りが出来て、ずっとその子だけに入ってたので、三河方面のデリは久しぶりの利用でした。

出稼ぎ嬢である事は分かっていましたが、日記の内容がとにかくエロくて、超SPを匂わせる内容だったので凸しました。

プレイ内容はエロくて積極的でお互いに高まったところでマンズリから交渉したところ、入場料の提示が、、、😱💦

しかし、ムスコは突〇したがっているのでお支払い💦
でも元を取るかの如く攻めたてて、3発も出させて頂きましたw

でも、この金額ではリピするのはちょっとしんどいかも😅
なかなか良い娘は見つかりませんね😞",,
ギャルズパラダイス,るら,https://www.yoasobi.co.jp/tokai/deli/shop/7665/girl/1242646/?aid=ad_001,http://okinilove.com/blog-entry-402.html#oruka,評価 ★★★★★ →記事リンク,"めちゃくちゃ可愛かった

墨はいってるけど、そんなに気にならなかったので問題なし
手コキがめちゃくちゃ良かったからいくべき

攻めた時に何回か本気イキしてくれたからクッソ可愛くてリピートするつもり
素股も上手いマジで最高",https://www.cityheaven.net/aichi/A2305/A230504/gals_paradise/girlid-51731503/diary/,https://www.cityheaven.net/aichi/A2305/A230504/gals_paradise/girlid-51731503
ギャルズパラダイス,みかん,https://www.yoasobi.co.jp/tokai/deli/shop/7665/girl/1249199/?aid=ad_001,http://okinilove.com/blog-entry-2317.html#peta,評価 ★★★☆☆ →記事リンク,"いつもお世話になってます！
前回から引き続きになりますが、オキニ探しのため再びこちらのお店にいってきました。

【店員】
電話をしコールはしますが、出てくれません。一旦切ると、折り返しで電話。店名を名乗ってくれますので、話を進めます。少し早口で聞き取りづらいですが、特には問題ありません。

【料金】
パックコースでお願いすると、今回はHPの値段でクレア（ビジホみたいなとこ）、＋1000円でサンライト（ラブホ）とのことだったのでラブホを選択！この辺は前回の女の子からの情報通り！
やっぱり指名もすると割高ではあるか？

【女の子】
待つこと数分で女の子が部屋に到着。写真とほぼ変わらないものの、少し落ち着き感が感じられる子でした。
ホテルの料金割引のため（あとで知りましたが、、、）いきなりテレビをつけるので一声かけて欲しいです。。。

プレイ後には結構喋ってくれましたが、最初は口数も少なくそっけなかったです。

冷え症？なのか、シャワー後は布団に潜り動かなくなるので、体をこっちに向かせてキスからスタート！
しっかりと受けてくれ、長めでも舌を絡めてくれるいい感じでした。、

全体的に攻めましたがいいとこを探し切れず交代で、、、簡単な全身リップからのフェラで気持ちいいです。

ある程度のとこで素股をお願いし、プラスローションでしてもらうとこれも気持ちいいです。
お願いしてみましたが、言葉を濁してました（多分、プラスなのかな？）

はっきりしないので、そのまま続けてもらいフィニッシュ。

終わったあとも寒いと布団に潜りますが、トークはするので寝たりと、いったことはなかったです。
プレイ中以外はさっぱりしてる子でした。

好みのタイプではありましたが、オキニとまではいかない感じでした。
なかなか巡り会えませんが、希望を、もっていきたいと思います！

次はどうするか、悩みますね。。。",https://www.cityheaven.net/aichi/A2305/A230504/gals_paradise/girlid-52628647/,https://www.cityheaven.net/aichi/A2305/A230504/gals_paradise/girlid-52628647
ギャルズパラダイス,いる,https://www.yoasobi.co.jp/tokai/deli/shop/7665/girl/1250273/?aid=ad_001,http://okinilove.com/blog-entry-2317.html#sorati,評価 ★★★★☆ →記事リンク,"お初投稿になります。
いつも参考にさせて頂いてるので。

自分の健忘録として書きます。

ギャルズパラダイスのいるちゃんと遊びました。
こちらは家から近いこともあり何人か遊んでます。

まず、ドア開けて入ってきてびっくり。
パネル写真よりずっと若い、というか幼い。
若い子好きならたまらないんじゃないでしょうか♡

天然Gカップの柔らかさと小さな乳首も魅力。

プレイはサバサバしてる印象ですが
お客さんに合わせてる感じに
相手がMぽいならS寄りに
SぽいならM寄りにするそうです。

色んなリクエストプレイも応じてくれる、基本的には手っ取り早くN〇したがるイメージです。
(ただし高めの円盤設定)
↑こちらも相手に合わせるとのこと。

ハキハキなんでも答えてくれる可愛い子
関西の子なので時折出る関西弁もたのしい😊",https://www.cityheaven.net/aichi/A2305/A230504/gals_paradise/girlid-52361117/,https://www.cityheaven.net/aichi/A2305/A230504/gals_paradise/girlid-52361117
ギャルズパラダイス,めい,https://www.yoasobi.co.jp/tokai/deli/shop/7665/girl/1251485/?aid=ad_001,http://okinilove.com/blog-entry-2317.html#umisan,評価 ★★★★★ →記事リンク,"管理人さま、ご無沙汰しております
最近は読む専門でしたが、久しぶりに投稿いたします

今回は、安城にある有名店「ギャルパラ」さんの「３Pコース」を体験してきました

某天国サイトのオキニトークができず、過去の口コミや写メ日記を参考に女の子の人柄を推測して、当日に臨みました

結果として、とても素晴らしかったです
お二人とも美巨乳で、めいさんは綺麗系、るるかさんは可愛い系で、とにかくエロかった

女の子が２人いて、お話だけで時間が進むかな〜とか危惧してましたが、そんな事も無く、事務手続きして、軽くお話後にプレイへ移行でした

お二人は普段から仲が良いとのことで、チームワークに翻弄されてあっという間に昇天でした（笑）しかも何回も（笑）

常にどちらかが、我が愚息を触って、こちらも4つあるオパーイを堪能させてもらいました。

素股の際に、「事故を装って」という邪な考えもよぎりましたが、それがなくても楽しい時間を過ごすことができました。

基本、出稼ぎで月に数日しか来ないとのことでまぁまぁのレアキャラ、しかも３Pコースなのでお安くないですが、リピの価値はあるかな~と思います。",https://www.cityheaven.net/aichi/A2305/A230504/gals_paradise/girlid-53109813/,https://www.cityheaven.net/aichi/A2305/A230504/gals_paradise/girlid-53109813
ギャルズパラダイス,えま,https://www.yoasobi.co.jp/tokai/deli/shop/7665/girl/1254516/?aid=ad_001,http://okinilove.com/blog-entry-2317.html#sahi,評価 ★☆☆☆☆ →記事リンク,"個人的には背は低いが容姿やスタイルは悪くないと思います。ただ、乳は垂れていて、乳輪が大きく、黒ずんでいて残念でした。

最初AFを希望したのですが、途中で電話で言われてなく、浣〇していないので出来ない、追銭ならSP出来ると言われました。
ゴ〇ありなら5千、ゴ〇なしなら1万でした。

再訪はありません。",https://www.cityheaven.net/aichi/A2305/A230504/gals_paradise/girlid-57825918/diary/panel/?pcmode=sp,https://www.cityheaven.net/aichi/A2305/A230504/gals_paradise/girlid-57825918
ギャルズパラダイス,あのあ,https://www.yoasobi.co.jp/tokai/deli/shop/7665/girl/1256762/?aid=ad_001,http://okinilove.com/blog-entry-2317.html#swing,評価 ★★★☆☆ →記事リンク,"管理人様お疲れ様です。

今回はギャルズパラダイスのあのあさんを指名させていただきました。

第１印象としては写真とは違いますが、きれいな人だな～
という印象でした。

ただ、お店でアピールポイントに書いてあった透き通った肌というのは、違いましたね。
イチャイチャプレイが好きとのことでしたが、私としては物足りない感じでしたね。

こちらの攻めに関しては、まあ私が下手なのも問題だと思いますが、電マでもまあまあな反応でしたね。

攻守交替してからは、一生懸命手コキとフェラをしてくれました。
それでもリピはなしですね。",https://www.cityheaven.net/aichi/A2305/A230504/gals_paradise/girlid-63494235/?spmode=pc,https://www.cityheaven.net/aichi/A2305/A230504/gals_paradise/girlid-63494235
ギャルズパラダイス,ひろの,https://www.yoasobi.co.jp/tokai/deli/shop/7665/girl/1258259/?aid=ad_001,http://okinilove.com/blog-entry-2317.html#nikorasu,評価 ★★☆☆☆ →記事リンク,"管理人様、お久しぶりです。三河の探求者、ニコラスでおます。

今日は前から気になってっけど、良い噂はあまり聞かないから二の足踏んじゃうよね😉
ってお店のreviewを。

初めて利用した、ギャルズパラダイスさん。

いつも出勤してる嬢が『即ヒメ』になってるので…まぁ、テキトーな店なんだろうなって思いながら情報収集してました（もちろん諸先輩方のここでの歴戦もチェックしてましたが）

この店であまりレポがない、ひろのさんを前からロックオン（トム・クルーズよろしく、トップガンの気持ちで）出稼ぎの子なのは分かってましたので、普通っぽい見た目+レポがない=良嬢かも？の期待を胸にいざ安城の星光（スターライトホテル😅）へ。。。

先に部屋に入り、お風呂用意やら、歯磨きなど済ませて待機してました。部屋に入ってくるひろのさんを見て『雰囲気はちょいと違うけど…細身で可愛らしい💗』と興奮。

いつもの如く、我慢汁が…日記に書いてあった好きな差し入れをお渡ししてトーク。。。

う～ん、こりゃあ、ドMとかじゃないパターンだね。とニコラスの歴戦の経験から肌で感じとります。

話好き→『相手の話を聞きつつ、話を広げる事』だとしたら『自分の話したい事を話すだけ』のパターンですね。

その間も差し入れをパクパクしてます。（あ、思ってたんと違う…）肌で感じつつも、娘ぐらいの子と話を進めます。。。

突然部屋の照明を調整しだしたので、『あぁ、始まるのか』とこちらも脱ぎます。

身体は…貧乳にデカめの乳首が良い感じ。学生時代、好きだった子が貧乳で、着けてるのはスポブラで、それはそれでアリだな。。と思ってたのを思い出しつつ（ニコラス回顧）お風呂へ。

うん、特筆するものはないね(笑)

早々ベッドへ移動してキスをしようとするも『フレンチね💗』………そうだよね、君みたいなタイプはそうだよね。。。。とゲンナリ。

割りと早めの段階から円盤の誘いあり、NS１渋沢で話をまとめるも『これじゃねぇ💢』感が満載でした。

すべてが終わり、どんな嬢も心を打ち解ける時間になり、『働いたお金はホストに全振りしてる！』と仮定が確定に変わるやり取りを踏まえつつ。

『うん、ホスボケの出稼ぎ嬢やね♪』と妙に納得しつつ、今回の試合は終わりました。

悪い子ではないんだろうと思うけど、やっぱりこーゆー仕事しながらホストとかに走ってしまう子はこんなもんだよなと男尊女卑の思考の自分を全肯定するニコラスでした。

あぁ、今回も駄文だぁ。（ホントは話してない良嬢がいるけどここにはまだ上げてないニコラス）
またつまらない物を切ってしまった…石川五ェ門的なレポあげますね(笑)",,
ギャルズパラダイス,かのん,https://www.yoasobi.co.jp/tokai/deli/shop/7665/girl/726701/?aid=ad_001,http://okinilove.com/blog-entry-402.html#nuko,評価 ★★★★☆ →記事リンク,"顔はほぼ写真通りの可愛い女の子ですが、下半身は結構どっしりした感じで、上半身と下半身でギャップが結構あります。

シャワーを浴びてプレイスタート。

乳首を責めると小さく声を洩らし、そこそこ感じている様子。股間は若干香りが強めでしたが構わずおマメを重点的に可愛がりました。

攻守交代後、交渉してＩ〇、お腹の上で果てました。

個人的には、もう少し腰から下がスリムならリピート確実かなという感想です。",https://www.cityheaven.net/aichi/A2305/A230504/gals_paradise/girlid-40983974/,https://www.cityheaven.net/aichi/A2305/A230504/gals_paradise/girlid-40983974
シークレットサービス,りりあ,https://www.yoasobi.co.jp/tokai/deli/shop/9693/girl/1086506/?aid=ad_001,http://okinilove.com/blog-entry-375.html#kakarityo,評価 ★★☆☆☆ →記事リンク,"日記の写真とあまりかわりありません。
プチ整形美人さん。

しかしながら、入室後、まあまあそっけない感じ。

今まで数あるデリ経験の中でも会って早々にこんな感じになることなかったのでショック受けつつ、まあやることやってくれればと風呂入ってあまり会話もなくベッドでG付きでイ〇。イ〇はいいんかい！

それでも美人でキツマンなのですぐ果ててしまう情けなさ(＞人＜;)

きつめの美人とすることだけしたい人にはオススメ。",https://www.cityheaven.net/aichi/A2305/A230504/secret_service/girlid-28655354/,https://www.cityheaven.net/aichi/A2305/A230504/secret_service/girlid-28655354
シークレットサービス,ルナ,https://www.yoasobi.co.jp/tokai/deli/shop/9693/girl/1113768/?aid=ad_001,http://okinilove.com/blog-entry-375.html#akuta,評価 ★★★★★ →記事リンク,"120分で予約すると待合室で会ってから部屋に向かいます
部屋に入ってすぐにiQOSを吸って直ぐにキスをしてお風呂が出来るまでの10分間くらいほとんどキスしてました

お風呂のお誘いがあったのでお互い下着になってから抱き合いながらキスをして下着を脱がし合いました

お風呂でも体を洗ってもらいながらキスをして自分の息子がビンビンになったら立った状態で素股＆キスをしてくれた後にパイズリもしてくれて綺麗に洗ってくれた後に仁王立ちフ○ラをしてくれて最高でした

ベットに移動してからも少しの間キスをしながら形、大きさ、どれも最高の美乳を揉みつつ下をさわさわしてました

何回かイかせた後に攻めてもらいキスから徐々に下に行き反り返った息子を舐めてもって少し後に向こうから「おっ○い舐めて」と言われたので舐めてると正常位素股に移行してると息子の先をま○こにスリスリしてきて「お小遣い欲しい♡」と言われたので少々高いですが余裕後さがあったのでお小遣いを了承すると騎乗位で激しく腰を振って直ぐにイきそうになってしまって外に出してとの事なのでギリギリで外に出しました

2回戦は正常位で腰を振っているとグチュグチュといやらしい音が聞こえるくらい濡れていてめっちゃ興奮して最後はバックで外に出しました

見送りの時までキスしてました
控えめに言って最高です！また出勤してたらリピしてきます

長文失礼しました",https://www.cityheaven.net/aichi/A2305/A230504/secret_service/girlid-31675356/,https://www.cityheaven.net/aichi/A2305/A230504/secret_service/girlid-31675356
シークレットサービス,ひまり,https://www.yoasobi.co.jp/tokai/deli/shop/9693/girl/1151917/?aid=ad_001,http://okinilove.com/blog-entry-2352.html#sakurai,評価 ★★★★★ →記事リンク,"初めて利用しました。
heavenの口コミが多いひまりさんを今回指名させてもらいました。

ここのサイトに載ってないのは多分皆んな良い意味で人気になりすぎてしまうのでおすすめしたくないからだと思います笑

顔、スタイルともに抜群です。
雑談もスムーズで、なんか占いとかスピリチュアル系が好きらしいです😊

プレイは恋人みたいな感じで、ソフトな内容です。

受け攻めともにソフトを心がけた方が良いと思います。乳首が敏感すぎるようで、普通に舐めてもキツそうにされてるので、本当に優しく、自信がない人は乳首を攻めない方がいいかもしれません。

SPは完全に無さそうで、絶対NOとのことです。お店的に厳しいかもです。😭

ちょっとプレイの金額は高いですが、さすが人気嬢なだけあってリピ確定です🤭",https://www.cityheaven.net/aichi/A2305/A230504/secret_service/girlid-36985163/,https://www.cityheaven.net/aichi/A2305/A230504/secret_service/girlid-36985163
シークレットサービス,みおな,https://www.yoasobi.co.jp/tokai/deli/shop/9693/girl/1183600/?aid=ad_001,http://okinilove.com/blog-entry-375.html#panda,評価 ★★★★☆ →記事リンク,"写真より細くて色白でびっくりしました。
人によっては細すぎかもしれないです。

胸は大きめで形良いです。

一通りのプレイをしてもなかなかイケず。
嬢からいつもどうやって出してるの？との問いが。

フェラで頑張るか内緒で突〇したりしてるよと言ったところ追銭1で突〇。

下はめちゃくちゃキレイでキツキツ
あんな小さいアソコ初めてでした。",https://www.cityheaven.net/aichi/A2305/A230504/secret_service/girlid-42223576/,https://www.cityheaven.net/aichi/A2305/A230504/secret_service/girlid-42223576
シークレットサービス,しおん,https://www.yoasobi.co.jp/tokai/deli/shop/9693/girl/1200919/?aid=ad_001,http://okinilove.com/blog-entry-375.html#benke,評価 ★★★☆☆ →記事リンク,"スペルマンさんの無料券イベントで当たったので無料券をいただき安城へ遠征してきました！

お相手は人当たりも良く会話も楽しめるタイプ。
見た目は綺麗系よりかな、少し顔が大きい？感じがあったかも。

肝心のプレイの方は本〇以外は頼めば卒なくこなしてくれました。
本〇に関しては鉄壁な感じがしたので断念。

アソコは毛の手入れはしてないが、綺麗で無臭で好感もてました。
キツキツだけど、クリを責める方が感じる。

欠点としては、アイコス臭が髪にしたのとお絵描きがありそのお絵描きもセンスが悪いってとこですね。
スペルマンさんまた無料券企画期待して待ってます。

PS.管理人様いつも参考にしてます。更新頑張ってください、応援してます！",https://www.cityheaven.net/hokkaido/A0101/A010103/seacret_s/girlid-35322185/,https://www.cityheaven.net/hokkaido/A0101/A010103/seacret_s/girlid-35322185
シークレットサービス,みや,https://www.yoasobi.co.jp/tokai/deli/shop/9693/girl/1206865/?aid=ad_001,http://okinilove.com/blog-entry-2352.html#swing,評価 ★★★★☆ →記事リンク,"管理人様お疲れ様です。
初めてのシークレットサービスでみやちゃんを指名しました。

写真見た時から好みのど真ん中だったので本人がどう違ってくるのか心配でしたが、写真の通りで最高でした。
愛くるしい笑顔がとても素敵でした。

恥ずかしいからなのか、部屋はかなり暗めにされました。
シャワー中も目が合うと恥ずかしそうに笑うとこが良かったです。

プレイはまだまだなとこもありました。
こちらの拙い攻めで敏感に反応してくれるところは興奮する点でしたね。

SPはお誘いしましたがダメでした。
けど、全体的には満足でまたお会いしたいと思える子でした。",https://www.cityheaven.net/aichi/A2305/A230504/secret_service/girlid-45881066/,https://www.cityheaven.net/aichi/A2305/A230504/secret_service/girlid-45881066
シークレットサービス,はる,https://www.yoasobi.co.jp/tokai/deli/shop/9693/girl/1210173/?aid=ad_001,http://okinilove.com/blog-entry-375.html#56,評価 ★★★★★ →記事リンク,"予約がすぐ埋まる不定期出勤出稼ぎ嬢。

出会ってすぐに目がいく、Jカップは1つ重さ⒉5kgの張りのある大山脈！
やや幼い感じの可愛らしいお顔とのギャップで興奮が高まります。

お胸から下に目をやるとヘブンネットの写メ日記(ほぼ更新してない)よりややぽちゃに育っていますが、若さあふれるスベスベ美肌で抱き心地は私的に最高でした！

プレイは積極的なキスに緩やかな全身リップと癒しのイチャイチャプレイと言ったところ。
合間に挟まれるこちらを褒める言葉で雰囲気も◎

はるさんの雰囲気に合わせてこちらからも優しく攻めると感度良好で、可愛らしい喘ぎ声！
ちょっと攻めるのが楽しすぎて時間を忘れて、自分がイかずにタイムオーバーになってしまいましたが悔いはない！

立派なお胸が垂れる前の若さ溢れる今こそ入りたい嬢でした。",https://www.cityheaven.net/mie/A2402/A240201/ss_y/girlid-40491351/,https://www.cityheaven.net/mie/A2402/A240201/ss_y/girlid-40491351
シークレットサービス,かなえ,https://www.yoasobi.co.jp/tokai/deli/shop/9693/girl/1220548/?aid=ad_001,http://okinilove.com/blog-entry-375.html#mandare,評価 ★★★☆☆ →記事リンク,"2月下旬
初対面の子で愛想よくとてもいい子でした。

アニメオタク？系で色白の北海道出身とのこと
こちらには引っ越してきて一人暮らしだそうです

身体は色白で綺麗ですが美容に疎いのか毛の処理はしていません

私は好きではないですが逆に良い!と言う人にはありなのかも
なお、SPはやってないそうです。",https://www.cityheaven.net/aichi/A2301/A230103/minisuka_n/girlid-54074704/,https://www.cityheaven.net/aichi/A2301/A230103/minisuka_n/girlid-54074704
シークレットサービス,つばさ,https://www.yoasobi.co.jp/tokai/deli/shop/9693/girl/1220757/?aid=ad_001,http://okinilove.com/blog-entry-375.html#umisan,評価 ★★★★☆ →記事リンク,"管理人さん、お疲れ様です。

最近いろいろあったので、気分を変えようと「初めてのお店」で、「初めてのタイプ(Aカップ)」の女の子と遊んできました。

結果として、大正解‼️‼️

プレイ内容は若干、ぼかしてますが、大満足でした。
いつもは手に余るほどの巨乳に顔を埋めたりして堪能するんですが、今回は貧乳に目覚めたかもです(笑)

基本的に「ドM」な女の子ですが、攻めてもらってもとても良かったです。
またお小遣い貯めてリピしたいと思いますね。",https://www.cityheaven.net/mie/A2402/A240201/ss_y/girlid-39725206/,https://www.cityheaven.net/mie/A2402/A240201/ss_y/girlid-39725206
シークレットサービス,えま,https://www.yoasobi.co.jp/tokai/deli/shop/9693/girl/1232417/?aid=ad_001,http://okinilove.com/blog-entry-2352.html#monki,評価 ★★★★☆ →記事リンク,"可愛くて気さく
SP聞くと「ダメに決まってるじゃん」と言われ諦める。

風呂に入ってからベッドへ。
舐めながら指を入れてもよいと言われ従う。

どう舐めたらいいか聞くと唾液たっぷりでと。
無味無臭で舐めやすい。

ファラしてもらい手コキでフィニッシュ。

Sっぽくて、よく喋るかなりタイプなよい子だったけど、SPないと残念。
少しでよいから入れてみたい締まりだった。

金額交渉は無駄な気がしてしなかった。
リピは無いと思う。

締まりの良い子を見つけるまで頑張るかも",https://www.cityheaven.net/hokkaido/A0101/A010103/seacret_s/girlid-57388656/,https://www.cityheaven.net/hokkaido/A0101/A010103/seacret_s/girlid-57388656
シークレットサービス,ゆきな,https://www.yoasobi.co.jp/tokai/deli/shop/9693/girl/1241001/?aid=ad_001,http://okinilove.com/blog-entry-375.html#tkhr,評価 ★★★☆☆ →記事リンク,"出稼ぎで来ているようで着替えがないかつ12時からの予約であり、時間もなかったようで寝巻きのTシャツ一枚で来ました。

写真は結構加工していそうで、肌荒れなどが一部ありましたがきれいな方かと思います。

トークは可もなく不可もなくですが、日記のような明るさはありませんでした。

こちらが攻めで開始しましたが、乳首で反応がいいなと思っていたら、クリや中では4度ほど逝ってしまいました。逝く時に腕を握ってくる姿はかわいいです。感度は非常に良いです。

逝き方を聞かれ、手が口かなと答えるとあちらから本〇はしない人？と聞かれました。
SP1、超SP2の提案があり、SPにのり騎乗位でフィニッシュしました。

全体的に素直な印象でこちらの要望には応えてくれました。
ただパネルとの違いを考えると次回は他の方を見たいなと思うところです。",https://www.cityheaven.net/okinawa/A4701/A470101/okinawa-cure/girlid-22226040/,https://www.cityheaven.net/okinawa/A4701/A470101/okinawa-cure/girlid-22226040
シークレットサービス,あられ,https://www.yoasobi.co.jp/tokai/deli/shop/9693/girl/1244556/?aid=ad_001,http://okinilove.com/blog-entry-375.html#online,評価 ★★☆☆☆ →記事リンク,"少し前に利用しました。

正直、店の料金は、店から勧められるホテル代込みで、最短時間枠(60分)でも最低24000円と、他の店(地元の少し高めの箱ヘルと比べても)より、かなり強気の値段でしたので、基本サービスは最低でも並レベルだろうと思っていたのですが、Dキス無し、一生懸命でも無し

よほどのはずれ外見の子でも、ほとんどはニコニコしてそれなりに楽しめて感謝して帰れる自分ですが、その日は嬢の前でニコニコ出来ていなかったかも、、、。

クンニだけで潮は出るそうなのですが、嬢が気持ちよくて出ている感は皆無。演技も無し。

潮はほぼ完全な無味無臭でした。
無味無臭の潮が好きな方にはそこは刺さるのかもですね。

値段が高めの店なら、女の子のメイクに少しは店側がアドバイスしたり、手助けしてあげて欲しいな、、、。

女の子達も、可愛くなりたいだろうし、メイクでだいぶ可愛く化けることも出来るんだし。
メイクでもっともっと可愛くなれる子だと思った。

正直な感想、同じエリアの格安デリの潮吹きしてくれる子で、約半額で遊べて、仕事も普通にきっちりしていました、、、。",https://www.cityheaven.net/aichi/A2305/A230504/secret_service/girlid-51524664/diary/?movie=y&of=y,https://www.cityheaven.net/aichi/A2305/A230504/secret_service/girlid-51524664
シークレットサービス,ねね,https://www.yoasobi.co.jp/tokai/deli/shop/9693/girl/1246987/?aid=ad_001,http://okinilove.com/blog-entry-375.html#kitano,評価 ★★☆☆☆ →記事リンク,"欲望に負けて、思わず利用してしまいましたがハズレでした。

パネル通り、とは言いませんが十分可愛かったです。

しかし、入室後は疲れているのか会話もなく疲れています感が節々から出てきます。
会話も微妙に噛み合いません。

とりあえず、プレイは最低限済ませました。
プレイ後も洗ってくれず、お湯を貯めていたので一緒に入るのかと思い自分も入ろうとすると「えっ、入るの！？」みたいなリアクション。

イチャイチャ好きな私には、このお店の出稼ぎ・長時間勤務の方とは相性が悪そうです。

また、たまたまなのかこのお店で現在待機中となっていて問い合わせしても、1〜2時間待たされる事が多々ありました。",https://www.cityheaven.net/aichi/A2301/A230101/secret_service_n/girlid-59401360/,https://www.cityheaven.net/aichi/A2301/A230101/secret_service_n/girlid-59401360
シークレットサービス,さき,https://www.yoasobi.co.jp/tokai/deli/shop/9693/girl/1267824/?aid=ad_001,http://okinilove.com/blog-entry-2352.html#aruno,評価 ★★★★☆ →記事リンク,"旧せりな。
先人さんのレポ通りです。

部屋を暗くしたがるのでちょっとマイナス。

出勤も短くなったから前みたいに当欠はなくなったカモ。

騎乗位で擦り付けてくる腰使いに満足でした。",https://www.cityheaven.net/aichi/A2305/A230504/secret_service/girlid-35166947/,https://www.cityheaven.net/aichi/A2305/A230504/secret_service/girlid-35166947
シークレットサービス,りな,https://www.yoasobi.co.jp/tokai/deli/shop/9693/girl/1270962/?aid=ad_001,http://okinilove.com/blog-entry-2352.html#sasurai,評価 ★★☆☆☆ →記事リンク,"顔はそこまで悪くはないが、プロフィール写真とは別物。

プレイは並以下。
満足度はかなり低いですね。

店のプロフィールの信用度が下がりました。",https://www.cityheaven.net/hokkaido/A0101/A010103/seacret_s/girlid-59415894/,https://www.cityheaven.net/hokkaido/A0101/A010103/seacret_s/girlid-59415894
でりどす岡崎,きせき,https://www.yoasobi.co.jp/tokai/deli/shop/9946/girl/1015241/?aid=ad_001,http://okinilove.com/blog-entry-723.html#kunni2,評価 ★★★★☆ →記事リンク,"いつもお世話になっております。

もう昨年の話になりますが、きせき嬢と遊んできたのでレポしたいと思います。

お顔は""遼河はるひ""さんにちょっとスパイスとして""カレーライスの女""を加えた感じ。

スタイルは細身でビジュアルは◎

肝心のプレーはというと、ディープキスも熱く積極的で、そのとにかく良いビジュアルをフル活用し、快感を表情や声でいい感じに表現し興奮を煽ってきます。

そしてクンニで昇天してもらって手マンをするとキレイな放物線を描き潮吹き！これまた興奮！

ヘルメット着用でOKという事で挿〇しようとすると、脚が開くこと開くこと！すごく身体が柔らかい！どんな体位でも脚の可動域が広いからチ〇コがマ〇コにめちゃくちゃフィット！

ビジュアル重視の方には良い嬢ではないでしょうか？

私が綴ってるブログにもレポ書いてますので、良かったら遊びに来て下さい。
http://kunniski.blog.fc2.com/blog-entry-125.html",https://www.cityheaven.net/aichi/A2305/A230502/deidos-okazaki/girlid-22467290/,https://www.cityheaven.net/aichi/A2305/A230502/deidos-okazaki/girlid-22467290
でりどす岡崎,めぐ,https://www.yoasobi.co.jp/tokai/deli/shop/9946/girl/1053548/?aid=ad_001,http://okinilove.com/blog-entry-2366.html#kunni,最高評価 ★★★★★ →記事リンク,"顔は相武紗季さん系統のきれカワイイ感じ。

スタイルはプロフ写真通りのナイスボディ。
おっぱいはキレイなお椀型。

他の方のレビューにもありましたが、お喋り好きです。
お喋り好き女子が好きな小生にはGood。

プレーに入ると敏感なようで良い感じの反応をします。
その姿でビジュアルでも楽しませてくれます。

しっかりイカせたところでいつもの交渉。
快く入場許可を頂きました。

帽子を被り入場すると、ここ最近で一番のフィット感！

１回目終了後、お喋りを挟み、嬢からのお誘いで２回目も楽しみました。

会話好きで楽しくプレーしたい方にはお勧めです。

私のブログにもレビュー綴ってますので、良かったら遊びに来て下さい。
https://nukiroku.com/2024/06/15/deridosokazaki_m/",https://www.cityheaven.net/aichi/A2305/A230502/deidos-okazaki/girlid-25820986/,https://www.cityheaven.net/aichi/A2305/A230502/deidos-okazaki/girlid-25820986
でりどす岡崎,みき,https://www.yoasobi.co.jp/tokai/deli/shop/9946/girl/1079349/?aid=ad_001,http://okinilove.com/blog-entry-2366.html#suki,最高評価 ★★★★★ →記事リンク,"いつもお世話になってます。

胸の大きい女性はふくよかな女性であることが多いので、敬遠したいところですが、誘惑には勝てず、結局胸の大きな女性を指名してしまいます。

今回もそんな感じで、Hカップのみきさんを指名しました。少し前の情報ですが、役に立てば。

結論から言うと、美人かつスタイルがよいという、素晴らしい女性でした。

風俗で出会った女性の中で一番タイプです。

容姿について過去のレポには賛否ありましたが、私的にはタイプど真ん中でした。
話も面白く、若くて素敵な女性でした。

プレイ内容です。
キスは控えめ。
DKは嫌そうだったのでやめました。

よだれでドロドロにしてくれるフェラと手コキはとても気持ちよかったです。
ＳＰは交渉してお願いしました。最高でした。

入ってみる価値は十分にあると思います。",https://www.cityheaven.net/aichi/A2305/A230502/deidos-okazaki/girlid-28147802/,https://www.cityheaven.net/aichi/A2305/A230502/deidos-okazaki/girlid-28147802
でりどす岡崎,まな,https://www.yoasobi.co.jp/tokai/deli/shop/9946/girl/1105417/?aid=ad_001,http://okinilove.com/blog-entry-723.html#pow3,評価 ★★★☆☆ →記事リンク,"管理人さんいつも楽しく拝見してます

ひと月前のことで曖昧な部分ありますがレポートします

第一印象は写真加工と隠すの上手いなーでした
ブサイクではないんでしょうけど写真で良く見せすぎてギャップでがっかりしたんだと思います

スタイルは長身で細身はそのままでした

年令はデリへル年令でしたね
見た目もですが30歳越えしてる私と漫画とか携帯の話とかドンピシャに話が合ったので

プレイは緊張してたのか受け答えに固さとガードの固さがありました

笛は可もなく不可もなく、こちらの攻めにマグロでもなく反応が良いでもなく演技なしって感じでした
〇れたいってお願いしたら膜ありでならってことでイ〇しました

終わった途端安心したのか凄くフレンドリーになって会話弾ませながらシャワーしてお終いでした

プレイに満足はしましたがリピはなしかなーって感じです
素人っぽい細身の子とチョメチョメしたい人は入ってみてください！",https://www.cityheaven.net/aichi/A2305/A230502/deidos-okazaki/girlid-30653880/,https://www.cityheaven.net/aichi/A2305/A230502/deidos-okazaki/girlid-30653880
でりどす岡崎,あずさ,https://www.yoasobi.co.jp/tokai/deli/shop/9946/girl/1128919/?aid=ad_001,http://okinilove.com/blog-entry-1470.html#umisan2,最高評価 ★★★★★ →記事リンク,"管理人さん、お疲れさまです。

本日は、こちらで何回か紹介されている「あずささん」に突撃してきました。

パネルの写真はかなり幼い感じですが、実物もかなり幼いですね～私的には実物の方が良かったと思います。

軽くおしゃべりをしたあと、一緒にお風呂へ。
お互いに洗いっこしてベッドへGO。

本来はクンニ大好きなんですが、諸先輩方の投稿を参考に自粛し、受身に徹しました。

最初は普通にお口で攻められて、スマタへ移行。で少しずつスライドさせて、そのままI〇。ガッツリ腰を振られてそのまま発射でした～

その後は「もう少し１回したいな～」との嬢の言葉により奮起して計３回頑張りました～

正直、オキニ隠ししたかったですが、すでにレポのあがっている女の子なので、とりあえず絶賛しておきます。当然、リピ確定ですね。

あと、軽く身の上話を聞いて応援したくなる女の子でした。頑張ってもらいたいですね。",https://www.cityheaven.net/aichi/A2305/A230502/deidos-okazaki/girlid-33762261/,https://www.cityheaven.net/aichi/A2305/A230502/deidos-okazaki/girlid-33762261
でりどす岡崎,めろ,https://www.yoasobi.co.jp/tokai/deli/shop/9946/girl/1139008/?aid=ad_001,http://okinilove.com/blog-entry-1470.html#sagasi,最高評価 ★★★★★ →記事リンク,"前にレポが上がっていて気になっていた『めろちゃん』にいってきました。

出勤自体が少なく、平日の昼間しかいないことから予約困難な嬢です。
また、一部では当日欠席も多いことからレア度を上げています。

週の始めは3日あった出勤予定が消えていくので週末金曜日に予約した自分もキャンセルになるかもと半分くらい思っていましたが、無事出勤してくれてました。1時間前の確認も無事完了。

駐車場での対面になりますが、前レポの通りめちゃめちゃ手を振って現れてハグしたあと、手を繋いでホテルの部屋へ。

これは可愛い😍はと　おじさんすっかりやられてしまいました。

部屋に入ってからは積極的にキスとハグでイチャイチャなプレイが始まってしまいました。

私自身汗をかいていたので、少し申し訳ないと思いながらも、めろちゃんは全く嫌がる事なく、そのままいかせてもらいました。

プレイ後は色々と話をさせてもらい、最初は天然な子かと思っていましたが、しっかりした考えを持ってる子だと思い、応援したくなりました。昼職を頑張っている様です。

その後も２回戦のお誘いもありましたが、話が長くなった為、途中で終了でしたがコチラは全く問題なしです。

帰りに再訪する事を告げて、車の所でお別れですが、こちらが見えなくなるまでめちゃめちゃ手を振ってくれます。

まさにおじさんめろちゃんにメロメロですわ。",https://www.cityheaven.net/aichi/A2305/A230502/deidos-okazaki/girlid-35097894/,https://www.cityheaven.net/aichi/A2305/A230502/deidos-okazaki/girlid-35097894
でりどす岡崎,さつき,https://www.yoasobi.co.jp/tokai/deli/shop/9946/girl/1143365/?aid=ad_001,http://okinilove.com/blog-entry-1470.html#binbo,最高評価 ★★★★★ →記事リンク,"R3.9.2
お店自体も初めての利用です。

ある程度サイトなどで下調べして選びました。
ここにはまだ書かれていないようなので詳しく書きます。

まず第一印象は、日記にある程度顔出しているので比べるとふっくらかなと。
でも太ってはいません、写真と比べるとです。

そして喋り方がふわふわした感じで、見た目&喋り方が安めぐみ似で可愛い系ですね。

部屋に入ってソファーに座ると少し間を開けて座ったのでこっち来てと向こうから誘ってくれました。
お風呂の準備もすぐに済ませてくれて少しお喋りしてたら膝の上にまたがっていいですか？とこれも向こうから言ってくれて積極的な事はわかりました。

ソファーでイチャイチャしながら服を脱ぎシャワーへ。

体型は細身ではありません。普通って言葉がぴったりかな。
全く太っている要素はないので抱きこごちとしてはサイコーでした。

シャワーもささっと身体を洗いベットへ・・・
(たぶんお風呂場でもイチャイチャしたければさせてくれます。)

まずは先に攻めてもらいましたが、何と言っていいのか舐め方というか大勢がエロかったですね。考えて工夫してる感があって良かったです。

攻守交代して攻めると、乳首は少し強めにとの要望。(乳輪・乳首はピンク)
んで触られるとくすぐったいみたいで苦手だそうです。

あとア◯ルも舐めさせくれますが、本人は気持ちよく無いそうです。

突出してここがスゴイって事はないのですが、総合的に良い子です。

自分の意思表示もしっかりとしています。
ほゎ～～～んとしてそうな喋り方で勘違いしそうですがかなりしっかりしてお客さんを気持ちよくさせようとしっかり考えている子だと思いました。

ただこの時は唇の上(俗に言う鼻の下)を怪我したらしく痛かったので激しめのチューはできませんでしたが治ればしてくれると思います。

見た目が美人系でハキハキしてる人が好みならあわないですね。
とにかくとてもとても良い子でした。",https://www.cityheaven.net/aichi/A2305/A230502/deidos-okazaki/girlid-35605507/,https://www.cityheaven.net/aichi/A2305/A230502/deidos-okazaki/girlid-35605507
でりどす岡崎,れな,https://www.yoasobi.co.jp/tokai/deli/shop/9946/girl/1151431/?aid=ad_001,http://okinilove.com/blog-entry-1470.html#makoto5,最高評価 ★★★★★ →記事リンク,"プレミア嬢のれなさんレポ。
結論から言うと最高でした。

最初見た時に可愛い(｡•̀ᴗ-)و ̑̑✧と思いました。

部屋に入ってからも時短等もなく直ぐにお風呂の準備し、少し会話しお風呂へ行ってからベッドへ。

ベッド入ると直ぐに自分の息子をニギニギ···▸﻿パクっと。
元気になったところで帽子付けて冒険へ。

〇はトロトロで締まりもよく、気持ちよさそうな声を出しまくりでスグに果ててしまいました。
れな嬢いわく、手コキやフェらは得意ではないし、〇れた方が気持ちいいとのこと。

会話も弾んで楽しい時間でした。",https://www.cityheaven.net/aichi/A2305/A230502/deidos-okazaki/girlid-32594038/,https://www.cityheaven.net/aichi/A2305/A230502/deidos-okazaki/girlid-32594038
でりどす岡崎,もね,https://www.yoasobi.co.jp/tokai/deli/shop/9946/girl/1152717/?aid=ad_001,http://okinilove.com/blog-entry-1470.html#ryoryo4,評価 ★★☆☆☆ →記事リンク,"もねちゃんに突撃してきました。

駐車場で合流してから、腕を組んでホテルイン

普通に会話はでき、時間稼ぎすることなく、シャワーへ
服を脱ぐとほぼ写メどおりのスタイルの良さで、おっぱいもありくびれもあり、スタイル重視の方にはいいかもしれません。

シャワーから上がったらいよいよプレイ開始ですが、私は結構責めたい派なのでたっぷり時間をかけて責めたかったのですが、クンニ最中に交代の要望で攻守交代

フェラの最中にお小遣いくれるならSPするよと、嬢から言われたので、お小遣い払いイ〇しました。

追い金してでもSP狙っていくならスタイルもいいので、ありだと思います。
イチャイチャしたい場合はちょっと違うかなって思いました。

私はリピはしないかな～って感じです。
参考になれば幸いです。",https://www.cityheaven.net/aichi/A2305/A230502/deidos-okazaki/girlid-8646068/,https://www.cityheaven.net/aichi/A2305/A230502/deidos-okazaki/girlid-8646068
でりどす岡崎,もあ,https://www.yoasobi.co.jp/tokai/deli/shop/9946/girl/1153528/?aid=ad_001,http://okinilove.com/blog-entry-1470.html#yyy,最高評価 ★★★★★ →記事リンク,"駐車場で待っているとマスクしててもわかる可愛らしい女の子。すぐ手を繋いでホテルへ。

マスクを取るととても可愛いお顔です。

羽織っている上着を脱ぐと、スレンダーながらも服の上からでも分かるおっパイの膨らみにムラムラしました。お風呂を溜めに行こうとするもあちゃんを、後ろから抱きしめ、我慢できずベッドへ。

ずっとキスしながらお互いの服を脱がせ、形のいいおっパイにむしゃぶりつきました。乳首が敏感で、コリコリ乳首を吸うとビクビクして感じてくれます。手マンとクンニで何回もいきます。

攻守交替してもあちゃんのふぇらを味わいました。我慢出来なくてアソコをチンコにスリスリしながら、〇れていい？と聞いてくるもあちゃん可愛い過ぎます！そのままI〇して、騎乗位、バックで１回、正常位で１回、〇で果てました。
次のお客がいると〇〇は出来ないみたいです。

シャワー浴びて時間いっぱいお話しましたが、ずっと手を繋いでくれるもあちゃんにメロメロです。

駐車場でもキスしてずっと手を振って見送ってくれるもあちゃんに恋してます。
多分もう出勤しないかな👍",https://www.cityheaven.net/aichi/A2305/A230502/deidos-okazaki/girlid-37328128/,https://www.cityheaven.net/aichi/A2305/A230502/deidos-okazaki/girlid-37328128
でりどす岡崎,まき,https://www.yoasobi.co.jp/tokai/deli/shop/9946/girl/1159164/?aid=ad_001,http://okinilove.com/blog-entry-1470.html#pow,最高評価 ★★★★★ →記事リンク,"いつも楽しく拝見させてもらってます

備忘録程度にサクッとレポートします

体型はムッチリでムッチリ好きにはどストライク!!
顔は柔道の阿部詩ちゃんの目を少し細くした感じ？可愛かったです

オッパイはEカップとのことでボリューム満点
しかもめちゃくちゃ柔らかいです
乳輪も乳首も綺麗でした
色白ですべすべで触ってて気持ち良かったです

クリがツボらしく私の攻めに悶えてくれて可愛かった
イ〇のお願いしましたがやんわりお断りされちゃいましたがそれ以外のお願いは対応してくれて最後はディープなフェラでいっぱい出ちゃいました

幼い顔してかなりのテクニシャンでした(　ﾟдﾟ)

外は寒かったですが心はしっかり揉みほぐされました(*´꒳`*)
また入ろうかなーって思えました",https://www.cityheaven.net/aichi/A2305/A230502/deidos-okazaki/girlid-38228220/,https://www.cityheaven.net/aichi/A2305/A230502/deidos-okazaki/girlid-38228220
でりどす岡崎,ひより,https://www.yoasobi.co.jp/tokai/deli/shop/9946/girl/1166720/?aid=ad_001,http://okinilove.com/blog-entry-1470.html#anya,最高評価 ★★★★★ →記事リンク,"待機中だったので入ってみました。

顔は可愛いとおもいます。

プレイもバキュームフェラで吸引力がすごいです。
お風呂でバキュームフェラで一回イキました。

ベッドでもめちゃくちゃ感度いいのかビショビショになりました。
交渉したらGつきでokとのこと。

締まりが良く最後はバックで果てました。

このサービスでプレミアがついてないのはビックリです。
また来月いこうかな",https://www.cityheaven.net/aichi/A2305/A230502/deidos-okazaki/girlid-39473671/,https://www.cityheaven.net/aichi/A2305/A230502/deidos-okazaki/girlid-39473671
でりどす岡崎,えま,https://www.yoasobi.co.jp/tokai/deli/shop/9946/girl/1169394/?aid=ad_001,http://okinilove.com/blog-entry-1470.html#sinsuke,評価 ★★★☆☆ →記事リンク,"プレミアのえまさんに気になり凸しました。
車で待ってるとスタイルの良い美女が迎えに来ました。

見た目とは裏腹に礼儀正しいです。

部屋で軽く喋りシャワー
ここまでは普通です。

プレイも責めは普通フェラは時折歯が当たりましたが一生懸命してくれます。
こちらの責めにも感度良く反応してくれてます。

SPさそいましたが、やんわり断られました。
最後は手コキでフィニッシュ。

性格、顔、スタイルは抜群でしたがプレイがいまいちです。
SP無しのプレミアはちょっと高いかなと思いました。

めげずに頑張って欲しいですね。",https://www.cityheaven.net/aichi/A2305/A230502/deidos-okazaki/girlid-39951126/,https://www.cityheaven.net/aichi/A2305/A230502/deidos-okazaki/girlid-39951126
でりどす岡崎,ここあ,https://www.yoasobi.co.jp/tokai/deli/shop/9946/girl/1173152/?aid=ad_001,http://okinilove.com/blog-entry-1470.html#seibutu,最高評価 ★★★★★ →記事リンク,"待機してたので、どうしても抜きたくて行きました。

顔は割とギャルめな感じ普通に可愛い

お風呂でフェラお願いしたら積極的に舐めてくれました

おっぱいはちっぱいですが吸いまくるとビクンビクン感じて声も漏れて興奮マックス

SPお願いしたら普通に〇れて欲しいとおねだり
〇でしたが普通にイ〇
〇なのか普通に締まりがいいです。最後はバック

またお風呂でフェラで抜いてくれました。

AVみたいな感覚で楽しめました。若いなりの喋り方とかでしたが悪くはないです。

またタイミングあれば入ろうかなって感じですね。参考になれば幸いです。",https://www.cityheaven.net/aichi/A2305/A230502/deidos-okazaki/girlid-40516083/,https://www.cityheaven.net/aichi/A2305/A230502/deidos-okazaki/girlid-40516083
でりどす岡崎,みやび,https://www.yoasobi.co.jp/tokai/deli/shop/9946/girl/1178233/?aid=ad_001,http://okinilove.com/blog-entry-1470.html#mikawa3,最高評価 ★★★★☆ →記事リンク,"自称１００人斬りの女の子です

顔は普通　体型はぽっちゃりですが、感じやすくかなりイキます。

電マかローター推奨です。僕は電マでした
体をくの字にしてヨガります",https://www.cityheaven.net/aichi/A2305/A230502/deidos-okazaki/girlid-41427529/,https://www.cityheaven.net/aichi/A2305/A230502/deidos-okazaki/girlid-41427529
でりどす岡崎,みさ,https://www.yoasobi.co.jp/tokai/deli/shop/9946/girl/1178254/?aid=ad_001,http://okinilove.com/blog-entry-1470.html#jyoren,評価 ★★☆☆☆ →記事リンク,"投稿初です。
時間があったのでみさに突入。

顔は写真通りだが軽く問題あり。今時の子だなーって感じ。

早速プレイ内容だが、感度はいい。お尻の形綺麗・イキやすい。

SPは追銭だったのでやめときました。
まぁ最近追銭多いなって思いとりあえず口でフィニッシュ。

とりあえず呼ぶことはない。",https://www.cityheaven.net/aichi/A2305/A230502/deidos-okazaki/girlid-41429668/,https://www.cityheaven.net/aichi/A2305/A230502/deidos-okazaki/girlid-41429668
でりどす岡崎,せりな,https://www.yoasobi.co.jp/tokai/deli/shop/9946/girl/1210180/?aid=ad_001,http://okinilove.com/blog-entry-2366.html#genkai2,最高評価 ★★★★★ →記事リンク,"本当は教えたくないですがせりなちゃん２回目レビューです。

顔は童顔で可愛いです。
ちょい老けてみえますがあまり気にならないぐらい

スタイルはボンキュボンで腰まわりにお絵描きありますが全然小さいです。

服を脱がしてくれて、シャワーで即尺。

フェラが過去一上手くて気持ちいいんだなこれが〜
お風呂で1発抜き、ベッドでも柔らかいおっぱいを堪能しながら〇でI〇

喘いだ声も可愛いく奥を〇くとギュウギュウに締まり最高です。
そのままお腹にフィニッシュ

キスも沢山で恋人や愛人みたいな気分が味わえるのでオススメします。

自分は転勤でなかなか行けなくなったので皆様の参考になれば
凄く良い子なので紳士に優しく遊んであげてください",https://www.cityheaven.net/aichi/A2305/A230502/deidos-okazaki/girlid-46338369/,https://www.cityheaven.net/aichi/A2305/A230502/deidos-okazaki/girlid-46338369
でりどす岡崎,なお,https://www.yoasobi.co.jp/tokai/deli/shop/9946/girl/1210405/?aid=ad_001,http://okinilove.com/blog-entry-2670.html#nikorasu,評価 ★☆☆☆☆ →記事リンク,"管理人様お久しぶりでございます。そして変わらず更新していただきありがとうございます。いつもXから拝見しております。

本日はでりどす岡崎さんのなおさんとの一戦を。。

このお店は比較的超SPの子も多くとても信頼しておるお店でおます…がオキニラブに上がってない子の中に『ダイアの原石がいる』と信じてなおさんを予約！即姫コースでいざ出陣！！

駐車場にて暗がりから歩いてくる女の子が見えました。『ちと足ごっついな…』インストラクターとの事で『まぁまぁまぁ、健康的って事やな（汗』と言い聞かせ、お顔を拝見……………う～～～ん、なんちゅうか…ハズレだなぁ（涙）

けど、そこは百戦錬磨のニコラス、『きっとそれを吹き飛ばすプレイが待ってる(゜∀゜)』と言い聞かせて一緒にお部屋に。

うん、顔見てくれない(笑)なんか、恥ずかしがりみたいです。
一緒にお風呂に入り、上がって、ソファでお話。妹とお父さんぐらいしか顔を見て話せないとのこと。

まぁそんなのはプレイと関係無い野暮な話なんで（どう攻めるべきか…搦め手で乳首から…）井の頭五郎並に孤独の風俗Lifeを思い浮かべながら百式観音の『ゼロの手』を考案する井の頭ケイヂ…『ベッド行こ♡』とありがてぇお言葉！！

こっから！こっから始まるんや！！と期待に胸を高鳴らせてベッドへ行くと……………
うん、なんも無いのね(゜_゜)っ

ひたすら単調なお口技＋ツボを一切得てない手コキ…『あぁ、この風俗ライフの漫遊記、ついにNo射精でfinishかもしれん…』とマネーの虎の吉田栄作が目の前で腕組してるのを眺めてる様な諦めモード…

ベッドから降り、紫煙を燻らせながら『いやいやいや、仕事終わりに高い金払って、山奥の職場から車飛ばしてきたじゃないか！！』

『ニコラス、お前がイケなかったのは男性ホルモン打って、髭が生えてたあのオナベだけじゃないか！アレに比べたらイケるだろ！！(゜∀゜)』
ココロノナカニもう1人のニコラス・ケイヂがそこにいた( ´ー`)

『口でいかせて…』『けど勃たないと…』
『うるせぇ！お前のなんにも特筆するもんがないから勃たないんじゃーーーーーーー💢』と言う言葉は出さずに…ただただ、天井を見上げ精神統一。

『(゜∀゜)キタ、頑張れば出そう…けど言葉に出さねぇ、なぜならそれを言ったらこの女、きっと口を離して俺のお腹に俺のカルピス（濃い目）を垂れ流す筈よ！』………無言で大量のザーメンを放出。

チュルチュルチュルチュルチュルチュルちゅる～……（齢40を超えても毎日オナニーしてる私のタンクはそんじょそこらの量ではないのである。）

非常に驚いた様子で溢さないようにお口で受け止めるナオ女史。

『見上げた心意気やで！』初めて褒めたくなりましたが、そのまま情が移ると紳士的な対応になるので無言で風呂直行→付いてくるが無視してあがり、速攻着衣。

無言のまま部屋を出て去り際に『ありがとう♪』とは言わずに『頑張って…』少々大人げない対応だったが反省はしない！こちとら基本乱暴とかしないタイプなんであーゆー『押して駄目なら引いても…ダメだった』は初めてだったので。。。

久しぶりの投稿がホテル出てコンビニに車停めてかれこれ30分推敲した駄文、しかし、しかし諸兄達に聞いてほちい！失敗して欲しくない！そんな魂のREVIEW、管理人さま、お許しを…またレポあげますね(^_^;)",https://www.cityheaven.net/aichi/A2305/A230502/deidos-okazaki/girlid-46381954/,https://www.cityheaven.net/aichi/A2305/A230502/deidos-okazaki/girlid-46381954
でりどす岡崎,はづき,https://www.yoasobi.co.jp/tokai/deli/shop/9946/girl/1218666/?aid=ad_001,http://okinilove.com/blog-entry-2670.html#karakuti,評価 ★★★☆☆ →記事リンク,"地元娘9割(8割?)を謳っているがこの娘は出稼ぎ。まあそれは良いんですが、パネルを見て期待して行ったら大分印象が違って残念でした。

決して可愛くないわけじゃないんですが好みでなく乃木坂メンバーのカケラもないかな。

スタイルもパネルほどボリューム無くスレンダー 細身の割に胸は有りましたが(推定C)。左肩にワンポイントお絵かき有。

プレイはキス少なめ、フェラは先っちょチョロチョロのみでローション使ってやっといけました。

追銭は主義では無いので流れで行けなければSPはしませんが、スマタ中は手足でしっかりガードしてます。

私の好みでは有りませんでしたが悪い娘ではないと思います。",https://www.cityheaven.net/aichi/A2305/A230502/deidos-okazaki/girlid-47603726/,https://www.cityheaven.net/aichi/A2305/A230502/deidos-okazaki/girlid-47603726
でりどす岡崎,ことり,https://www.yoasobi.co.jp/tokai/deli/shop/9946/girl/1230442/?aid=ad_001,http://okinilove.com/blog-entry-2278.html#rengoku,評価 ★★★☆☆ →記事リンク,"新キャラことり嬢に気になり入って駐車場で待ってると可愛いらしい坂道系のアイドルみたいな子がやってきました。

部屋で少し喋ってると話が弾みすぎて時間をだいぶ取ってしまいました。
こっちからお風呂を促さないとなかなか準備しないので大変かも、、

お風呂で軽くイチャイチャしてベッドへ！
スタイルも良くおっぱいも綺麗で良かったです。

フェラは上上手い部類ですが自分はバキューム系が好きなのでなかなかいけそうに無かったです。

交渉してみましたが、NGでしたのでローション手コキでいかせてくれました。

おっとりしてて悪い子ではなかったのでこれはこれでokな感じでしたね(^_^;)",https://www.cityheaven.net/aichi/A2305/A230502/deidos-okazaki/girlid-49636865/,https://www.cityheaven.net/aichi/A2305/A230502/deidos-okazaki/girlid-49636865
でりどす岡崎,ねいろ,https://www.yoasobi.co.jp/tokai/deli/shop/9946/girl/1231214/?aid=ad_001,http://okinilove.com/blog-entry-2278.html#makoto2,評価 ★★★★☆ →記事リンク,"不定期で出稼ぎに来る子で評判良さそうなので入ってみました。

普通にいい子で形のいいおっぱい、綺麗な乳首と脱毛済みの○○こ。

会話も楽しく出来ました。
フェラと手でのテクは良く、素股も気持ちよかったです。

残念なのはキスがフレンチのみでディープがなかったこと。自分からキスしてこないことですかね。
キス好きには物足りない感でした。

交渉したらSPいけそうかなと思いましたが自分は交渉しなかったのでなしでした。
キスさえ濃厚ならリピしてたかなー",https://www.cityheaven.net/aichi/A2305/A230502/deidos-okazaki/girlid-49778485/,https://www.cityheaven.net/aichi/A2305/A230502/deidos-okazaki/girlid-49778485
でりどす岡崎,あや,https://www.yoasobi.co.jp/tokai/deli/shop/9946/girl/1234872/?aid=ad_001,http://okinilove.com/blog-entry-1470.html#syanks2,最高評価 ★★★★★ →記事リンク,"新キャラあやちゃん凸しました。

正直メッチャ可愛いくて今まで入った中でダントツでタイプでした、

スタイル◯顔◯性格◯サービス◯

お風呂で身体を丁寧に洗ってくれて
流したついでに軽くフェラして
ニコってしてくれて心奪われてしまいました。

潮吹きもビュンビュンでベッドがビシャビシャになります。

甘い声が可愛いくてそのまま〇れましたがG付けてと言われたので装着

締まりが良くすぐいってしまいましたがピロートーク中にもずっと触ってくれて二回戦。

顔はタレントのパピコに似てます",https://www.cityheaven.net/aichi/A2305/A230502/deidos-okazaki/girlid-50455022/,https://www.cityheaven.net/aichi/A2305/A230502/deidos-okazaki/girlid-50455022
でりどす岡崎,りか,https://www.yoasobi.co.jp/tokai/deli/shop/9946/girl/1239642/?aid=ad_001,http://okinilove.com/blog-entry-2278.html#rengoku2,最高評価 ★★★★★ →記事リンク,"りかちゃん気になりましたね。
結果文句なし、リピ確定です。

会話していて多少のサバサバ感はありますがベッドだと可愛い声で喘いでくれます。
おっぱいを甘噛みするとビクンビクンするのが良かったですね〜。

フェラもディープにねっとり絡みつく感じが気持ちよく思わず口に発射しました。

ピロートークして二回戦！
クリ責めから流れでイ〇しましたがG付けて欲しいとの事、G取り装着。

締まりが良くて首〇めするとより締まる感じがたまらんかったです。

こんなおじさんでも色々良くしてくれたので是非オススメしたいです。
また来月遊びにいきます。",https://www.cityheaven.net/aichi/A2305/A230502/deidos-okazaki/girlid-51199787/,https://www.cityheaven.net/aichi/A2305/A230502/deidos-okazaki/girlid-51199787
でりどす岡崎,ひなた,https://www.yoasobi.co.jp/tokai/deli/shop/9946/girl/1242161/?aid=ad_001,http://okinilove.com/blog-entry-2587.html#futotin,評価 ★★★☆☆ →記事リンク,"浜松のあいどーるにも在籍ありますね、風俗慣れしてて素人感好きの僕にはちょっと合いません。

友達のりかちゃんここちゃんも似たような感じかな〜",https://www.cityheaven.net/aichi/A2305/A230502/deidos-okazaki/girlid-51633922/,https://www.cityheaven.net/aichi/A2305/A230502/deidos-okazaki/girlid-51633922
でりどす岡崎,みさき,https://www.yoasobi.co.jp/tokai/deli/shop/9946/girl/834574/?aid=ad_001,http://okinilove.com/blog-entry-1470.html#tinkoro2,最高評価 ★★★★★ →記事リンク,"いつも参考にさせてもらってます。
少し前ですが、みさきちゃんに入ってきたので紹介します。

顔は写真の通りきれいで落ち着いた感じの女の子でした。
性格はサバサバしてると思います。

身体はナイスバディだったので、駐車場で会った時からそそられました。

早速シャワーを浴びた後、ベッドに移動してプレイに入りました。

最初に攻めてもらった後、攻守交代し、下を舐め返すとビショビショになってきたので、頃合いを見て誘ったところ、OKが出たので、〇れてみると締りも良くすぐに果ててしまいました。2回戦ももちろん楽しめました。

予約が取りにくいかもしれませんが、空いてればリピートありだと思います。
参考になればと思います。",https://www.cityheaven.net/aichi/A2305/A230502/deidos-okazaki/girlid-10768235/,https://www.cityheaven.net/aichi/A2305/A230502/deidos-okazaki/girlid-10768235
でりどす岡崎,なぎさ,https://www.yoasobi.co.jp/tokai/deli/shop/9946/girl/947389/?aid=ad_001,http://okinilove.com/blog-entry-1470.html#tinkoro3,最高評価 ★★★★★ →記事リンク,"人気で予約が取りにくいなぎささん！サービスがいいと評判なので入ることにしました。

シャワーに入る前からイチャイチャしてくれます。

普通の嬢はここでお風呂のお誘いがありますがズボンのチャックを下ろしフェラしてくれます。そのままベッドで1回戦。
ゴ〇無しの希望を嬢から言ってくれて締まりもいいです。

時短稼ぎもなくこれは人気だろうなって感じでした。
満足満足って感じですが強いて言えばただ会話があまり噛み合わないことが多かった印象です。",https://www.cityheaven.net/aichi/A2301/A230103/deridos/girlid-52818012/,https://www.cityheaven.net/aichi/A2301/A230103/deridos/girlid-52818012
でりどす岡崎,うるは,https://www.yoasobi.co.jp/tokai/deli/shop/9946/girl/980667/?aid=ad_001,http://okinilove.com/blog-entry-1470.html#kein,最高評価 ★★★★☆ →記事リンク,"よく愛読してます。

出稼ぎで関東からきていて、そっちではギャバやってました。だから、接しやすく話しやすかった。関東では風俗はやってないそう。

初回は5kでSP、２回目からは無料。◯り過ぎると痛くなるのであまり◯りたくないそう。
仲良くなって交渉次第で超SPあるかも。

スタイルはよくスラッとして健康的な印象。

サバサバ系なので印象が悪い人はいるかも。
２回くらいリピしました。

漫画が好きです。",https://www.cityheaven.net/aichi/A2305/A230502/deidos-okazaki/girlid-19562535/,https://www.cityheaven.net/aichi/A2305/A230502/deidos-okazaki/girlid-19562535
ViVi,さや,https://www.yoasobi.co.jp/tokai/fuzoku/shop/10578/girl/1053614/?aid=ad_001,http://okinilove.com/blog-entry-730.html#ikemen,最高評価 ★★★☆☆ →記事リンク,"細い
ジュリエットのまりなちゃんと同じぐらいのスレンダー。

ルックスは可愛い。顔出ししてないから不安もありましたが、いけば納得。

この娘もなかなか予約は難しいので、新規はヘヴンのネット予約が良いでしょうね。5日前から。
それか会員証をつくりに一回店にいくか。

プレーは凄い演技感がありますかね（笑）
めちゃくちゃ気持ち良いばっか言ってくれますが、ちょっとワザとらしい。

事前アンケートに濃厚なキスにチェックいれましたが、ちょっと期待外れなキス。
ただ話は面白いし、若くて細いのが良いなら入ってみるべき。

マットも頑張って腰をふってくれました。",https://www.cityheaven.net/gifu/A2101/A210101/vivi_g/girlid-25733003/,https://www.cityheaven.net/gifu/A2101/A210101/vivi_g/girlid-25733003
ViVi,NANA,https://www.yoasobi.co.jp/tokai/fuzoku/shop/10578/girl/1149013/?aid=ad_001,http://okinilove.com/blog-entry-730.html#haki,評価 ★★★☆☆ →記事リンク,"おっとりしてそうという理由でNANAさんを指名。

ルックスは綺麗なお姉さんという印象。

歯が少し黄色なのとおなかがぽっこりしているのが気になりました。

プレイは積極的でテクニシャンです。
潮も吹きます。

トークは少し上からなのが気になりますがエッチに関する知識を話してきました。

色々総合してこの評価になりました。",https://www.cityheaven.net/gifu/A2101/A210101/vivi_g/girlid-34512042/,https://www.cityheaven.net/gifu/A2101/A210101/vivi_g/girlid-34512042
ViVi,あかね,https://www.yoasobi.co.jp/tokai/fuzoku/shop/10578/girl/1164970/?aid=ad_001,http://okinilove.com/blog-entry-2678.html#suekiti,評価 ★★☆☆☆ →記事リンク,"初めての投稿になります。
先達の方々のレポート参考にさせていただいてます。
ありがとうございます。

今回初めてviviを利用しました。

巨乳好きで以前からヘブンでチェックしていたあかねさんが、写メ日記の投稿が無くなり出勤も少なくなってきたので、いなくなる心配から突撃しました。

パネルや写メ日記では顔はわかりませんでしだが、紹介通りハーフ顔でした。

しかし、プロフィールでは27歳でしたが、おそらく40代と思われるくらい老けてました。

しかし、年の功か技術や気遣い、トークなど高いレベルだと感じました。

胸も大きく本人曰くHカップはあるとのこと。
そのためマットでは気持ちよかったです。

中は自由自在に動かせるようで、かなりキツキツで二発いくことができました。

非喫煙表記ですが髪の毛や口臭からタバコの匂いがきつかったので喫煙者だと思います。

事前アンケートでキスに◯を付けましたが、嬢からは無くむしろ良かったかなと思いました。
個人的にはリピートは無しですね。",https://www.cityheaven.net/gifu/A2101/A210101/vivi_g/girlid-38783685/,https://www.cityheaven.net/gifu/A2101/A210101/vivi_g/girlid-38783685
ViVi,ひな,https://www.yoasobi.co.jp/tokai/fuzoku/shop/10578/girl/1199505/?aid=ad_001,http://okinilove.com/blog-entry-2678.html#horumon,評価 ★★★★☆ →記事リンク,"以前から入りたいと思っていたがなかなかタイミングが合わず入れずにいたが良い機会にめぐまれ指名する事にした。

案内されると想像していたより華奢で今風のメイクをした可愛らしい子がエレベーターの中に見えた。

心の中で小さくガッツポーズを決め挨拶をするとニコッと笑顔をみせてくれた。

手を繋ぎながら部屋に案内されます、少し人見知りな雰囲気がしますが愛想がよく見れば見るほど可愛いく見えてきます。

小柄ですらっとしています。
本人曰くもう少し肉を落としたいそうですがスレンダー好きのホルモン目線では体型はほぼ100点です。

プレイに関しては詳しくは割愛させていただきますがプレイが終わる頃には、可愛いと思ってた顔がより可愛いく見えるようになりこれはまた来るしかねーなぐらいには思っていました（笑）

レポート書いてたらまた会いたくなってしまいますね！ではまた",https://www.cityheaven.net/gifu/A2101/A210101/vivi_g/girlid-44167199/,https://www.cityheaven.net/gifu/A2101/A210101/vivi_g/girlid-44167199
GG,リコ,https://www.yoasobi.co.jp/tokai/fuzoku/shop/10579/girl/1194842/?aid=ad_001,http://okinilove.com/blog-entry-1208.html#soro,評価 ★★★★★ →記事リンク,"日記がエロさムンムンで我慢できず行ってきました。

結果は大当たり。
初対面の時こそお互い緊張はありますが部屋に入ってお風呂に浸かる頃には慣れた感じで接してくれるので緊張も解けてます。

マットが得意そうだったので70分マットでお遊び。

色んなところを吸われたり舐められたりサワサワされたりグルングルンして凄く気持ちよかったです。
特に吸いつきが凄くてフェラは抜群の気持ちよさ。

今までにないぐらいのバキューム…早漏には耐えられない…遊ばれて果ててスッキリしました。

おっきいお尻が全然垂れてなくてハリがあってでも揉むと食い込む150点のお尻です。
お尻好きは絶対遊んだ方がいい！

イラマチオが好きらしいので次はねじ込んできます。",https://www.cityheaven.net/gifu/A2101/A210101/gold_garden/girlid-43949044/,https://www.cityheaven.net/gifu/A2101/A210101/gold_garden/girlid-43949044
スタイリッシュバッハ,ベリー,https://www.yoasobi.co.jp/tokai/fuzoku/shop/12510/girl/1154060/?aid=ad_001,http://okinilove.com/blog-entry-1294.html#piko,最高評価 ★★★★★ →記事リンク,"容姿プレイレベル高いです

椅子で脱がせられ即尺
後ろ向きで座ってきてドッキング、そのまま立ち上がり鏡の前で立ちバック（全部介助あり）

２回目はピンクチェアでマジイキ

３回目はムード満点イチャイチャベッド

中がキツキツでギュンギュン動くから普段より回数出ます

月間最高本指名数80オーバーで９割以上リピーターです",https://www.cityheaven.net/gifu/A2101/A210101/stylish_bach/girlid-37401180/,https://www.cityheaven.net/gifu/A2101/A210101/stylish_bach/girlid-37401180
スタイリッシュバッハ,"ちあき, 千晃",https://www.yoasobi.co.jp/tokai/fuzoku/shop/12510/girl/1159246/?aid=ad_001,http://okinilove.com/blog-entry-1294.html#haki2,最高評価 ★★★★☆ →記事リンク,"人気と噂のちあきさんに突撃しました。

パネルとほぼ変わらず可愛らしい華奢な女の子でした。

仕事感もなく女友達と話している感覚に近い印象でした。
けどすることはするので満足ですね。

何ヶ月か経ったセフレと遊んでいるのに近い感じでした笑",https://www.cityheaven.net/gifu/A2101/A210101/stylish_bach/girlid-38220954/,https://www.cityheaven.net/gifu/A2101/A210101/stylish_bach/girlid-38220954
スタイリッシュバッハ,ゆん,https://www.yoasobi.co.jp/tokai/fuzoku/shop/12510/girl/1159723/?aid=ad_001,http://okinilove.com/blog-entry-1294.html#haki3,最高評価 ★★★★★ →記事リンク,"パネルマジックという言葉がありますがこの子はほとんど変わりません。
またスタイルもちょうどよいムチムチ感です。

隙あらばすぐキスをしてくるところが積極的でよかったです。

また責められ上手で喘ぎ声もイキっぷりも男を燃えさせるものがあります。

料金は決して安くないですがこのサービスなら満足です。
さすが人気No.1ですね。",https://www.cityheaven.net/gifu/A2101/A210101/stylish_bach/girlid-32044155/,https://www.cityheaven.net/gifu/A2101/A210101/stylish_bach/girlid-32044155
スタイリッシュバッハ,ミルキー,https://www.yoasobi.co.jp/tokai/fuzoku/shop/12510/girl/1164647/?aid=ad_001,http://okinilove.com/blog-entry-1294.html#kare,最高評価 ★★★★☆ →記事リンク,"夏場に入りました。

ルックスは写メ日記やHPよりも丸顔です。
別に太いわけではないですが過度な期待は禁物。

ただ一般的に見れば可愛らしいルックスです。
AVに出演しているのでそれをチェックするのも良いと思います。

性格は写メ日記のような甘い感じかと思いきや案外サバサバな感じの性格の子です。ですがちゃんとお客さんをもてなそうというのが伝わります。

元々の性格が良い子なんでしょう。が、育ち自体はそこまで良い感じではないようで、タオルをバサっと置いたりするので清楚、甘い感じを期待するとそこで「おやおや」と思います。

他の方のレビューでキャバクラにいそうな子とありますがまさにそんな感じです。
喋り方は想像した感じでした。
リピートすればとっても良い子なのかな、とも思います。

プレイは3発目も嫌な顔せずに、「よし頑張ろ！」みたいな感じで積極的にしてくれます。

また緩めという感想がありましたが、自分の感じでは入り口がちょいキツめでむしろフィット感はよかったです。
デリで鍛えられたのか手コキとフェラは自信があるようです。

アイコスを吸っているのかキスはほのかーにタバコの味がします。",https://www.cityheaven.net/gifu/A2101/A210101/stylish_bach/girlid-41460311/,https://www.cityheaven.net/gifu/A2101/A210101/stylish_bach/girlid-41460311
スタイリッシュバッハ,かれん,https://www.yoasobi.co.jp/tokai/fuzoku/shop/12510/girl/1176992/?aid=ad_001,http://okinilove.com/blog-entry-1294.html#nakaore,評価 ★★★☆☆ →記事リンク,"お店の写真は優しそうな雰囲気ですが、実物はキツそうな尾◯真千◯のような感じです。

声は少し酒焼けの感じ。

トークはサバサバしていて時短の無駄話はしないです。
業界慣れしてる。

ここのお店は他に良い子が多いので、リピは無いです。",https://www.cityheaven.net/gifu/A2101/A210101/stylish_bach/girlid-41197601/,https://www.cityheaven.net/gifu/A2101/A210101/stylish_bach/girlid-41197601
スタイリッシュバッハ,真鈴,https://www.yoasobi.co.jp/tokai/fuzoku/shop/12510/girl/1186313/?aid=ad_001,http://okinilove.com/blog-entry-1294.html#saikin,評価 ★★★★★ →記事リンク,"以前から狙ってはいたけど、タイミングが合わず指名できなかったまりんさん。仕事を早めに終わらせてやっとお会いすることができました。

まりんさんの口コミも少ないので投稿させてもらいます。

当日は予約していたのですが、20分ほど待合室で待ちました。
お呼ばれしていざご対面すると、日記のお顔程ではありませんが、キレイなお顔立ち！

パネルと日記で目元の印象がやや違っていたのですが、パネルの目元の方が本人に近い印象です。

某掲示板で歯並びが日記からわからないと書かれているのをみました。片方に八重歯があり、本人は矯正したいと言ってましたが、八重歯好きなので個人的には残して欲しいですね。

お部屋に案内され、早速アシスト有りで服を脱がせてもらいます。
そのままベッドに座ると、お隣でじっと見つめられDKへ。DKは積極的でわざとらしくなく、恋人のように…私の理想に最も近いキスでした…

嬢の服、〇着を脱がせていき、Dカップのお胸を責めていきます。乳首は乳輪がやや大きく、少し陥没していましたが、逆にエロさを感じます。

下も舐めますが、パイパンが嫌いらしく、薄めの陰毛、ク◯ちゃんはやや大きい？ので舐めやすかったです。

ある程度責めた後は、ベッド、マットで1回づつ果て、もう一回お誘いされましたが、満足したので、そのままおしゃべりタイムへ。

プレイはDK以外は恋人とイチャイチャと言うより、女友達やセフレとやっている感じで、個人的にはめちゃくちゃ好みな感じでした。
お喋りもフラットな感じで、お話上手な印象です。おバカキャラなのかツッコミどころ満載で、私としてはプレイよりもおしゃべりのほうが楽しかったです笑",https://www.cityheaven.net/gifu/A2101/A210101/stylish_bach/girlid-42778451/,https://www.cityheaven.net/gifu/A2101/A210101/stylish_bach/girlid-42778451
スタイリッシュバッハ,みなみ,https://www.yoasobi.co.jp/tokai/fuzoku/shop/12510/girl/1231260/?aid=ad_001,http://okinilove.com/blog-entry-2417.html#nakaore,評価 ★★★☆☆ →記事リンク,"Xでの姫予約でしか予約の取れない人気嬢なので、期待度MAXで行きました。

サイトやXでは顔は確認できませんが、実物は目と鼻に違和感のある不自然美人さんです。
肌はきめ細かく柔らかいので、抱き心地は気持ちいいです。

あえぎ声は嘘臭さがあります。
嫌な匂いや体の不快感は全く無かったので、仕事に対するプロ意識は高く感じました。

会話やマットの用意など動きがゆっくりなので、２度ヌキするなら長めの時間をオススメします。",https://www.cityheaven.net/gifu/A2101/A210101/stylish_bach/girlid-49601981/,https://www.cityheaven.net/gifu/A2101/A210101/stylish_bach/girlid-49601981
スタイリッシュバッハ,あおい,https://www.yoasobi.co.jp/tokai/fuzoku/shop/12510/girl/1248590/?aid=ad_001,http://okinilove.com/blog-entry-2417.html#wawa,評価 ★★★★☆ →記事リンク,"事前予約必須な人気嬢なので、緊張もありつつ期待をして行きました。

実際に見て、俗に言うスレンダー巨乳で無駄な脂肪はほぼ見られず、この時点で満足でした！

プレイの方も、とある一点を除き、最後まで満足いくものでした。特に舌を使ったプレイは、過去一よかったです。

ご本人いわく、今後も頑張っていきたいという思いがあるようです。なので、成長を楽しみにしつつ、また予約をいれたいと思います！",https://www.cityheaven.net/gifu/A2101/A210101/stylish_bach/girlid-56201878/,https://www.cityheaven.net/gifu/A2101/A210101/stylish_bach/girlid-56201878
スタイリッシュバッハ,ERENA,https://www.yoasobi.co.jp/tokai/fuzoku/shop/12510/girl/1272780/?aid=ad_001,http://okinilove.com/blog-entry-2417.html#yataro,評価 ★★★☆☆ →記事リンク,"数年ぶりにこちらのお店への突撃を決意したところから空振り発生。まず別の嬢を予約したらダブルブッキングだったらしくキャンセルに。

日を改めて、日記の雰囲気とキャッチコピーから美人の予感がしたエレナさんを予約。

ただ、当日遠方より向かう中で確認したら体調不良で休みに。
更に別の日に予約し、やっと突撃となりました。

ご本人は休んだ事は無いとおっしゃっていたので、体調不良ではなく、出勤日管理が適当な店の問題かと。

さて気を取り直してご対面。
生田絵梨花さん似、想像とは違いましたがまぁキレイ。

日記で自慢のお胸は迫力ありますが突起は見えず。ぎこちないため経験浅い第一印象。でも、他県の泡風呂勤務あり、キャバ経験も有るあらしく、初々しさは無しと判明。

ぎこちない→事務的に訂正して納得。

口撃がポンポン吸い上げる形に特化しており、つまりは最短で硬直させて終わらせようと言う効率重視。
いろいろ言ってますが、敢えなく２回スプラッシュ。その割に満足度あがらず。

生田絵梨花さん似の超ベテラン“事務員”をご要望の方はお試しください。",https://www.cityheaven.net/gifu/A2101/A210101/stylish_bach/girlid-56944635/,https://www.cityheaven.net/gifu/A2101/A210101/stylish_bach/girlid-56944635
ラブミサイル,ひなの,https://www.yoasobi.co.jp/tokai/fuzoku/shop/13312/girl/1279124/?aid=ad_001,http://okinilove.com/blog-entry-2426.html#gesu,最高評価 ★★★★★ →記事リンク,"日記がめっちゃエロいので、写真はあまり好みでは無かったが、ラブミサイルさんへ。

期待していたのが、お客に口を塞がれるくらいのプレー中の大声。

いざ、ひなのちゃんとご対面。
「めっちゃカワイイ」が感想。

この娘は極めて写真映りが悪いようだ。嬉しい逆パネマジ。
会話もノリ良く、エロカワイイ。

洗体・お風呂を済ませいざベッドへ。

そして期待の大声。確かに大きい。が、口を塞ぎたくなるほどでは無かった。ま、私が彼女を感じさせられなかったせいかも知れない。

正直、期待が低かっただけに、可愛くて大満足でした。",https://www.cityheaven.net/gifu/A2101/A210101/lovemissile/girlid-42513856/,https://www.cityheaven.net/gifu/A2101/A210101/lovemissile/girlid-42513856
ラブミサイル,キセキ,https://www.yoasobi.co.jp/tokai/fuzoku/shop/13312/girl/1282635/?aid=ad_001,http://okinilove.com/blog-entry-2426.html#hentai,評価 ★★☆☆☆ →記事リンク,"初めての投稿よろしくお願いします。

新人でたくさん居た中から生◯絵◯花に似ていると書いてある女の子を発見しました。
写メ日記も見応えがあって、迷わず指名しました。

いざ当日！対面すると、あれ？生◯絵◯花さん？目だけは似てるなー。それ以外は、全く似ていない…。
しかし、体型は魅力的だから、期待しよう！と心の中で唱えていざ部屋の中へ。

サービスは、とっても一生懸命で素晴らしい。しかし、DKがないのでキス好きには物足りない。

ムードは何か微妙。声が大きいし、変な相槌を入れるので、イチャイチャしたくても、上手く噛み合わない。

変な相槌と言うのは「うふふ。」「センキュー。」とか、会話してていきなり言ってくるから意味が分からなかった。

誠実なサービスのおかげで何とかイケたけど、顔や雰囲気は、かなりマイナスです。
生◯絵◯花に似てるのか？って期待して指名するとがっかりすると思います。",https://www.cityheaven.net/gifu/A2101/A210101/lovemissile/girlid-57760276/,https://www.cityheaven.net/gifu/A2101/A210101/lovemissile/girlid-57760276
ラブミサイル,なの,https://www.yoasobi.co.jp/tokai/fuzoku/shop/13312/girl/1295990/?aid=ad_001,http://okinilove.com/blog-entry-2426.html#umanami,最高評価 ★★★★★ →記事リンク,"はじめて投稿します。

久しぶりにパチンコで勝ったのでソープでも行くかと思い検索していると20歳で新人の子が目にとまり早速、予約の電話。

前から電話対応はあまりよくないので気にせず予約を伝え1年ぶりの金津へ。

入店し支払いと爪のチェックを受け数分待った後嬢とご対面。
見る人によっては写真より落ちると思うかもしれませんが自分的には全く問題なし。

部屋に入ると気さくに話しかけてくれるしこちらの話にも合わせてくれる。

服を脱ぎ洗い場へ新人の子なのでソープらしいプレイはないですが一緒にお風呂に入り前と後ろどっちがいい？と聞かれ、前と答えると抱きつかれてからの濃厚ベロチュウ。その時点でこちらはギンギンです。

ベットに移動し嬢から責めてもらいまたもや濃厚なキスからのフェラ。口の方も満足いくうまさでした。

そのまま騎乗位で挿入しこちらが腰を動かすとカワイイ声で喘いでくれます。正常位へ変えてからも嬢の方からキスを求めてきます。

こちらが腰を動かすたびに嬢のアソコがどんどん溢れてくるのがわかりました。我慢できなくなりそのままフィニッシュ。

しばらく抱き合いながらキスをして時間になりました。とにかくキスが好きな人にはオススメです。

最近風俗にはあまり行ってませんでしたが、また来月行こうと思わせてくれる様な子でした。",https://www.cityheaven.net/gifu/A2101/A210101/lovemissile/girlid-58830871/,https://www.cityheaven.net/gifu/A2101/A210101/lovemissile/girlid-58830871
サバト,あの,https://www.yoasobi.co.jp/tokai/fuzoku/shop/13313/girl/1278951/?aid=ad_001,http://okinilove.com/blog-entry-2323.html#dasio,最高評価 ★★★★☆ →記事リンク,"8月からプラチナ昇格になって
はじめて指名しました。

細身好きな方は、ハマる体型です。

レインボーの時から、ここに書かれていません。お気に入り隠し？

ガツガツした人には向かないと思いますが、たちにくい、なかおれしやすい人には優しくマッサージしてくれます。",https://www.cityheaven.net/gifu/A2101/A210101/sabbat/girlid-45155192/,https://www.cityheaven.net/gifu/A2101/A210101/sabbat/girlid-45155192
サバト,ゆずは,https://www.yoasobi.co.jp/tokai/fuzoku/shop/13313/girl/1278952/?aid=ad_001,http://okinilove.com/blog-entry-2323.html#nath,評価 ★★★☆☆ →記事リンク,"ずっと気になっていたゆずはさんに入ってきました。低身長の娘が好きなので。

店員の印象ー
ごくごく普通。特に印象無し。

姫のルックスー
他の方も言われていますが写真と比べるとあんなに目が大きくない。少しロリ入っていますが、しっかり大人の顔です。AV女優の永野いち夏を大人にした顔ですね。まあそこそこ可愛い。

姫のスタイルー
スタイルまで永野いち夏みたいでした。ガリガリの幼〇体型。
貧乳ですが綺麗にピンク色の乳首小さく柔らかい形の良いお尻と。

でも何故かお腹が少しぽっこりしてました。まあ、気にするほどではないですが。全体的にスタイルは満足です。

姫のキャラクターー
元キャバ嬢だけあって９０分間会話が途切れることなく楽しかった。

姫プレイー
脱衣アシストが無いのは残念ですね。攻めると身体をくねらせてよく鳴いてくれます。
しかし、フェラが緩く全体を咥える時間はほんの少しで先端をチロチロ舐めるだけの時間が長くそれほど気持ち良くない。

あそこの入口が狭く入りにくい。動かそうとしても奥まで挿入させないようにする。
ちょっと不完全燃焼かな？あと、たまにいるのですがアラームをセットしており、鳴ったらすぐにシャワー、それでサヨナラ。
あれは止めてほしいんですけどね。

全体的には顔やスタイル、キャラクターは良いのですがどこかアッサリしてる感じ。悪い娘ではないんですけどね。再訪は無いかな。",https://www.cityheaven.net/gifu/A2101/A210101/sabbat/girlid-46197763/,https://www.cityheaven.net/gifu/A2101/A210101/sabbat/girlid-46197763
サバト,もか,https://www.yoasobi.co.jp/tokai/fuzoku/shop/13313/girl/1278967/?aid=ad_001,http://okinilove.com/blog-entry-2323.html#tikin,評価 ★★★★☆ →記事リンク,"先ず、容姿を『判別不可』にしたのは「パネルみたいなグラビア体型ではないけど、裸婦画みたいな健康的な肉付き」だからです。

スレンダー好きの私でも「うわっ…」とはならなかったので何と表現すればいいのかって感じでした。

プレイの方は箇条書きで言うと…
・フェラが人生初の気持ち良さでした。亀頭やカリを攻めて欲しい人にはオススメです。

・キスがベロチューではなく唇吸い？です。個人的には良かったですが好みは分かれるかも。

・アシスト系は無いです。洗体も全身洗ってくれますが、腕を使ったもののみで所謂ボディー洗いはありませんでした。

・明るい娘ではありましたが、トークがあまり得意ではないのか沈黙が訪れる場面が何度かありました。少しのんびりした性格なのも関係してるかもしれません。
…以上

気になる点が無いわけではありませんでしたが、お客に満足してもらおうとする姿勢を感じられる良い娘なので後悔はしないと思います。",https://www.cityheaven.net/gifu/A2101/A210101/sabbat/girlid-54203086/,https://www.cityheaven.net/gifu/A2101/A210101/sabbat/girlid-54203086
サバト,あゆみ,https://www.yoasobi.co.jp/tokai/fuzoku/shop/13313/girl/1278989/?aid=ad_001,http://okinilove.com/blog-entry-2705.html#kyonyu,最高評価 ★★★★☆ →記事リンク,"前から気になってたあゆみちゃん75分で入りました

階段の上で対面したときは写真と違うと思ったけどキレイ系の顔なのでOK

ハリの有るGカップ
乳輪は大きめで乳首は小さい

騎乗位で頑張ってくれました
最後はバックで

マットプレイがなしだったのが残念

90分じゃないとマットなし
次は90分以上でマットプレイしてもらうかな？",https://www.cityheaven.net/gifu/A2101/A210101/sabbat/girlid-40084635/,https://www.cityheaven.net/gifu/A2101/A210101/sabbat/girlid-40084635
サバト,いちご,https://www.yoasobi.co.jp/tokai/fuzoku/shop/13313/girl/1291314/?aid=ad_001,http://okinilove.com/blog-entry-2705.html#daimajin,評価 ★★★★★ →記事リンク,"サバトいちごさんに行ってきました。
写真では加工強めですが、第一印象は人気キャバ嬢って感じでキレイかわいい系です。

トークも積極的なので初対面でも結構親近感ある感じです。

腕と足にタトゥー有りですがオシャレ系なのでそんなに気になりません。

キスが多くてこちらの要望にも応えてくれて服のチャックを脱がせてくれます。

少ししていちゃいちゃから始まりF→下を確認したら結構濡れてるということで騎〇位→正〇位でフィニッシュという流れでした。

恋人プレイ好きな人は結構ハマると思います。減点ポイントは無いです。

関東から月1で5日程度出勤しているとも言ってました。",https://www.cityheaven.net/gifu/A2101/A210101/sabbat/girlid-49653095/,https://www.cityheaven.net/gifu/A2101/A210101/sabbat/girlid-49653095
アラモード,ゆきか,https://www.cityheaven.net/aichi/A2301/A230101/alamode/girlid-52220728/,http://okinilove.com/blog-entry-2722.html#futaro,評価 ★★★★★ →記事リンク,"初めまして。レポート初投稿です。

平日のアラモードさんにお邪魔しました！

行く数日前からどの子にしようか結構迷い...写真からも分かる可愛さと性欲が強くてお店に趣味で出勤していると書いてあり、この子にするしかないと即決。

お店に到着して楽しみに待っているといよいよ声がかかり、カーテンの奥に行くと予想してたよりも10倍可愛くて小さな女の子が🫣オマケに声も笑顔も最高に可愛い！！

手を繋いでお部屋まで案内してもらい、服も脱いでいよいよお風呂へ🛀
腕と足に可愛いタトゥーが入っていました。

プロフィールにはDcup表記でしたが、実際に見てみるとB〜Cくらいかと…ダイエットの注射(？)を打っているみたいでその影響でおっぱいがしぼんでしまったみたいです。そこはちょっと残念でした。

アンダーヘアーはあるもののかなり整えられていました。

いよいよプレイが始まり最初は乳首から責められ今まで色んな子にやってもらった中で1番と言っていいほど上手でした。

お次はフ○ラ。唾液たっぷりで咥えてから亀さんのまわりを舌でぐるぐると。ゆきかちゃんのルックスも相まって最高👍 気持ちよすぎて10分もしないうちに果ててしまいました。(口内発射はNGとのことでした。)

少し落ち着いたところで攻守交替。

寝かせておっぱいをさわさわするとンッンッと反応良き。ある程度やったら脇腹から鼠径部にかけてフェザータッチを。少しピクッと動いていました。

そのままお○んこへいくとすでにヌルヌル状態。
優しく時間をかけてク○二してから指を挿れるとキツすぎでもなくかと言って緩くもない、ちょうどいい感じでした。

いざ我が息子にヘルメットを装着しゆきかちゃんへIN。指を挿れて感じたとおりでまずは正常位。

ゆっくりと動かしてだんだん早めていくといい感じでアンッアンッと男の本能をくすぐるボイス。(演技の可能性が大だと思いますがね笑)

調子にのって腰を振っているとゾクゾクっとこみ上げてきてこれはマズイと思って一旦STOP。正常位の時はほぼディープキスをしたままでした。

次はバックに体位変更。バックでして思ったことはこの子はバックが気持ちい子ということです。

普通体型より少し細いのに丸くてプリッとしたおしり🍑バックで腰を振っている時の光景はまさに絶景でした。

気持ちいいんですがなんか息子のコンディションがあまり良くなく、結局2回イクことができず...🥺情けない。でも顔も体型も自分好みで大満足でした💯

終わったあとのトークも笑顔たっぷりでずっと話してたいくらいです。今までのソープの中で1番良かったです！

ゆきかちゃんを例えると宮沢ちはるさんに似ているんじゃないかなーと思いました。(写真添付しときます。調べたらなんと身長も同じみたいです。ちなみに150cm)

確定でリピートです(((o(*゜▽゜*)o)))",https://www.cityheaven.net/aichi/A2301/A230101/alamode/girlid-52220728/,https://www.cityheaven.net/aichi/A2301/A230101/alamode/girlid-52220728
アラモード,りん,https://www.cityheaven.net/aichi/A2301/A230101/alamode/girlid-53404394/,http://okinilove.com/blog-entry-2722.html#tikuwa,評価 ★★★☆☆ →記事リンク,"最近よくお世話になってるアラモードさんへ…

オキニ嬢なかなか予約取れず初めましてのりんさんに入ってみました。

決め手は髪型のボブ…
他サイトの評判も良さげなので…

初めましての挨拶の後　手を繋いでお部屋へ　軽くトークをしながら脱衣の補助ありで期待が持てます。

嬢の服を脱がせブラを外すとお好みのチッパイ(笑)ピンクの乳首も可愛いいサイズ…アタリやあ(笑)

お風呂では潜望鏡でネットリ…なかなかお上手
たまらずベッドへ…

お互いに責め合い高まったところで嬢が上になりゴム着で重なります。
ほどよく馴染んだ後が凄かった…

エグい杭打ちを繰り出します。早漏君なら瞬殺です。まったく可愛い顔して…(笑)
その後　後ろから前から嬢のキツマンを堪能しました。

しかしこの嬢　鳴きがイマイチ…盛り上がりに欠けます。
その点を除けば良嬢です。

また入ってみたいかと問われれば…うーんですが…",https://www.cityheaven.net/aichi/A2301/A230101/alamode/girlid-53404394/,https://www.cityheaven.net/aichi/A2301/A230101/alamode/girlid-53404394
アラモード,ゆら,https://www.cityheaven.net/aichi/A2301/A230113/alamode/girlid-28152084/,http://okinilove.com/blog-entry-967.html#futu,評価 ★★★★☆ →記事リンク,"少しお絵描きがありますが、細身でまずまず可愛い方かと。

プレイも手抜き感はありませんが、多少サバサバしてます。

この仕事の人なら普通程度かと思います。",https://www.cityheaven.net/aichi/A2301/A230113/alamode/girlid-28152084/,https://www.cityheaven.net/aichi/A2301/A230113/alamode/girlid-28152084
アラモード,ゆいな,https://www.cityheaven.net/aichi/A2301/A230113/alamode/girlid-31291565/,http://okinilove.com/blog-entry-967.html#hotaru,最高評価 ★★★★★ →記事リンク,"顔はパネル一枚目のお目目ぱっちりとは違い細目気味だったがおっとりした感じの可愛らしい顔。

なので別人評価だがマイナスといった感じはそんなになかった。
全体の雰囲気は二枚目以降のパネルと大体同じに感じた。

年齢はプロフよりは上の様だが個人的には気にならず。

優しい気遣いと一生懸命さが好印象。

キスが上手く、マットもベッドも結構気持ち良かった。
次回以降も考えたいと思える嬢だった。",https://www.cityheaven.net/aichi/A2301/A230113/alamode/girlid-31291565/,https://www.cityheaven.net/aichi/A2301/A230113/alamode/girlid-31291565
アラモード,りり,https://www.cityheaven.net/aichi/A2301/A230113/alamode/girlid-32022294/,http://okinilove.com/blog-entry-967.html#takenoko,評価 ★★★★☆ →記事リンク,"おそらくパネルはデビュー当時のものでしょうね。
スレンダーというよりは普通ぐらいになってました。

おっぱいは型もよくカタログ値よりボリューミーでよかったです。

髪型も違うのと年齢を重ねた分だけ印象が異なりましたがパネルと違うだけで、可愛いことは可愛いです。

とにかくキス攻めでこれでもかというぐらいキスされました（笑）",https://www.cityheaven.net/aichi/A2301/A230113/alamode/girlid-32022294/,https://www.cityheaven.net/aichi/A2301/A230113/alamode/girlid-32022294
アラモード,ゆず,https://www.cityheaven.net/aichi/A2301/A230113/alamode/girlid-36721865/,http://okinilove.com/blog-entry-967.html#ronaudo,評価 ★★★☆☆ →記事リンク,"ゆずサンのレポートがないので掲載します。

まず写真とのパネマジ具合ですが、詐欺レベルではなく、雰囲気はそのまま変わりませんが、信頼度60％程度。
スリーサイズは信頼度30%です。

オッパは垂れていますが、めちゃ柔らかくてまぁまぁあります。

おなか回りは浮き輪2つくらいついてます。ケツ回りはう~ん、見なかった事で。
したがってマット中、もろに乗られると重量を感じます。

さてソープ と言ったらマットプレイです。
これは名古屋の大門地区では、ベスト5には入ると思います。触り方から手の回し方、アソコのあて方
使い方まで、ツボを得ており、メチャクチャ気持ち良くしてくれます。

マットプレイ中に挿入前にいっちゃう人がいますよ。と嬢が言うだけでの事はあります。

わたし的には、嬢がもう少し容姿を気にかけてスタイルアップすれば、相当リピーターが出来ると思うのに、勿体無いと思う次第です。
マット好きなら一度体験してみる価値はあります。",https://www.cityheaven.net/aichi/A2301/A230113/alamode/girlid-36721865/,https://www.cityheaven.net/aichi/A2301/A230113/alamode/girlid-36721865
アラモード,みらい,https://www.cityheaven.net/aichi/A2301/A230113/alamode/girlid-36988568/,http://okinilove.com/blog-entry-967.html#chopio,評価 ★★★★★ →記事リンク,"ホームページを見て常に予約が入ってる状態の為、前日にみらいちゃんを予約。

カーテンが開くとニコニコ笑顔のかわいい女の子。その時点で心の中でガッツポーズ。

部屋に入ると、すぐにベロチュー。
丁寧に服を脱がしてもらい、エッチな声で、「私も脱がせて。」もう興奮度MAX状態です。

体はツルツルお肌で、おっぱいは、柔らかくてキレイな形。アソコはパイパン。

洗い場でも常にディープキス。
丁寧に体を洗ってもらい、不意にギンギンの息子をパクッ、気持ち良すぎるー。その間もずっとこちらをエッチな顔で見てくれてる。

そして、お風呂で潜望鏡＆ベロチューで、息子が暴発しそう。心を落ち着かせてベッドへ。
まずはこちらが攻めます。ディープキスから、乳首をペロペロ。感度抜群で喘ぎ声がたまらん。

そしてパイパンのアソコをペロペロ。クリを中心に攻め立てます。
クリ気持ち良すぎる～。イクッと言って腰がピクピク。

攻守交代します。すごいエロいフェラでヤバッ。出てしまうのをグッと我慢。

まずは騎乗位で挿入。ん？めちゃめちゃキツイぞ。ヤバッ。気持ち良すぎる。そこは耐えたが、正常位で5回くらい動かしたら果てました。マジでキツキツ。

本当に来てよかったと心から思える女の子です。",https://www.cityheaven.net/aichi/A2301/A230113/alamode/girlid-36988568/,https://www.cityheaven.net/aichi/A2301/A230113/alamode/girlid-36988568
アラモード,"星那,
          せいな",https://www.cityheaven.net/aichi/A2301/A230113/alamode/girlid-39305341/,http://okinilove.com/blog-entry-2722.html#tamaran,最高評価 ★★★★★ →記事リンク,"アラモードさんには何度もお世話になっていますが、今回予約なしで入店し、渡されたパネルにたまたま指名ランク不動のNo.1のせいなちゃんがあり、前から気になっていたので即決しました。

見た目は、まぁまぁかわいい。おっぱいは貧乳ですが、せいなちゃんの接客は素晴らしいです。
男性が喜ぶツボを心得ています。

まず、何よりずっと笑顔で明るくてとにかく楽しい。めちゃくちゃ会話が弾みます。

そしていろいろ褒めてくるんです。営業トークなのかもしれませんが、褒められて嫌な気がする人はいないと思います。

プレーも最高で、嫌な顔もしないで、こちらの要求には全部応えてくれます。

最初に早めに発射しちゃうかもって言ったら、じゃあゆっくり動くねって気遣ってくれ、いろんな体位を堪能しました。
なんて素晴らしい神接客なんだ！と感動しました。

No.1の理由がよく分かりました。
人気がありすぎて、なかなか予約取るのが大変ですが、何度も会いに行きたくなる最高に素敵な女の子でした。",https://www.cityheaven.net/aichi/A2301/A230113/alamode/girlid-39305341/,https://www.cityheaven.net/aichi/A2301/A230113/alamode/girlid-39305341
アラモード,イヴ,https://www.cityheaven.net/aichi/A2301/A230113/alamode/girlid-39783480/,http://okinilove.com/blog-entry-967.html#daikiti,評価 ★★☆☆☆ →記事リンク,"以前はインペリアル福岡にいたそうです。

顔は綺麗ですがとてもサバサバしています、

プレイに文句はありませんが消化不良でした。

責めが好きな方はおススメしません。",https://www.cityheaven.net/aichi/A2301/A230113/alamode/girlid-39783480/,https://www.cityheaven.net/aichi/A2301/A230113/alamode/girlid-39783480
アラモード,きい,https://www.cityheaven.net/aichi/A2301/A230113/alamode/girlid-42830039/,http://okinilove.com/blog-entry-967.html#umanami,評価 ★☆☆☆☆ →記事リンク,"この店は以前アラビアンナイトという店名の時よく利用していました。

しばらく金津園に行っていましたが、久しぶりに行こうかと思い立ち久しぶりの入店。
店内はリフォームですごく綺麗になっていました。

ホームページでランキング入りしている「きい」がすぐに入れるとのことで指名です。

最初に言っておくと、顔は可愛いしスタイルもすごくいいです。

ただカーテンが開いてこちらを一瞥するなり、手をつながずにサッサと先に行ってしまったとき嫌な予感がしました。
案の定、プレイはただ突いて出しただけ。

プレイが終わったら途端にマシンガントークが始まりました。
キャバクラにいたら楽しい子なんだろうなと思い、消化不良で店を出ました。",https://www.cityheaven.net/aichi/A2301/A230113/alamode/girlid-42830039/,https://www.cityheaven.net/aichi/A2301/A230113/alamode/girlid-42830039
アラモード,あんり,https://www.cityheaven.net/aichi/A2301/A230113/alamode/girlid-45232591/,http://okinilove.com/blog-entry-2722.html#iff,最高評価 ★★★★☆ →記事リンク,"こちらのサイトにお世話になっていること、備忘録を兼ねて投稿です。

いい歳(アラフォー)して初ソープを体験してきました。
興奮しているとロングにしたくなりますが、不安と緊張から50分コースでお試し。

・予約~入店
前日予約の電話が繋がらず、20分程続けてようやく。繁忙時期の人気嬢の予約は難しいと思います。

電話は丁寧に対応いただけたので、事前情報通りスタッフさんの感じは○。
着いてからも会員登録など手早くこなし、お手洗いも勧めて頂き気遣いを感じました。

幸い待合に誰もいなかったので良かったですが、番号でなく嬢の名前で呼ばれるのは気恥ずかしいかも。

・店の様子
綺麗。空港のカードラウンジのような感覚。
プレイ部屋も部分的に鏡で奥行きを出し窮屈な感じを廃したおしゃれな造り。

ベット脇の鏡にプレイしている姿が映るので興奮が増すのが○。
正直バックの時は結構鏡ごしの嬢のお尻や結合部を見てました笑

・入室~プレイ
パネマジは少しありますが、綺麗にメイクされていたので不快な点は全くありません。
身だしなみは綺麗系なのに、小柄なので可愛さもありという感じでした。

お話をしながら手を導かれ案内され、部屋で軽く談笑しつつ脱衣。嬢から下 着紹介もありつつお風呂へ。

洗体、うがい歯磨きを済ませ、浴槽でいちゃつきながらプレイの希望やスタイルなどを聞いていただき、そのまま濃厚キスへ。
肌の触り心地がややむちっとしているので全身でもしっかりと味わいました。

丁寧に拭いていただいた後はベッドへ。

乳首が弱いそうなので丁寧に愛撫。あちらの攻めが丁寧で、特に竿より玉をしっかりと舐っていただけたのが◎。本人曰く玉舐めはマストのよう。

ここまでで十分濡れていましたが、攻守交代でしっかりとお返しを。

ゴム着後は正常→後→正常でお楽しみ。

途中20分前?のタイマーが鳴り、気が散る部分もありましたが、無事スプラッシュ。ややゆるい印象はあるも、しみけんテクで密着度を高めれば問題なし。

電話の苦労から星4としていますが、総合的に満足度が高く後悔もありません。
予約のシステム面がより便利になれば利用しやすいかと。

初めての方は綺麗な場所だと安心して利用できるかと思いますし、流れなんかも参考にしていただければ幸いです。
長文失礼いたしました。",https://www.cityheaven.net/aichi/A2301/A230113/alamode/girlid-45232591/,https://www.cityheaven.net/aichi/A2301/A230113/alamode/girlid-45232591
アラモード,みおん,https://www.cityheaven.net/aichi/A2301/A230113/alamode/girlid-47185062/,http://okinilove.com/blog-entry-967.html#maruii,評価 ★☆☆☆☆ →記事リンク,"見た目は幼く普通って感じだが話が下手。

終わらせて休憩タイムということでそのまま20分ぐらいぎこちない会話で終わり。

もっと色々たのんで見れば良かったが目をつぶりながら(眠い。)でやる気失せた。",https://www.cityheaven.net/aichi/A2301/A230113/alamode/girlid-47185062/,https://www.cityheaven.net/aichi/A2301/A230113/alamode/girlid-47185062
アラモード,ありさ,https://www.cityheaven.net/aichi/A2301/A230113/alamode/girlid-51478612/,http://okinilove.com/blog-entry-2429.html#sakana,評価 ★★☆☆☆ →記事リンク,"お盆休みを利用してソープを利用。
スタートが空いていたありさちゃんを指名。

細目キレかわ系かと思い、入ったが実物は縦に少し小さく横に少し大きくした感じで少しがっかり。
顔もどちらかと言えば可愛い系。バンギャにいそうな雰囲気な子だった。

口数も多くなくこちらから話を振らないといけなく、大変だった。

なにより残念だったのが二日酔いの匂いがすごかった。。。

乳首も乾燥でひりひりするからNGとのことで思うように責められず、がっかり。。。

穴は下目についていて気持ちよかったですが、いちゃいちゃしたい自分としては、不完全燃焼でした。。",https://www.cityheaven.net/aichi/A2301/A230113/alamode/girlid-51478612/,https://www.cityheaven.net/aichi/A2301/A230113/alamode/girlid-51478612
アラモード,みゆう,https://www.cityheaven.net/aichi/A2301/A230113/alamode/girlid-51645111/,http://okinilove.com/blog-entry-2429.html#moti2,最高評価 ★★★☆☆ →記事リンク,"某掲示板で一押しされていたので入ってみました。

お顔の方はめちゃくちゃ可愛いわけではないけど、綺麗な顔立ちで入ったことに後悔はしないと思います。
そのまま変わらないとはしましたが、写真より輪郭が少し丸めかなって感じです。

対面して少し挨拶をしてからほとんど雑談のようなものはなく、脱衣補助はありましたが事務的な会話でお風呂〜ベッドまでがあっさり終わりました。

自分もあまり喋るタイプではないのでなかなか話題も振れず、少し気まずい時間が流れていました。

しかしプレイの方はすごく上手で、キスは舌をしっかり絡めてきてくれて気持ちよかったし、乳首舐めも上手かったです。

特にフェラとたまなめはめちゃくちゃ上手で、ずっとやってて欲しいくらいでした。バキューム感がすごいです。

その後本番ではまず騎乗位で攻めてもらったのですが、しっかり密着してくれたことで体温を感じられ、耳元で大きくないながらもしっかり喘ぎ声を聴かせてくれたので燃えました。

体位を変えて正常位でもしっかり目も見つめてよがってくれたので割とすぐ果ててしまいました。

ちなみに終わった後もなかなか会話がなく、横になったあとに天気の話とかお休みなんですか〜とかの話をポツポツしたくらいでした。

総評としてプレイは星5、コミュニケーションは星2って感じでした。

今回は50分コースだったので、長く入ったらまた変わるかもしれません。
あとはコミュ強の方は満足できるかもです。

現役大学生感はあんまなかったかなぁ、年は近いはずなんだけど分かりませんでしたね
そもそも話せなかったし笑",https://www.cityheaven.net/aichi/A2301/A230113/alamode/girlid-51645111/,https://www.cityheaven.net/aichi/A2301/A230113/alamode/girlid-51645111
アラモード,うらん,https://www.cityheaven.net/aichi/A2301/A230113/alamode/girlid-52650438/,http://okinilove.com/blog-entry-2429.html#monki,最高評価 ★★★★☆ →記事リンク,"ニコニコしていて優しい。

スレンダーで体は最高。

20代後半と思う。
ベテランで高級店経験がありそう。

マットはしない娘。
お風呂でのパイズリが気持ちよかった。

攻めて欲しいと希望してスタート。
身体中フェザータッチされて声が出てしまう。

あそこを締めるのが上手。
満足できた。プロだと思った。",https://www.cityheaven.net/aichi/A2301/A230113/alamode/girlid-52650438/,https://www.cityheaven.net/aichi/A2301/A230113/alamode/girlid-52650438
青いりんご,まお,https://www.cityheaven.net/gifu/A2101/A210101/aoiringo/girlid-53598978/,http://okinilove.com/blog-entry-2694.html#puku,評価 ★★★★☆ →記事リンク,"最近は名古屋ばかりでしたがたまには地元の金津で遊びたくなり、青いりんごのまおちゃん指名で行きました。

まおちゃんは二度目になります。
80分コミコミで32000円だったかな？

会話もまったり喋るタイプなのできっと性格もいいんだろうな～とゆう印象です。

お風呂を溜めながら椅子に座ってシャワーです。
シャワー浴びて湯船でマットの用意を待ちます。

マットテクは普通です。
マットでは発射できそうにもなかったのでベッドへ。

まずは攻めます。
全身敏感でよく濡れます。

指を入れると１本でキツキツ。
攻守交代後、挿入。めちゃくちゃキツキツで名器です。
この子はNNなのでそのまま発射。

悪い所は一切ありません。",https://www.cityheaven.net/gifu/A2101/A210101/aoiringo/girlid-53598978/,https://www.cityheaven.net/gifu/A2101/A210101/aoiringo/girlid-53598978
青いりんご,たきな,https://www.cityheaven.net/gifu/A2101/A210101/aoiringo/girlid-54893638/,http://okinilove.com/blog-entry-2694.html#babe,評価 ★★★☆☆ →記事リンク,"Xで見つけたたきなちゃんに突撃

プレイもトークも一生懸命してくれました",https://www.cityheaven.net/gifu/A2101/A210101/aoiringo/girlid-54893638/,https://www.cityheaven.net/gifu/A2101/A210101/aoiringo/girlid-54893638
名古屋しろうと革命,あみ,https://fuzoku.jp/nagoyasiroutodx/girl/678/,http://okinilove.com/blog-entry-2750.html#doragon,評価 ★★★★★ →記事リンク,"前前店よりオキニのあみちゃん
ホントいい娘なんです

ほとんどNGありません

Dキス、A舐め、ごっくん、N〇
何でもしてくれます

これからも大事にしちゃいます",,
名古屋しろうと革命,アナタの精液盗みます,https://www.cityheaven.net/aichi/A2301/A230103/n_shirouto_dx/girlid-46014880/,http://okinilove.com/blog-entry-2188.html#teiou,評価 ★★★★☆ →記事リンク,"新店ということでお得なイベントもやってたので試しに突入。

目当ての女の子とは時間が合わなくオススメと言われてこの子にしたが名前を言うのが恥ずかしいです(笑)

アイマスク入室を選択し、DKたっぷりのイチャイチャプレイでした。SPはNGでしたが現役JDとのイチャイチャは満足して帰れましたよ。ちなみに呼び方はせいちゃんと呼ばれてるとか(笑)

また投稿していきますので、管理人さんは熱中症に気をつけて下さいね。",https://www.cityheaven.net/aichi/A2301/A230103/n_shirouto_dx/girlid-46014880/,https://www.cityheaven.net/aichi/A2301/A230103/n_shirouto_dx/girlid-46014880
名古屋しろうと革命,テクノブレイク,https://www.cityheaven.net/aichi/A2301/A230103/n_shirouto_dx/girlid-46575218/,http://okinilove.com/blog-entry-2188.html#gedou,評価 ★★★★☆ →記事リンク,"いつも拝見させて頂き風俗ライフ充実させてもらってます。

さてさて、以前より気になるお店で、某サイトの写メ日記でド迫力のオッパイを披露している名古屋素人革命DXのテクノブレイク？こちら女の子の名前がどの子も訳の分からんお店で、名前の意味は分からんけど、半信半疑でネット予約。

ホテル込み80分＋イベント10分
000
特別指名料　4,000  交通費　1,000
総額　25,000  まぁまぁ高けぇな。

数時間後にお店から確認の電話。
その他よくあるお店の様に高圧的な兄ちゃんではなく、たどたどしい好青年。
まずは良い印象です。

時間前に指定ホテルへ行き、待つ。待つ。待つ…… ロビーで寝てました。
時計見ると40分経っとる。
お店には関係ねぇけど、いつも思うがここのホテルってどうなっとるの？

話がそれましたが、電話で部屋番号を伝えるとお店のコンセプトで、即尺即プレイの為、清潔にして待つようにと。
胸の高鳴りを抑えて待つ事数分後にテクノ嬢が登場。

プロフィールとパネル通りの若くて元気で健康的な今時のお嬢さんです。

少し話をします。私も嬢も喫煙者の様で、iQOS吸いながら嬢のご両親と私が同じ歳など談笑。
…即尺…ねぇな。

お店に電話してお兄ちゃんに先に風呂入れって言われてさー　と言ってみる。
だからタオル一枚なんだー！　だってさ。

…即尺…ねぇな。

ま、即尺詠ってるお店でも現実はこんなもんよ。頃合いをみてベッドへ。
攻めが得意との事で、攻めてもらう。
耳から舐められて、乳首、フェラへ。嬢は年齢21歳との事ですが、慣れた感じで程よい感じ。

選手交代で私が攻めます。
キスは…嫌かな？避けれる感じ。

サイト通りのド迫力のオッパイ。綺麗で張りがあり、もはや芸術です。
乳首は…くすぐったいと。

下へ進んで剃った感のあるパイパン。足に力がかかってて足広げてくんねぇからやりずらいクンニ…ヒゲが当たって痛い。ん？ワシ、ヒゲは生やしとらんぞ？

んーーー。嬢の嫌がる事は極力やらない主義の私。手マンで入口をクチュクチュ。頃合いを見てゆっくり、ゆっくり中へ。
お！キツくて色々とザラザラしてて、名器感満載やぞ！

ゆっくり攻めて。反応は薄めだけど、濡れてきたところでギンギンな息子を擦り付けてみる。
足がピーンと伸びてるのでとにかくやりずらい。反応を見るために先っぽを少し〇れてみると、無反応。

んーーー。寝てるね。
これ、睡眠に入ってるね。結構前から寝ちゃってるよ。

ま、いっかーと腕枕するとピタっとくっついてスヤスヤ眠る。なんだか、これも悪くないかな。

起きたテクノ嬢。
両手を広げて、んーーって抱いてくれのジェスチャー　可愛い。
アゴをクイっと、んーーってキスしてのジェスチャー　でれ可愛い

クンニ、手マンと再開。オッパイも乳首も首も耳も、なんか知らんがどこ攻めてもアンアン乱れてあそこもビシャビシャ。Gを攻めて、そこダメー！！とエビ反りでイった後に嬢から抱きつき濃厚なベロチュー。　ボルテージMAXで自然に合〇。

予期せぬ展開で興奮しすぎてたのと、やっぱ名器。なんじゃこりゃ！３コスリ半もたんぞ。数秒で外へ発射。
直後にアラームが鳴る。

初めての投稿で長文になってしまいすみません。

良い子でしたよ。ただ、前半のガードが固い感じが本物なのか、後半のイチャイチャエロエロが本物なのかよく分からない子です。

私の場合。たまたま、何かのスイッチが入っただけの様な気がします。
他のお店とも掛け持ちしてるようで非常に慣れてるので普段はもっとサバサバした気分屋さんで、SPもない様な気がしますね。

お値段も割高かなぁという印象です。

ただ、名器です。すげぇよ。
なんじゃこりゃー！を実感したい方は是非。",https://www.cityheaven.net/aichi/A2301/A230103/n_shirouto_dx/girlid-46575218/,https://www.cityheaven.net/aichi/A2301/A230103/n_shirouto_dx/girlid-46575218
名古屋しろうと革命,めい,https://www.cityheaven.net/aichi/A2301/A230103/n_shirouto_dx/girlid-47702781/,http://okinilove.com/blog-entry-2188.html#sokuri,評価 ★★☆☆☆ →記事リンク,"初めてホテヘルで利用しました。

まぁ身長ゎプロフ通り140cm。小柄好きの当方にはストライク。
ただしかしプロフの「52cm」は全くの嘘。

有名店からの移籍らしく所作は丁寧。しかしお喋り長くて…。危なく時間が無くなるトコでした。

プレイは何も抵抗の無い感じでやりたい放題でしたよ。◯SPも何も問題無かったです。
ただマグロなのか足が重くて騎乗位は苦手らしく本〇はたいした事なく…

まぁOP無料は最後の手段で当方のドＳを発揮出来るのでハズレでもハズレだと思えません。
次もこの店使いますよ。電話対応も丁寧なお兄さんで問題ゼロでした。",https://www.cityheaven.net/aichi/A2301/A230103/n_shirouto_dx/girlid-47702781/,https://www.cityheaven.net/aichi/A2301/A230103/n_shirouto_dx/girlid-47702781
名古屋しろうと革命,パインアメ,https://www.cityheaven.net/aichi/A2301/A230103/n_shirouto_dx/girlid-48477036/,http://okinilove.com/blog-entry-2188.html#ningen,評価 ★★★★★ →記事リンク,"風俗に革命を、、、、！？
そんな言葉が気になり、お店のサイトを覗くと、、、私の好物、パインアメ！？

おい、考えた店員
出てこい笑
一緒に呑んだら楽しそうじゃねぇか笑

早速ネットで予約！
+10分はお得だ！

当日になり説明を受ける
入室方法がたくさんあるらしい、、、全裸コートにしました^_^

洗体をして待つようにいわれたので、待ってると

ピンポーン
『初めまして、パインアメです！』
ちょっと待って！70分、こんなに可愛い子で、15,000円！？

ホテル代入れても2万でお釣りが来ます^_^
コスパ最強です！可愛いが止まりません。

即プレイ専門店との事で、すぐプレイ開始です！
フェラしてる顔もかわいい(*^ω^*)

EDの僕も、おもわず元気に！
『普段どうやってイッてるの？』と聞かれたので、素直にパインアメちゃんの穴にと、、、

素直に伝えると、お小遣い制だとの事で、、、もちろん払います！
〇れると僕の息子を掴んではなさい、パインアメさんの穴は、最強の鞘でした！

また行きます^_^",https://www.cityheaven.net/aichi/A2301/A230103/n_shirouto_dx/girlid-48477036/,https://www.cityheaven.net/aichi/A2301/A230103/n_shirouto_dx/girlid-48477036
名古屋しろうと革命,森永精菓,https://www.cityheaven.net/aichi/A2301/A230103/n_shirouto_dx/girlid-48684468/,http://okinilove.com/blog-entry-2320.html#owarinaki,最高評価 ★★★★★ →記事リンク,"今回もまだ上がってない女の子を提供させてもらいます。

とにかく女の子が素晴らしかった！
写真そのまま、プレイもプロフ通りでトークも楽しいと非の打ち所が無い(⁠^⁠^⁠)

低身長で透き通る白くスベスベ、もちもちな肌にアンバランスな巨乳、パイパンでキレイなピンクのアソコ
合法ロリとはこのことです(⁠^⁠^⁠)

全裸コートで入室してもらったんですが、帰りに私服を見た時にかわいかったのでちょっと失敗したなと(笑)

トークが弾んで2回戦目が残り時間ギリギリだったにも関わらず、アラームがなっても一生懸命してくれて無事に2回搾り取られました(⁠^⁠^⁠)

女の子いい、スタッフさんの対応いい、料金安いといいこと尽くめなので皆さんにオススメしたいです！",https://www.cityheaven.net/aichi/A2301/A230103/n_shirouto_dx/girlid-48684468/,https://www.cityheaven.net/aichi/A2301/A230103/n_shirouto_dx/girlid-48684468
名古屋しろうと革命,らむ,https://www.cityheaven.net/aichi/A2301/A230103/n_shirouto_dx/girlid-50569297/,http://okinilove.com/blog-entry-2188.html#siritaro,評価 ★★★★★ →記事リンク,"新人の女の子大好きレポでふ！
今回は初めのお店でらむちゃんに突撃しました！

電話でお店のコンセプトが変わった入室方法で遊べるとの事だったので全裸コートをお願いしました！

本当に裸にコート一枚で来てくれて先にカラダを洗えば即プレイ出来るとの事で、事前に準備してやってくれました！

先にどんな感じかというと大大満足でした‼️
かなり積極的で性格もよくエロい顔してフェラして美味しいって言ってくれて大興奮でした！

対面した時から笑顔でよろしくお願いしますとイメージ以上に可愛い子でロリ系でした。

可愛い上に裸で来てくれてもう瞬間にビンビン丸になっていたところにもう大きくなってますよ？と密着スリスリしてきてめちゃくちゃヤバい子キタ！と大興奮しました！

すぐ舐めてくれて気持ち良さがそのままフィニッシュしちゃいました笑
興奮しまくって久々に大満足して帰れました！

補足
電話で無料のオプションもありますと言われて女の子ができるモノは無料と有料があるらしいです
興味なかったの使いませんでしたが口コミ書くものとして伝えておきます。",https://www.cityheaven.net/aichi/A2301/A230103/n_shirouto_dx/girlid-50569297/,https://www.cityheaven.net/aichi/A2301/A230103/n_shirouto_dx/girlid-50569297
名古屋しろうと革命,りの,https://www.cityheaven.net/aichi/A2301/A230103/n_shirouto_dx/girlid-53497347/,http://okinilove.com/blog-entry-2320.html#bin,最高評価 ★★★★★ →記事リンク,"運営様はじめまして。
良い嬢に出会え、その嬢を応援したいと思い、レポートを上げさせて頂きます。

初めは「お願いします〜。」と入室されました。

ちょっと冷たい子なのかな？と感じてしまいましたが、話をしていくと、とっても明るくて笑顔が素敵な女性で、やはり俺の目には狂いはなかった！と心の中でガッツポーズ。

話を聞くと、人見知りだそうで一言目だけがどうしても緊張してしまう、、との事。それは仕方ない！
ただ、それ以降はこちらからのトークを嫌な顔一切せずに盛り上げてくれます。

そして、いちばん肝心なプレイなのですが、、
もうキツキツ・敏感・エロい！

話していた時とガラッと印象が変わりドエロくなるので、同一人物か？といい意味で疑うくらいでした。w

乳首は少し触るだけでピンッと上向きに硬くなり、ツルツルなおまんこで舐めやすく筋マン、、
個人的には大好物でした。w

そして、だんだん声が大きくなってきて、、
嬢が好きと公言している電マを当てながら、乳首を舐ると乳首はビンビン、クリちゃんもヒクヒクし始めそのままクネらせながら、ビクッと何度もイっておられました、、

達しすぎて肩で呼吸をしている所にスリスリとこちらのソーセージをあてがい、、。

ニュルんっと先が〇った所でストップ、、交渉をして改めてお邪魔すると、、これは、最高、、！
キツキツな上に絡みつき吸い付き俺を離そうとしてくれない、、！

これは病みつきになって完売が続くわ、、と納得。
1度入ったら沼にハマってしまうような女の子でした。

こんなに褒め言葉ばかりだと、業者を疑われてしまいがちですが、、
個人的に悪い所は見つからずで、すみません。

らぶりぃに在籍していた時代も知っており気になっていましたが、呼んだことは無かったので、もっと早く指名しておけばよかったと後悔しているくらいです。

長くなりましたが、読んで頂きありがとうございます。

りのちゃんがしろうと革命の将来ナンバーワンだと確信しています！ありがとね〜！",https://www.cityheaven.net/aichi/A2301/A230103/n_shirouto_dx/girlid-53497347/,https://www.cityheaven.net/aichi/A2301/A230103/n_shirouto_dx/girlid-53497347
名古屋しろうと革命,おほし,https://www.cityheaven.net/aichi/A2301/A230103/n_shirouto_dx/girlid-53676947/,http://okinilove.com/blog-entry-2750.html#masa,評価 ★☆☆☆☆ →記事リンク,"プレイに入る前に円盤S1.5,NS2.5との事
交渉も出来るけどSで最低1との事なのでお断りしました。

プレイに入る前にそんな話になったので気持ちが入らないのもあるがベッド横になると姫が大の字になってと言い咥えられて時短でフィニッシュ。

口コミが多いから良い娘かと思って呼んだのだが、口コミの2.000円バックを貰わないと割に合わないから書いてるのかも？

通りでフェラが上手いとの書き込みばかりなはずだ。
口コミが多い割には全然予約が入ってないのはなぜなんだと思ってましたが理由が分かった気がしました。

歯は磨いたばかりと言っても決まりなんでもう一度磨いてとかイソジンで口濯いでと言われた時、嫌な予感が的中しました。",https://www.cityheaven.net/aichi/A2301/A230103/n_shirouto_dx/girlid-53676947/,https://www.cityheaven.net/aichi/A2301/A230103/n_shirouto_dx/girlid-53676947
名古屋しろうと革命,すずな,https://www.cityheaven.net/aichi/A2301/A230103/n_shirouto_dx/girlid-56034489/,http://okinilove.com/blog-entry-2750.html#darutani,評価 ★☆☆☆☆ →記事リンク,"初めてのお店

まず、見た目はプロフィールとは、面影はなくはないが、別人と言っても差し支えなし。

まぁ、見た目はいいとしても、寝るのは頂けない。

二度と遊ばない。
オススメしない。",https://www.cityheaven.net/aichi/A2301/A230103/n_shirouto_dx/girlid-56034489/,https://www.cityheaven.net/aichi/A2301/A230103/n_shirouto_dx/girlid-56034489
名古屋しろうと革命,かんな,https://www.cityheaven.net/aichi/A2301/A230103/n_shirouto_dx/girlid-56830043/,http://okinilove.com/blog-entry-2750.html#tokumeik,評価 ★★☆☆☆ →記事リンク,"管理人さま♡こんにちは〜

この子の日記はどエロい\(//∇//)\
ドロリッチに誘われて凸してきました

怪しいのは百も承知の助なんですが、😅
この目で見るまで、なんともねー

こんにちは〜♪
はい、パネマジさんです
うーむむむ😔

脱ぎました
はい、これもパネマジぃぃ🥲
乳首まで加工するのは法律で禁止してください

ただ明るい感じでいきなりパンツ丸見えでソファに座ってますよ(๑˃̵ᴗ˂̵)
そのまんま始めます

何も言ってませんがおもちゃ出てきた\(//∇//)\

バイブ？あるよー
電マ！あるよー

バイブを自分で挿入しながら電マもあてて
きもちぃぃ♡って、いっくいくいっくぅ〜って、、
エロぃ\(//∇//)\

交渉してち◯こを◯で挿〇れちゃう
ち◯こと電マのコラボ、ヤバぁ〜って言いながら
何回もイッテましたよー

なんてこった、",https://www.cityheaven.net/aichi/A2301/A230103/n_shirouto_dx/girlid-56830043/,https://www.cityheaven.net/aichi/A2301/A230103/n_shirouto_dx/girlid-56830043
名古屋しろうと革命,みいひ,https://www.cityheaven.net/aichi/A2301/A230103/n_shirouto_dx/girlid-59320568/,http://okinilove.com/blog-entry-2750.html#akumu,評価 ★★☆☆☆ →記事リンク,"ん〜
顔は写メとは違う

可愛くない
でもブサイクでもない

体型は幼〇体型
プロフィールではDカップとなってるがそんなにない
CよりのBという感じ

本人はМというが単に攻めができないだけ
手コキ、フェラはマジ下手

SPはオプション
興味ないから交渉しなかったが
お金がないと言ってたのでそこそこの値段するのでは？

経験浅い若い子だから肌が綺麗でスベスベしてる
良いとこはそこだけ",https://www.cityheaven.net/aichi/A2301/A230103/n_shirouto_dx/girlid-59320568/,https://www.cityheaven.net/aichi/A2301/A230103/n_shirouto_dx/girlid-59320568
アクア,まみ,https://www.cityheaven.net/gifu/A2101/A210101/aqua/girlid-45757671/,http://okinilove.com/blog-entry-1283.html#haki,評価 ★★★★★ →記事リンク,"とても綺麗なお姉さん。

何度か入りましたが，プレイもトークも一級品です。
一緒にいて落ち着きますしたくさん癒やされます。

この値段でこのサービスなら大満足間違いなしですね。過去No.1の嬢でした。",https://www.cityheaven.net/gifu/A2101/A210101/aqua/girlid-45757671/,https://www.cityheaven.net/gifu/A2101/A210101/aqua/girlid-45757671
アクア,ゆめ,https://www.cityheaven.net/gifu/A2101/A210101/aqua/girlid-45890417/,http://okinilove.com/blog-entry-1283.html#kisimen,最高評価 ★★★★☆ →記事リンク,アナルなめがなく殘念だが及第点。,https://www.cityheaven.net/gifu/A2101/A210101/aqua/girlid-45890417/,https://www.cityheaven.net/gifu/A2101/A210101/aqua/girlid-45890417
アクア,杉咲ムギ,https://www.cityheaven.net/gifu/A2101/A210101/aqua/girlid-46561745/,http://okinilove.com/blog-entry-1283.html#hanaru2,評価 ★★★★★ →記事リンク,"行きつけ店の出勤確認をしていると見覚えのあるパッケージ写真が目にとまりあらためて確認してみると購入したAV嬢に間違いない！

興奮を抑えて、お店に連絡すると無事予約がとれ股間も大喜びです。

仕事の合間にもAVの画像を見てイメトレもバッチリで当日を迎えます。
店舗到着後にスムーズに案内となりエレベーターで彼女と対面すると写真や映像以上だ！と感動すら感じます。

AV→風俗はよくあるパターンですが人気女優はみな東京の高級デリorソープと決まっており東海圏の風俗に来るのはマイナー女優、各県を転々としている名ばかりAV女優ばかりのなかこの子は昨年に大手メーカーよりデビューでしかも期待されてのいきなり4K画質作品です。

容姿は折り紙つきなのは間違いありません。
話をしてみても笑顔が多く、会話も楽しい。

お風呂にいくため服を脱げば引き締まった美白の極上ボディをしています。
映像以上の美しいカラダに股間は膨れあがり恥ずかしい我慢汁を垂らしております。

風呂は私だけ短時間はいりすぐにベッドへ移動となります。
映像以上の可愛いお顔に口を持っていけばディープキスも受け入れてくれます。

はりがあり柔らかな美乳を堪能すればピンクの芸術的な秘部を舐めまわします。
いい声を出しますが昇天の気配がないため仰向けの嬢の口へ股間を持っていけばペロペロ、チュパチュパお口で対応してくれます。

辛抱たまらんと秘部へこすりつけこの若く綺麗な女優にいつでも生挿入ができると思うと恥ずかしいほどカチカチに勃起してそのまま突撃させます。

中は引き締まったボディに違わぬシマリと仕込みローションでヌルヌル状態。
バック、騎乗位を楽しみますがスベスベ肌を触っているだけで股間の硬度は増して嬢の奥の感触を楽しみます。

最後は中に出してと言わせてからディープキスの状態のまま正常位にて中に発射します。
結合を解くといつもの大量の精液が綺麗な秘部から流れでてきます。

AV女優の肩書き抜きでも素晴らしい容姿、サービス、性交でした。",https://www.cityheaven.net/gifu/A2101/A210101/aqua/girlid-46561745/,https://www.cityheaven.net/gifu/A2101/A210101/aqua/girlid-46561745
アクア,くれは,https://www.yoasobi.co.jp/tokai/fuzoku/shop/13314/girl/1280937/?aid=ad_001,http://okinilove.com/blog-entry-2811.html#hentai,評価 ★★☆☆☆ →記事リンク,"aQuaのプレミアムキャストで値段もaQuaの中では高級。どんな嬢が出てくるのか期待しました。

顔は、パネルよりは少し下がるかな？ぐらい。でも、許容範囲かなって感じです。

部屋に入り嬢から「アイコス吸わせて。」と一言。正直「まじかよ。」って冷めました。
タバコを吸わない自分への配慮もない、自己中な嬢だと確信しました。

サービスでは、キスも少なめ、事務的なサービスばかり。顔がそこそこ可愛い子だからイケました。
これでサービスも濃厚だったらリピ確定なんだけどなーって思いました。

正直50000円も払うのはもったいないと感じました。写メ日記の写真はめちゃ可愛いですが、実物はそんなにです。

お金が余っていて、お試しって人は指名してみてはどうですか？",https://www.cityheaven.net/gifu/A2101/A210101/aqua/girlid-51449885/,https://www.cityheaven.net/gifu/A2101/A210101/aqua/girlid-51449885
アクア,ちな,https://www3.yoasobi.co.jp/tokai/fuzoku/shop/13314/girl/1280941/?aid=ad_001,http://okinilove.com/blog-entry-2413.html#don,評価 ★☆☆☆☆ →記事リンク,"今回、予約していた娘が確認電話の際連絡つかないとのことで、キャンセルに。代わりにオススメの娘を尋ねたところ、ちなさんがオススメだというので予約した。

行ってみるとヤル気のない受付のお兄さん方が、不安になりなからも性欲抑えられず、案内され。
エレベーターで対面、スタイル、顔はなかなか良くニコニコしている。

部屋に入り話が長い、なかなかプレイにならず、自分から催促、風呂も離れて入り、あまりテンション上がらず、正常位で行ったあと、２回戦のお誘いもなく、何となく終わりの雰囲気をだされ、着替え出し、自分も時間だいぶ余ってたけど、我慢できず退店した。

９０分コースは１回戦なのだろうかと疑問に思いながら、後悔した。

６０分にしとけば良かったなぁと、もうここは二度と行かない。",https://www.cityheaven.net/gifu/A2101/A210101/aqua/girlid-51288243/,https://www.cityheaven.net/gifu/A2101/A210101/aqua/girlid-51288243
アクア,りお,https://www3.yoasobi.co.jp/tokai/fuzoku/shop/13314/girl/1280981/?aid=ad_001,http://okinilove.com/blog-entry-2413.html#kansai,評価 ★★☆☆☆ →記事リンク,"始めはここの他の嬢目当てでしたが予約後体調不良で早退されりおさんに。

スタッフさんの応対もよく嬢の接客も特に不備はありませんでしたが僕の求めていたプレイと嬢のプレイスタイル違いすぎてました。

彼女は基本責めでキスや受けはさせないのかな?タオルかけてのお触り手コキから若干のフェラ、そこから上に乗っての腰振りでしたが叡智なことをしているムードが乏しくいつものようなギンギンに達せませんでした。

なので刺激を与える為に上下交代し割れ目に充てがって擦ってみるとやはり若い割れ目の触れ心地はいいですね、秒速でゼロ距離密着出来る硬さになりました(笑)

しかしながらキスやπ吸いNGにより刺激足りず最後は手コキから発射の瞬間跨ってもらい何とか生の◯内にぶちまける目標は達成。いつもの抜いた直後の割れ目を拡げ◯口から垂れるのを眺めて辱めるのは自粛(笑)

帰り道振り返ってみると今の自分の楽しみたかったプレイとしてはディープに女体をむさぼり、感じて喘ぐのをお互い楽しみ卑猥な言葉を耳元で投げ掛け反応を楽しみながら身体の奥深くで受け止めてもらいたかったので初回でしかも急遽変更で見極めるのは難しかったですね。

実は以前投稿したヘルス嬢が正にこの欲望を満たす子で投稿後もリピートしており、道中どちらにするか迷いましたが当初の嬢も献身的な評価かつレア出勤の為こちらに向かった次第でまぁこれも見極めるいい経験かなと思いますし当初の嬢にも会えるようまた来店したいと思います。",https://www.cityheaven.net/gifu/A2101/A210101/aqua/girlid-47441432/,https://www.cityheaven.net/gifu/A2101/A210101/aqua/girlid-47441432
アクア,なぎさ,https://www3.yoasobi.co.jp/tokai/fuzoku/shop/13314/girl/1286328/?aid=ad_001,http://okinilove.com/blog-entry-2413.html#furan,評価 ★★☆☆☆ →記事リンク,"予約していた嬢のドタキャンにより、急遽以前から気になっていたこちらの嬢を予約してお邪魔する事に致しました。

店のサイトでレビューが良い感じだったので、かなり期待して店に行きました。
受付ではスタッフの方に手際良くササっとしょられて、すぐ案内されました。

エレベーターで対面した時の印象は写真の通りでかわいい印象。

その後部屋に入ると、丁寧に脱衣してくれてカゴへたたんで入れてくれるて最初は感心してましたが、丁寧過ぎるなと感じた時、ロングで予約したのもあって、おや？これ遅延行為か？と疑念が生じましたが、興奮しているのでそんな邪推はすぐに捨てて楽しもうと気持ちを切り替えました。

嬢はササっと脱いで、洗体の準備。部屋の広さもあって、遠くで何やら時間をかけて、待ち遠しさを演出！

じゃあこっちきて下さいと、イスに座らされ、ここでも持ち前の丁寧な洗い！歯磨きやらうがいやら済ませて風呂へ投入され、後から嬢も一緒に入り、トーク！なんとここまで、こちらからはタッチレス！！

一応拭いてもらいベッドで口のやつ。少ししてから嬢より、もう良いかなと注意事項説明タイムで乳首NG、こちらから希望した6 9は下が痛くなるといけないので即却下、シュン（涙）

その後、長期間禁欲してたのもありインしてすぐ終了。

その後ロングでしたが、雑談して2回戦の誘いは無く、もうあかんよオーラでトークで時間を潰し、奴がピピっと鳴りました。",https://www.cityheaven.net/gifu/A2101/A210101/aqua/girlid-50738606/,https://www.cityheaven.net/gifu/A2101/A210101/aqua/girlid-50738606
C´est裸美（セラヴィ）,あや,https://www.cityheaven.net/gifu/A2101/A210101/selavi/girlid-18375448/,http://okinilove.com/blog-entry-871.html#with,評価 ★☆☆☆☆ →記事リンク,"やや高級店の行きました。
接客をそこそこできるし、言葉使い、態度も悪くないですが、何か体臭的なものがきついし、欲求が高まるような魅力もなかったです。",https://www.cityheaven.net/gifu/A2101/A210101/selavi/girlid-18375448/,https://www.cityheaven.net/gifu/A2101/A210101/selavi/girlid-18375448
C´est裸美（セラヴィ）,柚,https://www.cityheaven.net/gifu/A2101/A210101/selavi/girlid-40362133/,http://okinilove.com/blog-entry-2584.html#saikin,最高評価 ★★★★★ →記事リンク,"サイトでお顔を拝見し、可愛いと思って初来店しました。

朝一だったため少し混んでいましたが、スタッフさんが柔らかくにこやかに対応してくれました。多分今までで1番良い接客です。

最初にコスプレを選びますが、あまり詳しくないので人気No.1の島風を選択→アンケートを記入→ご案内でした。

御対面すると、日記などでは綺麗系な印象でしたが、可愛い系も入っている感じの印象です。
お写真の通りスタイルが良くモデルさんのようで完全に私好みです。

写真だけだとクールな印象的でしたが話しやすく、やりたいことがあったら言ってねと何度か声をかてくれたり、ホスピタリティにも溢れています。

お声は可愛らしく甘く特徴的な感じです。
お声のせいかちょっと演技っぽく聞こえてしまいますが、エロマンガとか読む人は好みなんだと思います。

プレイはベット→マット→ベットと３回戦にチャレンジしましたが、私の足りなさで３回戦目は不発でした…

スタッフさんも柚さんも総合的に評価が高く満足でした。
他の嬢さんにも入ってみたいですね。",https://www.cityheaven.net/gifu/A2101/A210101/selavi/girlid-40362133/,https://www.cityheaven.net/gifu/A2101/A210101/selavi/girlid-40362133
ロイヤルクラブ姫,まなみ,https://www.cityheaven.net/gifu/A2101/A210101/hime/girlid-25858126/,http://okinilove.com/blog-entry-1120.html#kaji2,評価 ★★★★★ →記事リンク,"管理人様お世話になっております。
今回はROYAL CLUB姫　まなみさんです。

お顔はおメメ細目の方です。お体は太くないですが、むっちりいい感じであります。

プレイは足を絡めたり手をつかんだりとある程度密着してくださります。",https://www.cityheaven.net/gifu/A2101/A210101/hime/girlid-25858126/,https://www.cityheaven.net/gifu/A2101/A210101/hime/girlid-25858126
ロイヤルクラブ姫,はるか,https://www.cityheaven.net/gifu/A2101/A210101/hime/girlid-26887217/,http://okinilove.com/blog-entry-1120.html#aria,最高評価 ★★★★★ →記事リンク,"いつも嬢選びの参考にさせてもらってるので、私もお気に入り嬢を投稿させていただきます。

予定が不意になり時間を持て余して居たのでNS NN店を探していた所同店のサイトで「待機中」の表示で…特にこだわりも無く予約を入れたのが「はるか嬢」との出会いでした。

店に到着した所外に居たボーイさんに予約してる旨を伝え、車を任せて階段を上がり店内へ…とても良い笑顔で受付をしてくれるボーイさんにこちらも自然に笑顔になって嬢を待っていると、ボーイさんに声をかけられ嬢と対面。

そのまま部屋に入り椅子に座ると雑談…と言うには余りにも短い雑談をしながら、服を脱がされていき…気がつくとパンツ一枚！
そこで嬢の服や〇着…ガーターを脱がせてそのまま嬢が座って瞬間「即舐められ」ましたw

大きくなると同時に即ベットへ…そのまま一回戦を嬢の中に…抜くと同時に「丁寧なお掃除F」をしてくれて。
かなり感動しました…

その後風呂でイチャイチャして…そのまま流れでマットへwマットではイキ難い私がかなりの量を出してしまった(￣▽￣;)
その後一息ついてベッドで三回戦…と思いきや息子は最早「もう大満足です状態」だったのでそのまま雑談にしてもらいましたw

後から知ったのですが…はるか嬢は別の高級店からの移籍だったらしく、かなりテクニシャンな嬢でした。

私には「テクニック」もさる事ながら「トーク力や雰囲気作り」が素晴らしい嬢だ！と思いました。
それから三度程お相手いただきましたが「全てにおいて大満足」で「減点できる所が見当たりません」ま〜嬢のハードルをあげる訳では無いけど、かなりオススメです。",https://www.cityheaven.net/gifu/A2101/A210101/hime/girlid-26887217/,https://www.cityheaven.net/gifu/A2101/A210101/hime/girlid-26887217
ロイヤルクラブ姫,さよ,https://www.cityheaven.net/gifu/A2101/A210101/hime/girlid-29694933/,http://okinilove.com/blog-entry-1120.html#bajin,"最高評価
          ★★★★★ →記事リンク","ちょくちょく突入はしてますが、久々に覗いたのでお久しぶりのレポートします。

ずっと気になってて1年以上。行けるタイミングには完売してる。
お風呂屋さんの人気嬢なんてそんなものですよね。

たまたま出会ってしまう大当たりで男汁だけでなく脳汁出すのも風俗の楽しみではあるんですが、1年以上気になったら最早片想いです。

たまたままとまった時間とお金に余裕ができたのと、エロい美人カテゴリーの嬢と対戦したかったので、満を持して120分の予約をして突入してきました。

勿論超SPなんでスタート狙いで。

当日は身支度もしっかりして準備万端です。
風俗経験は20年以上ありますが、前週より前の予約は初めてだったんで、この歳になっても初デートかよ？って自分でも思う位にしっかり心構えして向かいました。

予約の電話の時も、実際に到着した時もお店のスタッフさんは非常に好感度高めの接客でした。

パネルは2、3割盛ってるくらいが経験的には当たり前でしたが、さすがのミスヘブンランカー、歳は盛ってても素材は盛ってないなって感じです。何なら写真より好き。

予約の日まで余裕があったので事前に色々お願いしておいたからか、部屋に入った途端に開始。
即即なんで当たり前ですけど、別の目的がありました。
さすがにリピしたいので伏せときます。

部屋に入って椅子に座って脱がされながら1回戦。
お願いしていた訳ではありませんが、ここまでのプロセスがさすがに憧れてた女の子との初エッチというシチュエーションになってしまってるし、更に溜まってたんで座って咥えて速攻NNの秒殺(正しくは分殺ですが)でした。

時間のある限り絞り出す勢いだったので、間も無くベッドへ。
ほんの少しの休憩で2回戦。
しっかり堪能しましたが、ここまで僅か30分でしょうか？

ここでやっとしっかりお話。
お話しながらお風呂の準備をしてくれます。
当たり前な事でも事務的にならずにこちらの配慮をしながら作業感を感じさせない準備だったんで、見事と言う他なかったです。

お風呂に入ってからも安定のサービスからマットへ。
個人的にはマットは滑って安定感が無いのであまりやりたくない派でしたが、自信発言もまた可愛かったのでお願いする事に。
自信の裏付けがあり、3回目も終了。

さすがに歳を重ねたからか昔の様にはいかないはずと思ってましたが、マットの後のベッドでも勃起収まらずでした。
若い頃から熟練賢者だったので、ここまで自発的な勃起は自分でもびっくりでした。

とは言え体力は落ちてるので少しピロートークした後はこの日一番となる激しい4回戦ができたと思います。

どうしても風俗遊びで本気の対戦ができないタイプなんですが、この4回戦目は遠距離恋愛の彼女と帰る前にするレベルの対戦ができました。(分かる人には分かる)

まだ僅かの時間も、何故か下半身の元気もありましたし、何なら5回戦目のお誘いもありましたが、4回戦目の満足感と、HPはあってもMPが無くなってたのでここで打止めする事に。

当初の目的が果たせなかった事で残念な表情をしてくれたのにはちょっとMP回復もありましたが、回数よりもじっくり満足する対戦をするコだと気持ちを改めたのが打止め理由だったので、次は違う目的で来る事を伝えました。

タイミングが合わずに再戦できてませんが、ムラムラすると必ず会いたくなります。",https://www.cityheaven.net/gifu/A2101/A210101/hime/girlid-29694933/,https://www.cityheaven.net/gifu/A2101/A210101/hime/girlid-29694933
ロイヤルクラブ姫,みくる,https://www.cityheaven.net/gifu/A2101/A210101/hime/girlid-30080495/,http://okinilove.com/blog-entry-1120.html#ababa,最高評価 ★★★★★ →記事リンク,"ここのレビューでいい感じだったので突撃してみました。

結果としては評判通りの子でサービスも非常にレベルが高かったです。

顔は東南アジア系の顔立ちで、キレイというよりはかわいい系な感じでした。

体系も良く、よけいなお肉もないががりがりでもない、まさに「ナイスボディ」といった感じです。
（背中側の肩部分に少しお絵描きがありますが、全然気にならない大きさです。）

プレイもかなり積極的で即即・キス・イチャイチャと甘々がエンドレスできます(笑)",https://www.cityheaven.net/gifu/A2101/A210101/hime/girlid-30080495/,https://www.cityheaven.net/gifu/A2101/A210101/hime/girlid-30080495
ロイヤルクラブ姫,もも,https://www.cityheaven.net/gifu/A2101/A210101/hime/girlid-32189084/,http://okinilove.com/blog-entry-1120.html#imo2,最高評価 ★★★★★ →記事リンク,"定期的に遊んでる女の子と仲良いと聞き、気になり入りました。
対面時、パネルのと同じ子だ！と安心しました。

常にテンション高めて明るく接してくれるため、緊張もすぐに忘れました。

とても敏感でアニメっぽい喘ぎ声も癖になりそうです。
プレイ中も好きなアニメの話や共通の話題で盛り上がれ心地よいです。

すごく優しくて元気な子でまた機会があればお相手してもらいたいと思いました。

またさよさんとももさんコンビで二輪もできると聞いたので、ぜひ体験してみたいと思っています！",https://www.cityheaven.net/gifu/A2101/A210101/hime/girlid-32189084/,https://www.cityheaven.net/gifu/A2101/A210101/hime/girlid-32189084
ロイヤルクラブ姫,ゆき,https://www.cityheaven.net/gifu/A2101/A210101/hime/girlid-50476855/,http://okinilove.com/blog-entry-2359.html#gifum,最高評価 ★★★★★ →記事リンク,"仕事に余裕があったので話題のゆき嬢に入りました

写真と変わらない色白美肌
あどけなさが印象的な若く可愛らしい子でした

体型はロリ体型、白い下 着が似合うようなイメージです

サービスは、想像以上で、積極的、イチャイチャも恋人のような感覚で、締まりもキツキツ、敏感なアソコに濡れやすい体質なのかびしょびしょに

過去に色んな女性と関係を持ったが、初めての感覚に最高なプレイをすることが出来ました。
入って損はないです

気になっている方は、高級店に行く前に、確かめてみると良いかもです",https://www.cityheaven.net/gifu/A2101/A210101/hime/girlid-50476855/,https://www.cityheaven.net/gifu/A2101/A210101/hime/girlid-50476855
ロイヤルクラブ姫,波瑠,https://www.cityheaven.net/gifu/A2101/A210101/hime/girlid-51619525/,http://okinilove.com/blog-entry-1120.html#misaki,評価 ★★★★☆ →記事リンク,"ロイヤルクラブ姫のはるさん

写真は目が加工してあります。
が、実物はかわいいです。

エスニックな感じ

ご本人は独特な雰囲気の方で喜怒哀楽はおさえめ

身体は綺麗です
プレイ内容は問題ありません

損したなとは思わないと思います。",https://www.cityheaven.net/gifu/A2101/A210101/hime/girlid-51619525/,https://www.cityheaven.net/gifu/A2101/A210101/hime/girlid-51619525
ロイヤルクラブ姫,さや,https://www.nukinavi-toukai.com/gifu/m2102/a21101/1283/gal/101080/,http://okinilove.com/blog-entry-1120.html#tsensei,評価 ★★★★☆ →記事リンク,"臨時収入が入ったので、金津園に車を走らせる
もうとにかくNNぶちまけてやりたいと思ったので、口コミからサイトを開きまくりたどり着いたは姫！

入って早々に驚いたのは、ボーイの方の超丁寧な対応！もう感動する位の丁寧さそれだけでもいい気分でした。(後から知ったのはその方取締役の方でしたw)

女の子選びは元々決めてた子がいたけど、すごくオススメしてくれる子がいて、迷ったあげく、オススメの子にしました！
いや、こんな対応のいいボーイさんのオススメだから外れはないだろうとw

いざご対面
顔は好みの感じではなかったけど、まぁ許容範囲内
が、タバコの匂いが鼻をツンとしてちょっと残念
それ以外はよかったです

お話も進みながら即プレイ
普段のセックスは攻める側なのにこういうところは責められたい派

キス、乳首なめ、フェラもそこそこにいきなり生でin
既にマンコはヌレヌレ

騎乗位でガンガンに腰を叩きつける嬢
指と指を絡ませながら獣のようにお互い腰をぶつけ合う

正常位に変えて再開
早々に込み上げてきて早速奥深くに種付け発射
抜いたら溢れて垂れ出すほどいっぱい注ぎました←

小休止の間も話しかけてくれてそこそこ会話も弾みました(話上手

２回戦は初体験のマットへ
これがすごい！

めちゃめちゃイジメラレマシタ(嬉泣←
素股手コキからの言葉攻め体が痙攣するほどやばかったですw

生挿入からの中出し&潮吹きプレイ
終わったあとはぐっだり←もう笑っちゃいましたw

こりゃプレイ自体は癖になりそうです(嬉泣

終わったあとは別室でクールダウン(アンケート等)
最後まで男性スタッフの対応に感動しまくりでしたw

☆は4
やはり顔の好みとタバコはマイナス

リピは…機会があれば(あのマットはまた体験したいw
店のリピはいつかしたいですねぇ♪",https://www.cityheaven.net/gifu/A2101/A210101/hime/girlid-29694933/,https://www.cityheaven.net/gifu/A2101/A210101/hime/girlid-29694933
CANDY,めろん,https://ranking-deli.jp/fuzoku/style5/16/shop/38052/4577516/,http://okinilove.com/blog-entry-2455.html#ojisan,評価 ★☆☆☆☆ →記事リンク,"予約の子が当欠してしまったのでふらっと金津園まで
某掲示板で話題になってる子がたまたま空いてたので入ってきました

とにかく第一印象は誰？でした
写メ日記と全然違う
おっぱいしか合ってないです

プレイでも気になったのはとにかく触らせてくれないこと
洗体終わって風呂は入ってるときでも触ろうとすると喋ってるでしょと遮られました

ベットの上でもとにかく向こうが主体でこちらには何もさせてくれません

キスなし、こちらからの攻めも無しでした
フェラしてそのまま騎乗位の流れです

騎乗中も触ろうとすると払い除けられます
バストサイズを売りにしてるのに触れないのはきつい

私はSよりのノーマルですがM男君でしか受け付けない感じがしました
正直リピートはなし",,
CANDY,とあ,https://www.cityheaven.net/gifu/A2101/A210101/candy/girlid-46649271/,http://okinilove.com/blog-entry-1594.html#asakara,評価 ★★★☆☆ →記事リンク,"名ソーの某店にいたオキニが移籍したというので行ったのですが、体調不良で当日欠勤・・・

口開けでもなかったので欠勤したなら電話連絡くらいほしいものです
せっかく金津園まで来たということで店員氏一推しのとあさん指名

対面してふくよかな体型はすぐに理解できました
太いというよりはぽっちゃりです

少し話をしてプレイ開始ですが、可もなく不可もなく
会話も噛み合わなかったですし、プレイも淡々とこなす感じで私には合わなかったです

もう少し詳細を書きたいのですが、特に記憶に残った事もないので・・・",https://www.cityheaven.net/gifu/A2101/A210101/candy/girlid-46649271/,https://www.cityheaven.net/gifu/A2101/A210101/candy/girlid-46649271
CANDY,みさ,https://www.cityheaven.net/gifu/A2101/A210101/candy/girlid-46855582/,http://okinilove.com/blog-entry-2455.html#geneki,評価 ★★★★☆ →記事リンク,"今回ネット予約を初めて使ったが確認の為1時間前に電話確認をするとき定員の態度が悪い。

女の子はパネル以上のきれいな子でお風呂ではイチャイチャベロチュウ出来る。

ペットでは舐めるのが上手くヤバい。
いきやすいのかこっちが攻めるとすぐにイッてしますので注意。

正常位が好きみたいで楽しめた。リピートの価値あり。",https://www.cityheaven.net/gifu/A2101/A210101/candy/girlid-46855582/,https://www.cityheaven.net/gifu/A2101/A210101/candy/girlid-46855582
CANDY,りさ,https://www.cityheaven.net/gifu/A2101/A210101/candy/girlid-48118939/,http://okinilove.com/blog-entry-2455.html#soro,最高評価 ★★☆☆☆ →記事リンク,"久しぶりに違う店に行こうと思いCANDYを選択
初めての店だしゆっくりしてみようと思って75分で予約

写メ日記はなかなか可愛いし口コミもいいから行ってみるとパネマジ半端ねえ！

あれ？身長167でウエスト58？いやいや68の間違いでしょってぐらい…おっぱいと同じぐらいお腹出てて

それでもお金もらってるからにはテクニックはどうか！？と思いきやフェラは中途半端…

自分早漏なんで中に入れれば暴発するんですけどフェラだけは楽しみたいんですよね
が、しかしいまいちなフェラ…
んー残念！

次は無いけどスリーサイズはもうちょっと頑張って欲しいよね〜",https://www.cityheaven.net/gifu/A2101/A210101/candy/girlid-48118939/,https://www.cityheaven.net/gifu/A2101/A210101/candy/girlid-48118939
CANDY,るい,https://www.cityheaven.net/gifu/A2101/A210101/candy/girlid-49001188/,http://okinilove.com/blog-entry-1594.html#sando2,最高評価 ★★★☆☆ →記事リンク,"久しぶりのキャンディさん
今日は急なオキニのキャンセルにより予約無しで凸

ヘブンの記載より少なく、すぐいけるのは1人と案内される。
悩んでた1人なのでそのままGO。

しばし待機ののちご対面。
おや…写真とは別人？と思ったけど素朴な感じで可愛らしい。

部屋に入って飲み物を勧められ、脱衣はノーアシストで風呂場へ。
かるーーく泡洗いして湯船へ移動、歯ブラシを渡されシャカシャカ。
上がってベッドへ移動。この間は他愛もないお話し。

話が途切れたタイミングで濃厚ベロチュー。なんか受け身な感じを察したのでこちらから攻め。

少し続けると下はなかなかの雨量。

交代を促すと申し訳程度の乳首舐めから即挿入
騎乗、バック、正常でFIN

その後は取り留めのないお話し
長く風俗遊びをしてるけどF無しは初。

しかしそこら辺のお嬢さんと致している感がかなりあるので再訪候補とすることに決定🆗",https://www.cityheaven.net/gifu/A2101/A210101/candy/girlid-49001188/,https://www.cityheaven.net/gifu/A2101/A210101/candy/girlid-49001188
CANDY,あゆ,https://www.cityheaven.net/gifu/A2101/A210101/candy/girlid-55819558/,http://okinilove.com/blog-entry-2455.html#simari,評価 ★★★★★ →記事リンク,"数度目かの金津園。
元々行く予定のお店がいっぱいとのことで、こちらを選びました。

電話でムチムチが好きとお伝えすると、こちらの子をお勧めされました。

エレベーターで会うと、ちょっとクールな感じ？と思いましたが、部屋に入ると大分話しを振ってくれ、楽しい雰囲気にしてくれました。

パーカーを脱ぐと、その見事なお胸があらわに…Iカップというだけあり、見事です。
入浴も隣り合わせで入ってくれ、満足度高いです。

ベッドに上がると、かなり献身的な印象。特に谷間に挟んで頂く体験は中々の快感でした。

いろいろと体位を試し、最後は手でしごいてくれフィニッシュ。
あのパ◯ズリを味わえるだけでも行く価値あると思います。",https://www.cityheaven.net/gifu/A2101/A210101/candy/girlid-55819558/,https://www.cityheaven.net/gifu/A2101/A210101/candy/girlid-55819558
CANDY,りん,https://www.cityheaven.net/gifu/A2101/A210101/candy/girlid-55829972/,http://okinilove.com/blog-entry-2455.html#namako,評価 ★☆☆☆☆ →記事リンク,"こんにちは管理人さん

今回はキャンディの「りん」の日記の真偽を確かめるべく登楼してきました。
結果は惨敗でした。

電話にて予約を入れましたが、強く「キャンセルしないように」言われました。

当日、それも1時間足らずで指名して行くのにここの店はよほど「信頼されていない」のでしょうか？

店につくと、誰もいないので、中を覗きます。
チャイムがなり「こちらに来るように」言われます。

名前とお金をはらうと、待合室に誘導されます。
初めてのお店なのに案内らしい案内をしない。ドライなスタッフ

待合室に入るとメチャデカイ、大きな液晶テレビとウォーターサーバーがあるくらいで新聞や雑誌はありません。

時間になり　呼ばれます
ＥＶのなかで姫が待っています。

マジパネ度４０％　面影くらいですが・・

脱ぐとパイも垂れているし乳輪もでかい
とても２０代の身体には見えない

部屋に入ってからずっと自分の話をしている。
相槌しか打てないような内容を。。。しびれを切らしてシャワーへ。

裸のまま、洗うまでに凄い時間をかけている
寒くて震えが。。。それでもずっと喋ってる

ようやく洗い終わり、お風呂にはいるが、一緒に入っても何をするわけでもなく　姫のデカイ背中だけが目に入る。

ベットに移りますが、雰囲気づくりが下手
いきなり息子を、、、でも違和感が
よく観ると「舌ピアス」が
危うく口で抜かれそうになりました。

攻守交替しますが、「ふんふん」言うだけ

スタイルも舌ピアスも我慢していましたがこうなると、なにも興奮材料がありません。

時間と金を無駄にした気分です。

口コミも書いても載らないでしょうと思いました
（安かろう悪かろう）の典型でした。",https://www.cityheaven.net/gifu/A2101/A210101/candy/girlid-55829972/,https://www.cityheaven.net/gifu/A2101/A210101/candy/girlid-55829972
イビサパートナー,るい,https://www.cityheaven.net/gifu/A2101/A210101/n-partner/girlid-40652416/,http://okinilove.com/blog-entry-1235.html#tikuwa,評価 ★★★☆☆ →記事リンク,"初めまして、ちくわ大明神と申します。
いつも当サイトをかなり参考にさせていただいておりますので、今回はお返しの気持ちでレビューしたいと思います。

GWの思い出作りに今まで行った事ない店舗へと考え、口コミも少ない中思い切って入りました。

まず受付の対応からですが、忙しいのもあったのでしょうが少しキツめの対応だったかなと感じます。
個人的には受付の対応でリピ率も変わってくるのでもう少し意識して欲しかったなと...

写真で選んだのですが、15枚くらい一気に出て来てかなり驚きましたが、ギャル好きなのでるいちゃんを選びました。

お部屋の関係か、小1時間待ちましたがようやくご対面！
正直誰かな？と思いましたが、パネル無しで見ると普通に可愛いのではないでしょうか...？

写メ日記に顔載ってますがほぼその通りです。
スタイルは抜群でしたね、陥没乳首もエロかった。

ただ、お臍ピアスの周辺がお手入れ不足で少し(正直かなり)臭ったのは萎えポイントかなと...

プレイ詳細はザックリですが、フェラ上手い、洗体割と手抜き、イチャイチャあり、言えば割と何でも対応してくれそうな気がしました。
お話も面白かったので喋ってるだけで時間経つのは気をつけた方がいいかも！

総じてハズレでは無いけど当たりでもないかなぁという事で星3つです。",https://www.cityheaven.net/gifu/A2101/A210101/n-partner/girlid-40652416/,https://www.cityheaven.net/gifu/A2101/A210101/n-partner/girlid-40652416
イビサパートナー,ゆめ,https://www.cityheaven.net/gifu/A2101/A210101/n-partner/girlid-42003827/,http://okinilove.com/blog-entry-1235.html#nath2,評価 ★★★★☆ →記事リンク,"143cmという低身長につられ遊んで来ました。

姫の顔
ーパネルよりも目が細く、田舎の女の子みたいな垢抜けない感じ。おそらく20代後半でちょっとロリ入ってる。

姫のスタイル
ー低身長でスタイルは普通ですが、少し胸とお尻が垂れ始めている感じ。肌はキレイでした。

姫のキャラクター
ーとても明るく、ホントによく喋ります。こちらが口を挟む間も無い程。しかし、「寒くないですか？」「痛いとこ無いですか？」「何か気になることがあったら言ってくださいね！」などよく言ってくれるので気づかいは出来るのは好印象。

会ってすぐに「今日はどんな感じで遊びますか?」と、プレイ内容や回数を聴いてくれるのでこの点も安心。しっかりと時間配分をしてくれます。

プレイ内容
ーなんと言うか行動、動作が速い。部屋に入って挨拶もそこそこに、すぐに二人共全裸になりすぐにお風呂へ。マットの準備、片付けもテキパキ。

べッドで体位を変えるお願いをすると「いいよ！」と言ってパッと変える。ただ何でも速く済ます訳では無く、キスやフェラは一生懸命にしてくれます。

感じてる時の小さな喘ぎ声もカワイイ。正常位の時にだいしゅきホールドしてくれます。

ルックスは正直並かな？と思いますが素朴な可愛らしさがあり、明るく一生懸命。私が大好きなタイプです。リピしたいのですが、とにかく出勤が無い。

他地方の昼職が忙しいらしく月に1,2回の出勤しか無く、夏場は2,3ヶ月来れないかもしれないとの事。こまめに出勤チェックしていきます。",https://www.cityheaven.net/gifu/A2101/A210101/n-partner/girlid-42003827/,https://www.cityheaven.net/gifu/A2101/A210101/n-partner/girlid-42003827
イビサパートナー,えな,https://www.cityheaven.net/gifu/A2101/A210101/n-partner/girlid-43441170/,http://okinilove.com/blog-entry-2528.html#resu,最高評価 ★★★☆☆ →記事リンク,"いつもお世話になっておりますので、情報提供させていただきます。

まず、パネルとは全くの別人です。
不細工とかではありませんが、期待しないで下さい。

年齢もベテラン枠といったところでしょうか。

それ故、技術は申し分無いと思いますが、日記にもあるように知識経験が豊富(？)なためか、流れに対してのこちらの要求はあまり通りません。

マットできます、ゴム着です。

満足はしましたが、星３とさせていただきました。",https://www.cityheaven.net/gifu/A2101/A210101/n-partner/girlid-43441170/,https://www.cityheaven.net/gifu/A2101/A210101/n-partner/girlid-43441170
イビサパートナー,あんな,https://www.cityheaven.net/gifu/A2101/A210101/n-partner/girlid-44876834/,http://okinilove.com/blog-entry-1235.html#jibun,評価 ★★★☆☆ →記事リンク,"つい先日、思い立って朝の受付開始数分後に予約。
もっとも予約した姫は昼過ぎに店からの電話で欠勤と聞き、どちらにするか悩んでいたのもあって姫を変更して行って来ました。

第一印象はパネルや写メとほぼ変わらない感じでした。
プレミアと高級、あとは素人の違い部分など教えてもらいつつプレイ開始。

脱衣は自分でってことで脱いで横になる。

手コキはうまかったです、それ以外は特に感想持てなかったかな？
少しして攻守交替で、正常位で一回目終了。

シャワーへ移動して湯船につかりながら少し話した後にバスタオル渡されてベッドへ戻る。
時間も半分くらい残っている状態で、会話再開。

途中気になることがあったのかスマホで検索などをしつつ2回戦目。

会話の中で伝えたりしてはいたものの手メインでしてくれつつ途中バックでしますか？聞かれたもののそのまま時間切れ。

騎乗好きだったのでそれとなくは伝えていたもののなかったのがちょっと心残り。

入った時間も遅めだったので疲れてたのかもしれないなあと思いつつ退店しました。

総じてテクニックはあるのかもしれないけど、締まり具合はちょい緩い？フェラも手の方がうまかっただけに微妙に感じてしまいました。

ただ、本人が写メ日記で言っていた通り肌触りはかなり良かったです。
まあ、それだけでリピートするかと言われればしないんですが・・・

やはり最初にこの姫って思ったらその姫に入るのがいろいろな意味で一番なのかなと思いました。
後悔はしてないですがなんとも微妙な気持ちです。",https://www.cityheaven.net/gifu/A2101/A210101/n-partner/girlid-44876834/,https://www.cityheaven.net/gifu/A2101/A210101/n-partner/girlid-44876834
コスプレアカデミー,ゆづな,https://www.yoasobi.co.jp/tokai/fuzoku/shop/12511/girl/1272926/?aid=ad_001,http://okinilove.com/blog-entry-2743.html#jam,評価 ★★☆☆☆ →記事リンク,"見た目は写真通りの大方予想通りのルックスでした。

サービスの方は、他の人のコメントを見る限りは良さそうでしたが、私に関してはプロフィールや写メ日記に書かれている内容とはほど遠かった。

素人では無いはずなのに動きが悪い。
コスアカさんはこれまでハズレが無か立た事もあり期待値が高かったのかも知れませんが非常に残念でした。

上記通り、多分私との相性の問題だけかもしれません。

一応アドバイスとしては、して欲しい要望をきちっと伝えて相手に身を任せない方がよさそうです。

なのでまとめますと
ルックス、性格は悪く無いと思います。テクニックや過敏さが無い為、アプローチが上手い人向けです。

あくまで私の主観です。",https://www.cityheaven.net/gifu/A2101/A210101/cosplayacademy/girlid-57002211/,https://www.cityheaven.net/gifu/A2101/A210101/cosplayacademy/girlid-57002211
スチュアーデス,"リオナ, りおな",https://www.cityheaven.net/gifu/A2101/A210101/stewardess/girlid-17330239/,http://okinilove.com/blog-entry-488.html#imaiku,最高評価 ★★★★☆ →記事リンク,"巨乳好きな私は、以前からリサーチしていた「りおな」さんを120分スッチー割で指名予約しました。

シティヘブンで見ている限り、ワクワクしていたのですが対面したらパネマジ度が半端なく、「君、誰やねん！」と心の中で叫んでしまいました。

胸はデカかったですが、全体的にぽっちゃりで顔も…。後で色々口コミなどを見ていると、スチュアーデスはパネマジで有名だったそうで…。

しかし、そんなマイナスから入った印象は極エロプレイで払拭されることになります。

部屋に入室後の流れ
・アシスト脱衣
↓
・即即プレイ(そのままベッドでイン。1回戦)
↓
・シャワー、お風呂(ここで触りっこ)
↓
・マット(騎乗位で2回戦)
↓
・休憩(お茶を飲みながらパイ揉み)
↓
・ベッドで攻め(正○位で3回戦)
↓
・マッサージしてもらい、上がり。

ルックスはマイナスの印象でしたが、愛嬌と雰囲気作りは超プラスで、プレイ中もよく頑張って鳴いてくれました。

リピートするかどうかは微妙ですが、ぽっちゃりが許せて、あの張りのあるパイオツで反応出来る方にはオススメです。",https://www.cityheaven.net/gifu/A2101/A210101/stewardess/girlid-17330239/,https://www.cityheaven.net/gifu/A2101/A210101/stewardess/girlid-17330239
スチュアーデス,"ミサ, 美紗",https://www.cityheaven.net/gifu/A2101/A210101/stewardess/girlid-18835637/,http://okinilove.com/blog-entry-488.html#hamataro,最高評価 ★★★★★ →記事リンク,"時間に余裕があったので金津園に…でも岐阜駅に近い店を選びました(笑)

日記からエロそうな美紗さんをチョイス

ご対面すると身長若干高め＋ガタイがいい感じでゴツい感じです…ただ顔も肌も悪くなくよくあるハズレ感はないです

即即NNで当然のように複数回、常にチンコをいじってくるのでコスパよかったです

48手を教えてくれるので色々試してみました

確か120分で四発ぐらい？あと写真撮影OKなのでオカズ用に撮影しました

ただマッサージは個人的にあわなかったです

あれをやるならもう一発発射すればよかったかも(笑)

実年齢はプロフより高そうですが肌も綺麗なので複数回いける人にはいいと思います",https://www.cityheaven.net/gifu/A2101/A210101/stewardess/girlid-18835637/,https://www.cityheaven.net/gifu/A2101/A210101/stewardess/girlid-18835637
スチュアーデス,みいな,https://www.cityheaven.net/gifu/A2101/A210101/stewardess/girlid-22961890/,http://okinilove.com/blog-entry-488.html#kurenai,評価 ★★★☆☆ →記事リンク,"写真のイメージとはかなりギャップがありガッカリましたが、最近写真が増えたので、多少そのギャップは解消されているかも。

幼い感じで、かなり不思議ちゃんでした。

私は話を続けるのにかなり苦労しました。

サービスはあまりテクはないですが、やることはやってくれますし、こちらの要望もいろいろ聞いてくれそうです。

人によって合う合わないがはっきりしそうな姫でした。",https://www.cityheaven.net/gifu/A2101/A210101/stewardess/girlid-22961890/,https://www.cityheaven.net/gifu/A2101/A210101/stewardess/girlid-22961890
スチュアーデス,みほ,https://www.cityheaven.net/gifu/A2101/A210101/stewardess/girlid-29993988/,http://okinilove.com/blog-entry-488.html#isoji2,評価 ★★★★☆ →記事リンク,"すっぴんだったかな、化粧すればもう少しかわいいのではと思うし、そこそこ良い体だった、

即即でキスも良く問題なかった、
好みの問題で本指名は迷う、

歯の矯正器具が付いていてウームと思ったが、プレイにはさほど問題なかった。",https://www.cityheaven.net/gifu/A2101/A210101/stewardess/girlid-29993988/,https://www.cityheaven.net/gifu/A2101/A210101/stewardess/girlid-29993988
スチュアーデス,りか,https://www.cityheaven.net/gifu/A2101/A210101/stewardess/girlid-30609884/,http://okinilove.com/blog-entry-488.html#ofuroya,最高評価 ★★★★★ →記事リンク,"いつも参考にしております。自身も初投稿をさせていただきます！

ここ最近は風活はソープのみです。ゴールドチェアーなるものを体験したく、年末に初めてのスチュアーデス、初めてのりかさんです。
かなり迷って指名したのですが、当たりでした。

写真のイメージでクールな女の子かと思いきや、実際はおっとりとした可愛い女の子です。

エレベーターで対面してあまりの可愛さに拍子抜けしているところ、ハグからのキスで息子も元気に。

話し方も非常に優しく、よく言われるとのことですが、風俗にいなさそうな珍しいタイプの女の子です。女子アナのような清楚系で、断じて好みです。

部屋について服の脱がし合いをし、即は対応していないためお風呂へ。

胸の小ささを気にしているようでしたが、小生は小さめがタイプなのもあり全く気にならず。

一緒にお風呂に入り、彼女のすべすべもちもちの１０代のようなお肌に感動しておりました。こんなに肌の白くて綺麗な女の子に会ったのは初めてです。風俗バンザイです。

待ちに待った初ゴールドチェアーは思ったより普通でしたが、興奮しすぎてすぐに昇天してしまいました。

その後の休憩中でも笑顔で話を聞いてくれ、おじさんにはたまりません。きっとおじさんキラーなことでしょう。

歳と共に2回目が厳しくなっておりますがベットでも無事に果てることができました。小柄な彼女の中はキツく、また幼さも持ち合わせているために何だか悪いことをしている気分に（笑）

常に笑顔の彼女に癒され、余韻も楽しみながら帰路につきました。
また金津園に行くことがあればぜひ指名したいと思える女の子でした！",https://www.cityheaven.net/gifu/A2101/A210101/stewardess/girlid-30609884/,https://www.cityheaven.net/gifu/A2101/A210101/stewardess/girlid-30609884
スチュアーデス,ナナコ,https://www.cityheaven.net/gifu/A2101/A210101/stewardess/girlid-31079024/,http://okinilove.com/blog-entry-488.html#isoji,評価 ★★★☆☆ →記事リンク,"いい体してた。
声が酒やけっぽくておばちゃん感があってなえた。

顔もモザイク写真だと小さくてかわいい顔っぽかったが、実際には普通の縦長のお顔立ちだった。

体は素晴らしいスタイルだった。",https://www.cityheaven.net/gifu/A2101/A210101/stewardess/girlid-31079024/,https://www.cityheaven.net/gifu/A2101/A210101/stewardess/girlid-31079024
スチュアーデス,"アンナ, 杏奈",https://www.cityheaven.net/gifu/A2101/A210101/stewardess/girlid-35240564/,http://okinilove.com/blog-entry-488.html#rearu,最高評価 ★★★★★ →記事リンク,"お疲れ様です。
今回はスチュアーデスさんに行ってきました。ちょくちょく利用させていただいてます。

今回の子はなかなか予約とタイミングがあわず半年待ってのご対面になりました。

エレベーター内でお出向いしてもらい即DKの嵐、部屋に着いてもDK、そのままベッドに押し倒して抱き合いながらDKととにかくキスしまくりでした。

濡れ具合もよく外人さんみたいに鳴いてくれます。

アンナちゃんの攻めも激しく自ら奥まで咥えてくれBMBで計3発しっかりと注ぎ込めました。

あとこの子は個人的にコスプレを持ってますので頼んでみると楽しめると思います。",https://www.cityheaven.net/gifu/A2101/A210101/stewardess/girlid-35240564/,https://www.cityheaven.net/gifu/A2101/A210101/stewardess/girlid-35240564
スチュアーデス,カレン,https://www.cityheaven.net/gifu/A2101/A210101/stewardess/girlid-36754755/,http://okinilove.com/blog-entry-2382.html#doragon,評価 ★★★☆☆ →記事リンク,"出勤自体がレアな嬢
なので予約が大変。

なのでエレベーターで対面した時
ちょっとアレ？そこまで苦労してこの娘？と思ってしまいましたね。

話してみるとおっとりして感じはいい娘でした。

プレイはテクも不満無しでした
アソコの相性も結構良く不満はありませんでした。

予約取れないしリピは無し。

チョイポチャ好きな方にはバッチリだと思いますが",https://www.cityheaven.net/gifu/A2101/A210101/stewardess/girlid-36754755/,https://www.cityheaven.net/gifu/A2101/A210101/stewardess/girlid-36754755
スチュアーデス,かのん,https://www.cityheaven.net/gifu/A2101/A210101/stewardess/girlid-39534775/,http://okinilove.com/blog-entry-2382.html#karqada,最高評価 ★★★★☆ →記事リンク,"珍しく名古屋出張があったので、風俗行ってみるかと思ったもののハズレ引きたくないなと思い、色々調べてたところこちらを見つけ参考にさせてもらいました。

お世話になったお礼にレポします。

デリにしようかソープにしようか迷い、せっかくなら◯Nしたいなーと思いつつ、読み漁りましたが、良評価と出勤時間、自分の都合がなかなかマッチせず、たどり着いたのがスチュアーデス、かのんさんでした。

午前中取引先との打ち合わせも終わり、午後は半休にして晴れて自由の身！名古屋から岐阜に向かうことにしました。

電車の中で状況見ると空きっぽい。駅に着き電話するとすぐ案内可能とのこと。

何回もできないんで80分でよかったんですが、この子は100分からとのこと。まぁしょうがないか。

ヘブン見ても見当たらないイベントで4,000円引きとのこと。申告なしでの割引は風俗業界では良心的だなと思いました。

金津園デビューですが、建物はかなり年季入ってますね。スタッフはみんなおじいちゃんでやや不安。

いざエレベーターで対面すると、、、w56の割にデカくない？？このサイズはせめて59表記からだろと突っ込みたくなりました。

ただ体型以外は至って満足で、愛嬌もあり、時間潰しではない範囲でおしゃべりして気を使うようなこともありません。

乳首を舐めるとビクビク反応し、栗へのクンニや手マンで攻めても反応良くて攻めがいがあります。イカせたのは栗責めでの一回でしたがひとまず達成感あり。

あとは生でハメハメし、正常、側位、バック、寝バックと一通り楽しみましたが中は奥が好きとのこと。

自分の息子がエコサイズなのが悔やまれますが、反応いいのは変わりませんでしたので満足です。中に出してと言わせて、無事発射しました。

40分くらい余りましたが、体力も保たないのであとばダラダラおしゃべりしてサヨウナラ。

出張ついでなのでどちらにしてもリピはありませんが、近くだったとしてもリピはないかな。でもそこそこ満足できました！",https://www.cityheaven.net/gifu/A2101/A210101/stewardess/girlid-39534775/,https://www.cityheaven.net/gifu/A2101/A210101/stewardess/girlid-39534775
スチュアーデス,まろん,https://www.cityheaven.net/gifu/A2101/A210101/stewardess/girlid-40953772/,http://okinilove.com/blog-entry-488.html#sizen,最高評価 ★★★★★ →記事リンク,"普段こちらのサイトにお世話になっているので少しでも恩返しをさせていただきたいと投稿いたします。

DKに積極的で終始イチャイチャできます

テクはめちゃくちゃあるわけではないのでそういうのを求める人には向いてないかも

体は写メ日記なんかよりは少し肉はついてますが逆にそれがマットでは気持ちいいですね

皆さんに入っていただきたい女の子です",https://www.cityheaven.net/gifu/A2101/A210101/stewardess/girlid-40953772/,https://www.cityheaven.net/gifu/A2101/A210101/stewardess/girlid-40953772
スチュアーデス,りみ,https://www.cityheaven.net/gifu/A2101/A210101/stewardess/girlid-48566511/,http://okinilove.com/blog-entry-488.html#rearu3,評価 ★★★★☆ →記事リンク,"お疲れさまです
今回はスチュアーデスに行ってきました。

お相手はまえ店から気になっていたりみさんです。

ギャルっぽいイメージがあり正直たいして期待はしてませんでしたが実際あってみると礼儀正しくギャップにやられてしまいました。

エレベーター内から濃厚なキスをしていただき興奮マックスで部屋内はフルアシストで脱衣しそのままパックリとしゃぶっていただきました。

色々な体位をしていただき最後は正常位でフィニッシュ。
マット、ベットと計3回していただきました。

上がりのエレベーター内も濃厚なキスをしアンケートを記入して帰りました。
なかなかここまで気配りのできる子はいないと思います。",https://www.cityheaven.net/gifu/A2101/A210101/stewardess/girlid-48566511/,https://www.cityheaven.net/gifu/A2101/A210101/stewardess/girlid-48566511
スチュアーデス,ゆいあ,https://www.cityheaven.net/gifu/A2101/A210101/stewardess/girlid-53530026/,http://okinilove.com/blog-entry-2382.html#doragon2,評価 ★★★★☆ →記事リンク,"パネルと同じ娘がエレベーターでお出迎え‼️

即即は無しで身体を普通に洗って頂き、お風呂で歯磨きしたら、マットかベッドか聞かれます。
ここまでは事務的です。

スタイルはマジで表記通りのスレンダー嬢、お尻はプリンと良いケツしてます。

フェラは多少強めですが痛くは無かった。お互いナメナメしてると、感度は最高に良い‼️
いざ突入、締まりが凄いです。

体も柔らかくあらゆる体位で攻めさせてくれます。

本人曰くどMだそうで、イッテも止めずに突き続けてと
。。。
時間いっぱい腰を振って大満足‼️

何度かリピしました✨",https://www.cityheaven.net/gifu/A2101/A210101/stewardess/girlid-53530026/,https://www.cityheaven.net/gifu/A2101/A210101/stewardess/girlid-53530026
スチュアーデス,アヤノ,https://www.cityheaven.net/gifu/A2101/A210101/stewardess/girlid-9157335/,http://okinilove.com/blog-entry-488.html#bira,評価 ★★★☆☆ →記事リンク,"HPでは年齢？となってました。
その通りでしたね。
見落としたのは、此方の不注意です。

マット洗いに不満も無く、オリジナルのマッサージは、オイルも使い非常に上手です。

抜き＋マッサージ とした使い方が彼女には合ってます。
熟女店向き。",https://www.cityheaven.net/gifu/A2101/A210101/stewardess/girlid-9157335/,https://www.cityheaven.net/gifu/A2101/A210101/stewardess/girlid-9157335
八星,らいむ,https://www.yoasobi.co.jp/tokai/fuzoku/shop/10575/girl/1154537/?aid=ad_001,http://okinilove.com/blog-entry-745.html#hirosima,最高評価 ★★★★★ →記事リンク,"いつもこちらのサイトを参考にさせて頂いているので少しでもお返しができたらと思い投稿します。

広島の流川の規模とは違いお店の数が多く、悩んだのですが今回は八星さんにお世話になることにしました。

お店の雰囲気は少し年季を感じますが綺麗で、部屋も狭さを感じることは無かったです。
女の子に案内され部屋に入って雑談しながら脱衣をし、入浴かなと思っていたのですがそのまま襲われてしまいました(^^;;

心の準備もできておらず、韋駄天仕様の自分の息子は速攻で果ててしまいました。
その後雑談しなが入浴し、上がって2回戦目に突入。

話が楽しかったせいで時間を浪費してしまい、発射まではいけませんでしたが大変楽しいく充実した時間を過ごさせて頂きました。

ぱっと見真面目そうなお嬢さんのような印象を持っていましたが、物腰も柔らかくフレンドリーな子でした。

最後に他の色々なお店を制覇して、感想聞かせに来てねと言われたので体力と財布が持つ限り頑張ってみようかと思います。",https://www.cityheaven.net/gifu/A2101/A210101/yatubosi/girlid-37483266/,https://www.cityheaven.net/gifu/A2101/A210101/yatubosi/girlid-37483266
八星,ふみか,https://www.yoasobi.co.jp/tokai/fuzoku/shop/10575/girl/1200716/?aid=ad_001,http://okinilove.com/blog-entry-745.html#rearu,評価 ★★★★☆ →記事リンク,"お疲れさまです。
今回は八星さんのふみかさんに入ってきました

年齢はアラフォーですが肌はキレイでナイスバディです。きっと努力のたまものだと思います。

部屋に入って丁寧に服を畳んでくれて即即でプレイスタートです。
お口も上手でかなり楽しめました。

色々な体位を体験し無事にフニッシュ
お掃除もしっかりとしてくれて根本的にエロい娘だと思いました。

この娘はいい意味で本命ではなく外れを引いた後に入った方が良いと言うか絶対に満足をしたい時に入る様な娘だと思います。

ただ、本命にはなれないみたいな。
上手く言えないけど２番手としては最高の娘です。いい意味で言ってますからね",https://www.cityheaven.net/gifu/A2101/A210101/yatubosi/girlid-44867668/,https://www.cityheaven.net/gifu/A2101/A210101/yatubosi/girlid-44867668
八星,さくら,https://www.yoasobi.co.jp/tokai/fuzoku/shop/10575/girl/1223674/?aid=ad_001,http://okinilove.com/blog-entry-745.html#ganji,最高評価 ★★★☆☆ →記事リンク,"写真とは違う部分がありつつも許容範囲です。

比較的積極的でいろいろとやってくれました。

プレイ内容に関してはきっちりとお仕事されてますが、お腹がどうしても気になってしまいました。
後悔はないですが、リピは無しかなと。",https://www.cityheaven.net/gifu/A2101/A210101/yatubosi/girlid-48263611/,https://www.cityheaven.net/gifu/A2101/A210101/yatubosi/girlid-48263611
M（エム）,凪音,http://www.yoasobi.co.jp/mb/st_item.cfm?ii=1012116&aid=ad_001,http://okinilove.com/blog-entry-1118.html#kanazuen,評価 ★★★★★ →記事リンク,"管理人さん!またレポさせて頂きます。

初めは八星にフリーで行き、パネルが3枚出てきました。

この系列の店はサービス内容に地雷はない為、1番タイプな凪音嬢を選択!

そうしたら店員さんにプレジデントクラブMまで送迎すると言われて移動。

以前は8諭吉したお店にショートコースですが半額以下で入れるとは時代も変わったものです。

店に到着してすぐにご案内、エレベーターで御対面するといきなり濃厚ベロチュー攻撃にあい、舌が長めの様でベロチュー好きには堪らないレベルです。

部屋に入り容姿を観察すると金津年齢26歳にしては若干若め、スタイルは細身でオッパイはギニュー特戦隊だな、と思うくらい形が良かったので多分そうでしょう。

泡姫は良い仕事してナンボと思っている私にはどうてもよろしいので、いざプレイ！

やはり舌長い濃厚ベロチュー、アソコの締まりが良い即ベット、マット共に非常に気持ち良かったです。

エステの仕事をしていたらしく、プレイ後の洗体マッサージも気持ち良かったです。

ではレポするなら詳しい方が良いと思いまして長文になりますが失礼します。",https://www.cityheaven.net/gifu/A2101/A210101/en/girlid-22055349/,https://www.cityheaven.net/gifu/A2101/A210101/en/girlid-22055349
M（エム）,艶,https://www.yoasobi.co.jp/tokai/fuzoku/shop/11901/girl/1012128/?aid=ad_001,http://okinilove.com/blog-entry-1118.html#after,評価 ★★★☆☆ →記事リンク,"こんばんは！
まとまったお金が入ったので金津園に行ってきました。
久しぶりにお仕事系のお遊びを求めて艶グループへ

やっぱりお高いお店はボーイさんもサービスもしっかりしていますね。
店内もお高そうな物がいっぱい。

艶さんをご指名したのですが26歳は無理かなぁ
30半ばくらいかなぁ、、、の印象です。
が、綺麗な方
ラウンジとかに居そうな雰囲気。
街中を一緒に歩きたくなる雰囲気。

コロナのためかエレベーター内でのベロチューがありませんでした。
僕的には楽しみにしていたので残念です。

お部屋に入ると三つ指をついてご挨拶。
高級店ですね！

1枚ずつ服を脱がしていただき、彼女のドレス、〇着も脱がします。からのパクっ♪
高級店ですね！

ビンビンにしていただいたところでベッドへ
そのままソファにて座位挿入を期待していた自分がいたので、これまた残念ポイント。

騎乗位で動いてくれます。
下からの眺め最高！

からの
お風呂、洗体、チェアーへ
あれはゴールドチェアーかな？
ピンクチェアーかな？？

分娩台みたいのを楽しみました。
分娩台ではバック的な体位♪
お尻が見えて最高♪

ここではイケなかったのでマットへ
マット気持ち～ぃ
マジ気持ち～ぃ
全身舐められると気持ちいいっすね！

お尻も舐めて欲しかったなぁ。。
残念ポイント

2回戦無事に終了

ベッドへ
賢者タイムののち「どうする？がんばれそう？」
もち頑張るっしょ！

フェラしてくれて挿入
あの、ニュルっと入る感じが最高ですね！

騎乗位、正常位のち3回戦も無事に終了！

120分3回戦
満足満足♪

残念ポイントがいくつかと、今思い返すと潜望鏡がなかったので★3にしましたが満足感は高いです。
さすが高級店ってだけありイカしてくれます。

僕的には艶さんにもイって欲しかったけど、お仕事系の金津園では難しいのかなぁ、、、
女の子によるのかなぁ、、、

またまとまったお金が入ったら金津園に行きます！
それまではお安いお店へ～

では、管理人さん、みなさん
今後ともよろしくお願いいたしまーす！",https://www.cityheaven.net/gifu/A2101/A210101/en/girlid-22055768/,https://www.cityheaven.net/gifu/A2101/A210101/en/girlid-22055768
M（エム）,"さゆり, 沙友莉",https://www.yoasobi.co.jp/tokai/fuzoku/shop/11901/girl/1032557/?aid=ad_001,http://okinilove.com/blog-entry-1118.html#mago3,最高評価 ★★★★☆ →記事リンク,"2023年に100分コースで利用
笑顔が素敵な子でした。

プレイはベッドで一回マットで一回

中⚪︎し後もすぐに結合を解かずグリグリしてくれてとてもよかった",https://www.cityheaven.net/gifu/A2101/A210101/en/girlid-24050685/,https://www.cityheaven.net/gifu/A2101/A210101/en/girlid-24050685
M（エム）,はる,https://www.yoasobi.co.jp/tokai/fuzoku/shop/11901/girl/1200525/?aid=ad_001,http://okinilove.com/blog-entry-1118.html#mago4,評価 ★★★★☆ →記事リンク,お話してるととても気さくで話しやすいのですがプレイはやや事務的な感じ、即ベッド、ピンクチェア、マット、どれもとても気持ちよかったですがなにかわからない物足りなさがありました。,https://www.cityheaven.net/gifu/A2101/A210101/en/girlid-44866959/,https://www.cityheaven.net/gifu/A2101/A210101/en/girlid-44866959
M（エム）,えんま,https://www.yoasobi.co.jp/tokai/fuzoku/shop/11901/girl/1200527/?aid=ad_001,http://okinilove.com/blog-entry-1118.html#kumaponi,評価 ★★★★☆ →記事リンク,"顔だけが残念。（決して不細工ではなく普通）

他が良すぎるので顔さえ良ければ、若いのにホスピタリティもあり、生涯最上級のソープ嬢だったと思う。
ソープ嬢の人気は、顔だけではないんだと実感させてくれる嬢。

胸もクビレも張りがあり素晴らしい。
なにより、アルティメットレースクイーンのコスプレが似合いすぎて最高だった。

即尺、即合体、会話はあれど無駄のない流れ。
コスプレは１回使えばクリーニングのため、気にせず、着衣でソファーにて騎乗位合体。そのまま乳首舐めてまったり愉しめました。

レースクイーンといちゃこらしている感が最高。
そのままベッドで一回。正常位でぐりぐり回転系でやってると、上手とささやいてくれて・・・扱いが上手。

ピンクチェアでは男の潮吹きを経験してしまった。

二回目ベッドも雰囲気よく、鏡に映る姿もエロく最高でした。
会話も前向きで暇にさせることがなく、人気嬢の理由はよくわかりました。",https://www.cityheaven.net/gifu/A2101/A210101/en/girlid-44867057/,https://www.cityheaven.net/gifu/A2101/A210101/en/girlid-44867057
M（エム）,凪音,https://www.yoasobi.co.jp/tokai/soap/shop/11901/girl/1012116/?aid=ad_001,http://okinilove.com/blog-entry-1118.html#sii4,最高評価 ★★★★★ →記事リンク,"ご対面のエレベーターでは思っていた以上の印象でびっくり。

室内に入るともうベロが止まらない。
スリムな体を障りまくってきました。

若い年齢の子ではないけど時間いっぱい遊ばせてもらいました。
自ら触ってと差し出された胸は・・・

でもまあ触り心地が少し違うだけでそれは個性ということで。
また行くと思います。",https://www.cityheaven.net/gifu/A2101/A210101/en/girlid-22055349/,https://www.cityheaven.net/gifu/A2101/A210101/en/girlid-22055349
M（エム）,梨恋(りこ),https://www.yoasobi.co.jp/tokai/soap/shop/11901/girl/1075673/?aid=ad_001,http://okinilove.com/blog-entry-1118.html#boya,評価 ★★★★☆ →記事リンク,"まずは駐車場前で立っていたボーイさんに体温計測と消毒をされ、2階の受付へ。2階に上がると受付の女性が三つ指ついてお出迎え。

待合室に行く前にトイレへ促され、手洗いうがい。
コロナ対策を徹底されており、好印象でした。

女の子は写真とは目元が一致。
スタイルも悪くはなかったので、大幅なパネマジとは言わないものの、歯はガタガタで何より年齢も23overで現役大学生ではありませんでした。

ただサービスは即尺からベットでの騎乗足、マット、チェアーととてもよかったです。

少し残念なのは、なかなかマットを終えてベッドへ移動した後のプレイが始まらなかったこと。

マットは体力も使うので疲れていたと思いますので、何も言いませんでしたが、長いなと思う程度にはベッドへ移動してから休憩にしっかり時間を使われたので残念でした。

こちらからタオルを脱いで横になると何かに気付いてスタートしたので、その辺の気づきの早さは高級店ならではの勘の良さ？意識の低いヘルス嬢だとあのまま終わっていたと思います(笑)

なんにせよ、お店としてのマニュアルサービスはさすが高級店。

私は使いませんでしたが、入浴剤も完備されていたので頼めば使ってくれるのだと思います。

現役大学生ではなかったこと、休憩が長かったことを除いても普段ヘルスにしか行かない私にとってはとても満足いく内容でした。

今度はまた別の嬢で訪問しようと思います。",https://www.cityheaven.net/gifu/A2101/A210101/en/girlid-27643369/,https://www.cityheaven.net/gifu/A2101/A210101/en/girlid-27643369
プレミア,ゆゆ,https://fuzoku.jp/puremiaeight/girl/195/,http://okinilove.com/blog-entry-2860.html#nureif,評価 ★★★★☆ →記事リンク,"雨の日の夕方に行きました。premier初訪問だったのですが、夕方は満員で断られ時間潰して夜8時ごろに再訪。

フリーVIP90分で入りました。

店員から**、盗聴防止やらなんやら事細かにルールを言われボディチェックまでされ階段を上がると

おや？思ってた子とは違うかなと…
まぁそんな事を考えていた手を引かれお部屋へ。

雨に少し濡れてたので服を脱ぎまずはお風呂へ一緒にドボン。

しっかりとしたDKがありそのまま潜望鏡もやってくれる。因みにかなり上手。

ベットへ移動していちゃついているとそろそろ入れようかとプレイ開始。結構キツイ感じで思ったよりも締まる笑

普段ならインから時間がかかるのですが、すぐに中で果ててしまいました…

そして、そのままお掃除してくれて再びお風呂へ浸かって、世間話をして帰りましたとさ。

個人的には顔は好みではありませんでしたが、プレイ内容等は満足できました。",https://www.cityheaven.net/fukuoka/A4001/A400101/d_prettygirl/girlid-62614900/,https://www.cityheaven.net/fukuoka/A4001/A400101/d_prettygirl/girlid-62614900
プレミア,あめ,https://www.cityheaven.net/gifu/A2101/A210101/premier/girlid-55408564/,http://okinilove.com/blog-entry-2860.html#itiro,評価 ★★★★★ →記事リンク,"何度目かの金津利用。premierさんは初めてです。
店員さんの対応は丁寧。全体的に若い感じです。

階段を上がって女の子と対面。
写真よりも彫りが深い感じ？でもかわいのでにんまり。ナチュラルメイクを意識している感じです。

積極的に話してくれる子で、話しが弾んでGOOD。服を脱がしてくれるのも嬉しいです。

服を脱ぐと、写真の通りのまん丸お乳、またお尻も大きな引き締まったお尻です。

プレイはさすがの責め上手で、当方時間がかかる方なのですが、根気よく接してくれました。
キスも自然に受け入れてくれるのも嬉しい。

初めて行ったお店で、満足な経験でした。",https://www.cityheaven.net/gifu/A2101/A210101/premier/girlid-55408564/,https://www.cityheaven.net/gifu/A2101/A210101/premier/girlid-55408564
プレミア,ゆうあ,https://www.cityheaven.net/gifu/A2101/A210101/premier/girlid-59602227/,http://okinilove.com/blog-entry-2860.html#akua,評価 ★★★☆☆ →記事リンク,"初めて利用しました。
また行ってみないとなんとも言えないですが、また行きたいかと聞かれるとできれば行きたくないお店でした。

割引きが高くて安さに釣られてしまったところがあります。

女の子は可愛いかったですが、あまり積極的ではありませんでした。
指名した女の子の質は悪くないですがお値段以上の仕事をしてくれている感じは伝わってきませんでした。

当日案内された部屋は広かったですが正直綺麗ではない印象でした、建物は老朽化してます。でも金津園は仕方ないですね。

お店のスタッフさんは当日結構人数いましたが、案内が遅れても何も伝えにきてもらえませんでした。

私だけでしょうか？
正直スタッフ一人一人のオペレーションは結構、雑な印象でした。

雑なら雑でいいので激安店にして、ややこしい割引きやややこしいシステムをなしにしてシンプルにしてしまった方が良いと思いました。

広い客層に受けようとしすぎな気がしました。なんか無理してお店を回してる感がしました。

オプションもコスプレもシンプルにして欲しいですね。
コスプレ3種類選ぶ需要あるのかな。

違うお店のやり方を真似するならそのまんま真似して欲しいですね。",https://www.cityheaven.net/gifu/A2101/A210101/premier/girlid-59602227/,https://www.cityheaven.net/gifu/A2101/A210101/premier/girlid-59602227
ゼロアイ,りめい,http://www.yoasobi.co.jp/mb/st_item.cfm?ii=864214&aid=ad_001,http://okinilove.com/blog-entry-869.html#mikun,最高評価 ★★★★☆ →記事リンク,"先人の方がレポしておりますが、全く逆な感じでした。
出張で初の突入です。

お土産でインスタ映えしそうな1200円程度のトリュフ持参で行きました。

接客もいちゃいちゃ系で良かったです。

私は攻め派でクンニ攻撃していたらいってくれました。

ちなみにXLの息子と小柄な嬢のせいで奥を突きまくっていたら、嬢も先に昇天。
非常に相性が良かったです。

華奢な色白ロリでお椀型の手に収まる胸と小さくピンクの乳首も好みでした。

難が一つ、煙草臭と口元が若干好みではなかったかなぁ。
リピありです。",https://www.cityheaven.net/gifu/A2101/A210101/0-i/girlid-12321345/,https://www.cityheaven.net/gifu/A2101/A210101/0-i/girlid-12321345
ゼロアイ,さや,http://www.yoasobi.co.jp/mb/st_item.cfm?ii=947100&aid=ad_001,http://okinilove.com/blog-entry-869.html#ike,評価 ★★★★☆ →記事リンク,"金津のベテランさんです。

とにかく積極的で必ず抜いてくれます。

でも、責めるとかわいい声、表情がたまりません。

耳は弱くてすこし触っただけでも可愛く反応しますが、ちょっと怒ります。
でもまたそこがいい。

最後はダイシュキホールドをしてくれて。
全て受け入れてくれますよ。

即ですので、行く前にはシャワーを浴びましょう。",https://www.cityheaven.net/gifu/A2101/A210101/0-i/girlid-17289863/,https://www.cityheaven.net/gifu/A2101/A210101/0-i/girlid-17289863
MGMコレクション,りさ,https://www.cityheaven.net/gifu/A2101/A210101/mgm_collection/girlid-46530956/,http://okinilove.com/blog-entry-899.html#karasu,評価 ★★★★★ →記事リンク,"金津園自体は経験がありますが、正直オキニになれる方はほぼ皆無でした

元々九州で生まれ育ち、中州にお世話になっていたこともあったことから金津園のレベルは知れてるなと感じていた矢先……

金銭的な都合もあり、アルバムフリーというイベントで現地に赴いてお姉さまを選択させていただきました

その時に提示された写真やプロフィールだけでは細かに分からないことからちょいMの私は責め上手な方を確認したところ、りささんをオススメされました

この店は基本的に写真には顔がぼかされているため、よく分からない状態での対面とはなりましたが会った瞬間に心躍るほどの方でした

有名人著名人に疎いので誰に似ているかは分かりかねますが、和風美人と言いましょうか
ショートカットの似合うお綺麗な方で私にはドンピシャでした

最初の待合室の段階でアンケートがあるため、書き書きしていたこともあり、大まかにはその内容に沿うような流れとなりました
匿名とは言え詳細を語るには恥ずかしいため、プレイ内容に関しては省略させていただきます(ごめんなたい♡)

責めを希望しておりましたが、とても良いバランスで過剰な程の責めはされず、リラックスしながらサービスを受けることができました

私は多少なりとも風俗でお姉様とご対面している間は多少なりとも緊張しているので、リラックスすることは難しいケースが全てでしたが、りささん相手には不思議とリラックスして初の潮吹き体験をできる手前まできました(不発)

スタイルもドストライクですが、それ以上に優しさやほんわかした雰囲気がとても好感を得ることができました

某風俗サイトでの口コミもなかったため、不安になりましたが、とても良い方と出会うことができて心に残りました
何故口コミを皆んなしないのだろうと思いましたが、恐らくオキニ隠しでしょうか
ですが、ここは敢えて私は残します

ここのサイトでは沢山お世話になっているので運営者様含め、レビューしている方々へ、りささんへ少しでも恩返しができるのであれば予約が取りにくくなったとしてもここに残しましょう(血の涙)

皆々様いつもありがとうございます😊",https://www.cityheaven.net/gifu/A2101/A210101/mgm_collection/girlid-46530956/,https://www.cityheaven.net/gifu/A2101/A210101/mgm_collection/girlid-46530956
MGMコレクション,ひな,https://www.cityheaven.net/gifu/A2101/A210101/mgm_collection/girlid-51118909/,http://okinilove.com/blog-entry-899.html#ruro,評価 ★★★★★ →記事リンク,"MGM COLLECTIONへ初突入してきました。

個人的には巨乳は好みではなく、今までは避けていました。
一見強面ですが、笑うとかわいいです。

お口のサービスは私好みで、数分も待たず暴発してしまうかと・・・

普段は感じないマイちくびは数年ぶりに姫のナメナメで気持ちよかった。

マットも気持ちいいということは未だにありませんが、マットで姫の中で発射！
ここまででまだ半分時間が残っていました。

ベットへ腰かけお話ししていると私の休憩中の暴れん坊をチラチラみているので「３回はムリだよ～」と伝えお話してました。

姫は時間が許す限り何度でも昇天させてくれそうです。
１時間以内で２回は吉原以来でした。（生涯で３回目）

流れは　即即～ベット～マット

出張とのタイミングが合えばリピしたいと思います。",https://www.cityheaven.net/gifu/A2101/A210101/mgm_collection/girlid-51118909/,https://www.cityheaven.net/gifu/A2101/A210101/mgm_collection/girlid-51118909
MGMコレクション,あずみ,https://www.cityheaven.net/gifu/A2101/A210101/mgm_collection/girlid-57056302/,http://okinilove.com/blog-entry-899.html#sakiti,最高評価 ★★★★★ →記事リンク,"前店ティファニーから気になっていましたがティファニー閉店
ツイッターで姫の動向をみていてよかった

いざ出陣
この値段でこのサービスはコストパフォーマンスよすぎます

姫の性格も愛らしくこの姫のことを悪く言う人はそうそう居ないでしょうね

人気の理由がわかりました",https://www.cityheaven.net/gifu/A2101/A210101/mgm_collection/girlid-57056302/,https://www.cityheaven.net/gifu/A2101/A210101/mgm_collection/girlid-57056302
ラブココ,稲村ともえ,http://www.yoasobi.co.jp/mb/st_item.cfm?ii=1056485&aid=ad_001,http://okinilove.com/blog-entry-1172.html#danna,評価 ★★★★☆ →記事リンク,"ちょいポチャですが、おっぱいも大きくいい感じのスタイルです。
感度もよく積極的に求めてくれます。

優しく、いじって指入れすれば、二本を求めてきて、言ってくれて、攻める分には申し分ありません。
ＳＰもgさえつければ、向こうからねだってきて、問題ないと思います。

私は〇派ですので、また気が向いたら呼ぶかもしれません。",https://www.cityheaven.net/aichi/A2301/A230105/love_coco/girlid-26112925/,https://www.cityheaven.net/aichi/A2301/A230105/love_coco/girlid-26112925
ラブココ,稲村ともえ,https://www.yoasobi.co.jp/tokai/deli/shop/5376/girl/1056485/?aid=ad_001,http://okinilove.com/blog-entry-1172.html#asinaga,"最高評価
          ★★★★★ →記事リンク","プライベートみたいな距離感で積極的にいちゃいちゃしてくれて満足でした
膜ありでSPokでした

体型も丁度いいむっちりではだもすべすべで抱き心地がよかったです
愛嬌も満点で癒されました",https://www.cityheaven.net/aichi/A2301/A230105/love_coco/girlid-26112925/,https://www.cityheaven.net/aichi/A2301/A230105/love_coco/girlid-26112925
ラブココ,藤本さら,https://www.yoasobi.co.jp/tokai/deli/shop/5376/girl/1063332/?aid=ad_001,http://okinilove.com/blog-entry-1172.html#tokumei10,最高評価 ★★★★☆ →記事リンク,"管理人さま♡こんにちは！

初心に帰って、最近またまたラブココさんにハマってますよっ(笑)
カクレ良嬢さんが、まだまだいらっしゃいそうですねー。

本日も、中１日でルナパーク に来ちゃいました（≧∇≦）ﾜｶﾙﾋﾄﾆﾜｶﾙ

今回は、正直地味な感じであんまり注目していなかった、さらちゃんでーす♡

まず見た目。あら、写メより可愛いかも♡
お顔小さいし、スレンダーに存在感のあるおつぱい(〃ω〃) 少し腰周りしっかり気味ですが、なおさら素人感満載でーす♡

こんにちは。はじめましてー。からシャワー浴びて、ベッドいんまで５分くらい(笑)

DＫしっかりしてくれます。キレイなおむねを舐めなめ〜クンニしまーす\(//∇//)\

鳴きは、かなり控えめですぅ(汗)
う〜ん、ダメかなぁーと思ってたところ、だんだん息が荒くなって来て、ｱｧ〜イキそうでーすーって、イクｩ〜ってなっちゃいました（≧∇≦）
かわいぃーって、言っちゃいました(笑)

なんか愛おしくなって、愚息をｽﾘｽﾘｽﾘ(笑)

エッチはOPですぅって言われて、OK okって、Gつけて挿〇しましたとさー\(//∇//)\
この子♡昂まって来ると、〇がスゴい気持ち良いでっす！いつもよりガマン出来ずに逝っちゃいました。

２回戦は、ヘラして貰って、ヘラ上手だしバックでパ〇パ〇する時は、枕を抱えてｱｧﾝアンってなって、成城石井でまた〇が気持ちいくって…名器なんか相性がいいんか、とにかくかなり良かったんです(*ﾟ▽ﾟ*)

隠れていたワケでは無いんでしょうけど…カクレ良嬢♡ みーつけたって感じでした♡♡",https://www.cityheaven.net/aichi/A2301/A230105/love_coco/girlid-26783411/,https://www.cityheaven.net/aichi/A2301/A230105/love_coco/girlid-26783411
ラブココ,ラブ,https://www.yoasobi.co.jp/tokai/deli/shop/5376/girl/1121219/?aid=ad_001,http://okinilove.com/blog-entry-1338.html#tokumeik24,最高評価 ★★★★★ →記事リンク,"管理人さま♡こんにちは😎

ラブココ♡、新人嬢ラッシュが続いてますね。
連日完売８Ｋ嬢に、凸して来ますただーw

ホ込み、な、、なんと120！ｽｹﾞｰ！！︎

はぃ、みため♡
８Ｋ、、いったいどんな子、来るんかなーw

うーむ、かなりギャル😅
地雷臭、、まんさい(笑)
墨もあるのねー(笑)

シャワー、いこか、、って、
気がつくと、ほぼ全裸になられてまっす(笑)

うんっ、、？、カラダエロい◎(//∇//)
おっぱ、わりとキレー♡
肌もきれい、すきな感じ♡

うんっ、お顔もめちゃケバいけど、、
ブサじゃない。
うーむ、、うまく化けてる(笑)

部屋、暗くして良いですかー？って、、
ふーむ、、かわいらしぃ🙄

はぃ、プレイ凸
え、えっ、エロい(//∇//)
めちゃ敏感、めちゃ鳴く、、んでヌレヌれ(≧∀≦)
い、いぃ、いっやらしぃー♡

パイパン、、かなり、綺麗♡ 無味無臭無毛。

ク○二とぱいぱい揉みしだく、、で1回め♡
ぺろぺろ続けて、激しく2回め♡
中指挿入♡あぁーんっ てクチュクチュして、３回め♡ いかれました。

おまた大開脚さして、、愚息ｽﾘｽﾘ
そのまんま、ぬぷっ、ズッ〇リ(//∇//)

キレーなパイパンなんで、、あ○こまるみえ。
みながら、ぱんぱんくちゅくちゅ、どこだす？ どこでもいいよ♡ って(〃ω〃)

価格破壊。ラブココにスゲェ〜の来たわ
コレ載るまでがんばれてたら、トップランカーになってるでしょー。

８Ｋのうちに、ヘビロテしとこwww",https://www.cityheaven.net/aichi/A2301/A230105/love_coco/girlid-32857800/,https://www.cityheaven.net/aichi/A2301/A230105/love_coco/girlid-32857800
ラブココ,霧島かえで,https://www.yoasobi.co.jp/tokai/deli/shop/5376/girl/1132995/?aid=ad_001,http://okinilove.com/blog-entry-1338.html#amisi,最高評価 ★★★★★ →記事リンク,"ラブココは別の子でレポ参考でいって失敗したのでモヤモヤしていました。

結論から言うととても良かったです！
SP蟻ただ、追い銭必要です。

まず、ルックスですが写メ日記やパネルよりもレベル高いです。
細いし顔も小さいし、かわいいしオシャレさんです。

性格も明るめで話しやすい。
スタイルも抜群で文句なしでしたね。

ただ少し遅刻だったのと話が少し長くそれでシャワーまで15分くらいは経ってたかもです。

プレイについては特別凄いものはなかったですが、舐められるのが好きなようで、こうしたらもっと気持ちいいなどノリが良かったですね！実際にそれでビクンビクンと逝ってる姿はとても可愛いものでした。

その後SP交渉
１諭吉ほどでしたが、可愛いのでOK
少し値切りましたけどｗ

イ〇前はローション使ってでした。

二度抜きしたかったですが普通に会話も楽しく一回で終了となりました。
また入りたいなと思える子でした。",https://www.cityheaven.net/aichi/A2301/A230105/love_coco/girlid-33401214/,https://www.cityheaven.net/aichi/A2301/A230105/love_coco/girlid-33401214
ラブココ,"黒川　えれな, 黒川えれな",https://www.yoasobi.co.jp/tokai/deli/shop/5376/girl/1135810/?aid=ad_001,http://okinilove.com/blog-entry-2881.html#goho,最高評価 ★★★★☆ →記事リンク,"他の方のレビューをみて入ってみたくなり呼びました。

想像より顔は丸かったです。
細身ではなかったです。

性格は気配り上手で良かった。

◯Sで、一度いってからも、お願いするとフェラをしてくれ二回戦も応じてもらえました。
口臭が少しありました。

リピしようかと思います。",https://www.cityheaven.net/aichi/A2301/A230105/love_coco/girlid-29948990/,https://www.cityheaven.net/aichi/A2301/A230105/love_coco/girlid-29948990
ラブココ,明里みゆ,https://www.yoasobi.co.jp/tokai/deli/shop/5376/girl/1139930/?aid=ad_001,http://okinilove.com/blog-entry-1555.html#konnpei,最高評価 ★★★★★ →記事リンク,"ずっと気になっていたみゆちゃんに訪問してきました！

こういったレビュー書くのは苦手ですが、、、とてもいい嬢だったので！

思ってたの全然違う！

スタイルも良くいい感じのむちむち感！
しかもスベスベで色白すぎました。

フェラもゆっくり優しく丁度良くお口でもイってしまいそうになるくらいです！

交渉したらオッケー頂いたのでお互いの為しっかり装着しました！
キツキツだったのであっさり果てたのとイったあとに〇締めしてきたので絞りとられました笑

また遊びに行きます！",https://www.cityheaven.net/aichi/A2301/A230105/love_coco/girlid-35224816/,https://www.cityheaven.net/aichi/A2301/A230105/love_coco/girlid-35224816
ラブココ,雛形ひなた,https://www.yoasobi.co.jp/tokai/deli/shop/5376/girl/1146579/?aid=ad_001,http://okinilove.com/blog-entry-1485.html#anaberu,最高評価 ★★★★★ →記事リンク,"新人を指名していたところ、ホテルチェックイン後にドタキャン
急遽お店の人と相談の上ひなたさん指名しました。

結論として、私の好みからはかなり外れるけどかなりいい嬢でした。

東京にいた時にいつも行っていたフリー80分5万円の吉原のソープでもあまりみないレベルだと思います。
追い銭いれてもお得感はかなりあるかと

キスは自分から舌を思いっきり伸ばして積極的にしてくるし、自分からアナル嘗めもOKで、
あそこもキツキツ

サービス精神も旺盛で女性にせめて貰いたい人はかなり満足出来ると思います。",https://www.cityheaven.net/aichi/A2301/A230105/love_coco/girlid-36052280/,https://www.cityheaven.net/aichi/A2301/A230105/love_coco/girlid-36052280
ラブココ,"ちせ,
          渚澤ちせ",https://www.yoasobi.co.jp/tokai/deli/shop/5376/girl/1147632/?aid=ad_001,http://okinilove.com/blog-entry-1756.html#hansin,最高評価 ★★★★★ →記事リンク,"ちせちゃんには長いことお世話になっているので、感謝の意味も込めて投稿しようと思います。

以下は、直近1回のプレイ内容というよりは、これまでに、こういうことがあったという内容です。

まず容姿についてですが、モデル体型で可愛い系というよりキレイ系です。この価格帯には中々いないレベルなので、上のランクのお店に移籍する前に指名をオススメします。(少し前のネット情報だと、口元に関するマイナス情報を見たことがありますが、矯正をして現在は普通な感じです)

プレイについて、凄くホスピタリティ溢れる接客をしてくれます。また、知的でお話していても楽しいです。

エロさも感じますが、天性のエロさというよりは、頑張ってくれている感じでしょうか。悪い意味ではありません。

SPについて、私の場合、初回はダメでした。ヘルスプレイしかやっていないとのことで(初回時の会話で)、お小遣いでどうのこうのもダメでした。

それでも接客やヘルスプレイが良かったので、通う内に3回目ぐらいだったと思いますが、OKが貰えるようになりました。(追銭はあり)
〇はキツキツで、膣圧のコントロールが結構できるタイプなので、緩急がとても気持ちいいです。

撮影について、お店のHP上では、×になっていると思いますが、仲良くなってからお小遣い＆お願いで、本人から許可がもらえました。コスプレもノリよく着てくれます。スタイルが良いので映像映えします。

また、ロールプレイングも得意で、こういう設定でとお願いすると、こちらの意図を汲み取って演じてくれます。個人的にはこの点が◎！

ちせちゃんは、噛めば噛むほど味が出てくるタイプです。通えばその分返してくれます。逆に言うと、１回だけで良い思いが出来るタイプではないかもしれません。

最後に、面白いな思った小噺をさせていただきます。

ちせちゃんは、ホテルの外で、どこのお店のコかを聞かれても教えないそうです。理由を聞くと、風俗はある程度高いお金を払って、ガチャを引いて、良い子に出会った時の感動を味わうものだからと言っていました。

目線が、男もしくは、お店の経営者みたいでちょっと変だけど、そういうところが好きです。",https://www.cityheaven.net/aichi/A2301/A230105/love_coco/girlid-36213353/,https://www.cityheaven.net/aichi/A2301/A230105/love_coco/girlid-36213353
ラブココ,"海月りり,
          りり",https://www.yoasobi.co.jp/tokai/deli/shop/5376/girl/1149041/?aid=ad_001,http://okinilove.com/blog-entry-1485.html#dentyu,"最高評価
          ★★★★★ →記事リンク","りりちゃん。前店含め初めての利用です。

検索ワードは、ロリ 可愛い パイ〇ン 巨乳
です。

ヒットしたのが、りりちゃん。

値段も安いし試しに呼んでみました。
電話対応の方の対応、特に問題なかったです。

ホテルは名古屋市内の某ホテルにしました。

いざ対面。ロリ！髪色も暗めでドンピシャ。
服の外からもわかる巨乳、、！これは良き！！

歯磨き、お風呂 一緒にしました。

ずっとくっついてくれて勘違いします笑笑
まるで恋人みたいな、、笑笑

いざプレイに入ると、積極的で要望たくさん答えてくれました。

おっぱいをたくさん堪能出来ました。
柔らかいし、大きいし、完璧！！

こんな可愛い子が一生懸命に御奉仕してくれるのたまりません。
終始ずっとくっついてくれて、ドキドキしました。すごく楽しかったです。

最後は…あとは皆様の想像におまかせです。

おっぱい聖人なら、必ず1度は試して欲しいですね。
優しく、丁寧に、してたらきっと彼女もしっかり応えてくれますよ。

このサイトを見て選んだ結果、すごくよかったので自分も共有させていただきます。
ありがとうございました。",https://www.cityheaven.net/aichi/A2301/A230105/love_coco/girlid-36449945/,https://www.cityheaven.net/aichi/A2301/A230105/love_coco/girlid-36449945
ラブココ,大西あみ,https://www.yoasobi.co.jp/tokai/deli/shop/5376/girl/1170642/?aid=ad_001,http://okinilove.com/blog-entry-1485.html#uozu,最高評価 ★★★★☆ →記事リンク,"初めてあみちゃんに入りました。

体型は写真よりややぽちゃですが、自分的にはガリよりいいので、程よい感じ。
瞳かすごく綺麗でした。

会話は見た目とは違い、意外とサバサバですがざっくばらんとしていて、飽きはこないです

プレイに入ると最初は攻めてもらいましたが、フェラは絶品。
69で責められて、今までフェラでイカされたことなかったので、真面目に暴発直前で寸止めされました。

あの瞳で上目遣いされながらのフェラはマジヤバです

そのあとは電マでマジイキして、あそこはヌレヌレ。指いれるとキツキツです

向こうから誘ってきたのですが、初回のみお小遣い欲しいと。

Ｇ付き、ＳＰ、超ＳＰの三段階、それぞれ5ずつアップですがもちろん超ＳＰでＩ〇
Ｉ〇しながら、電マで中イキしながら自分もフィニッシュ

その後も2回戦のお誘いがあり、しっかりＩ〇してきました。

また、リピしたいとおもいます",https://www.cityheaven.net/aichi/A2301/A230105/love_coco/girlid-40123820/,https://www.cityheaven.net/aichi/A2301/A230105/love_coco/girlid-40123820
ラブココ,佐野くろれ,https://www.yoasobi.co.jp/tokai/deli/shop/5376/girl/1171153/?aid=ad_001,http://okinilove.com/blog-entry-2247.html#goho,最高評価 ★★★★★ →記事リンク,"細身の可愛い子だと思います。
肉付きがいい方が好きな子は辞めた方がいいかと。

普通にすれば超SPも可能かと。
何回か呼びましたが、話しやすい子です。",https://www.cityheaven.net/aichi/A2301/A230105/love_coco/girlid-40193963/,https://www.cityheaven.net/aichi/A2301/A230105/love_coco/girlid-40193963
ラブココ,"姫野てと,
          てと",https://www.yoasobi.co.jp/tokai/deli/shop/5376/girl/1180059/?aid=ad_001,http://okinilove.com/blog-entry-1555.html#syou,最高評価 ★★★★★ →記事リンク,"パネルで気になっていた、てとちゃん。
会った瞬間からドキドキしてしまいました^_^

フレンドリーで話しやすくプレイも積極的で、とても良かったです。

あんま紹介したくないけど、思わず投稿してしまいました。
皆さんも一度、てとワールドを味わってみてください。",https://www.cityheaven.net/aichi/A2301/A230105/love_coco/girlid-37887264/,https://www.cityheaven.net/aichi/A2301/A230105/love_coco/girlid-37887264
ラブココ,矢野はるひ,https://www.yoasobi.co.jp/tokai/deli/shop/5376/girl/1189223/?aid=ad_001,http://okinilove.com/blog-entry-2485.html#kaki,最高評価 ★★★★☆ →記事リンク,"ルックス星4でスタイルは星5です。

私が責められのを好きと言ったら沢山色んなとこを舐めてくれました！
特に乳首舐めが得意とのことで沢山舐めてくれて感じちゃいました！

すぐにイッちゃいそうだったので選手交代してはるひちゃんを責めたら可愛い声で喘いでくれました！また機会があれば遊びたいです。",https://www.cityheaven.net/aichi/A2301/A230105/love_coco/girlid-43324517/,https://www.cityheaven.net/aichi/A2301/A230105/love_coco/girlid-43324517
ラブココ,岩中ひろ,https://www.yoasobi.co.jp/tokai/deli/shop/5376/girl/1202978/?aid=ad_001,http://okinilove.com/blog-entry-1756.html#fuzokuou2,評価 ★★★☆☆ →記事リンク,"高身長に惹かれて指名しました。
ルックスはケータイショップの営業の方みたい。

肝心のプレースタイルは円盤のNS10ｋ、S着5Kなので相場通りですね。初回のみとの事でした。N〇はピ〇飲んでないのでやってないとの常套句が返って来ました。

仕事として割り切っているのでDKやベロチューにも積極的に応じてくれるので良いと思う。

明らかにアスリート体型なのでロリ好きや細身好きにはオススメしない。

円盤嬢なのでコスパは良くないと思う。また特筆するべき点も無く、良い意味でも悪い意味でも平均点のお嬢様でした。
ポリシー通り円盤嬢にはリピしません。",https://www.cityheaven.net/aichi/A2301/A230105/love_coco/girlid-45288155/,https://www.cityheaven.net/aichi/A2301/A230105/love_coco/girlid-45288155
ラブココ,月島える,https://www.yoasobi.co.jp/tokai/deli/shop/5376/girl/1205879/?aid=ad_001,http://okinilove.com/blog-entry-1756.html#rairai,評価 ★★☆☆☆ →記事リンク,"AFを体験しようと予約しての利用でした。
電話対応は良かったです。

プレイ内容です。
プレイ前の会話が長く、90分でお願いしたけどプレイ自体は短かった。

いざAFをさせてもらうが私にはあまり合わず…そう伝えると前の方でも良いよと言ってくれたのですが、こちらでもいけず…
最後ギリギリで手でのフィニッシュでした。

プレイ中でもスマホの通知が来る度に確認したり、返信したりで雰囲気は良くなかったです。",https://www.cityheaven.net/aichi/A2301/A230101/p-love_coco/girlid-45709815/,https://www.cityheaven.net/aichi/A2301/A230101/p-love_coco/girlid-45709815
ラブココ,篠塚みはる,https://www.yoasobi.co.jp/tokai/deli/shop/5376/girl/1208249/?aid=ad_001,http://okinilove.com/blog-entry-1756.html#tukutuku,最高評価 ★★★★☆ →記事リンク,"久々に遊んだので、レポートします。
多分、今のところ報告のない女の子だと思います。

お顔は正直すごくかわいいというわけでもないし、オッパイはやや大きめですが、スタイル良いのかって言うとそうでもなく、いろんな意味で普通で、ほぼ、写メ日記のままです。

個人的にはもっとナチュラルなメイクの方が良いと思いました。

会話はのんびりした感じで落ち着きます。

プレーは攻めも受けも、お願いすればがんばってくれて、手抜き無しです。
受けではちゃんと感じているみたいで、仕込み無しで、じんわり濡れてきます。

攻めは、全体的にテクがすごいとかいうわけではなく、普通ですが、がんばってくれます。フェラ中も視線を向けてきたりして、普通に顔を合わせるより、そっちの方がかわいく見えたりするから不思議。

正〇〇でガンガン〇〇と感じてくれているようですし、オッパイはやや大きめなので、それなりに揺れるので、見て楽しいです。大柄ではなく、扱いやすいサイズのなので、体勢も変えやすいです。

ただ、もう少し照明を明るくしてくれると良いな...つか、顔などの好みがあるから、そこは好みが分かれるところかもしれませんが、感じる顔を見たいよね？

出会って見た目で★★★、プレイが終わって★★★★つけてもイイかなぐらいの感じですかね。ハマって足繁く通いたくなるって感じではありませんが、でも、もう一回入ってみたい。全体的には良い感じです。

ラブココは女の子ごとに価格設定が違いますが、正直「60分10千円」は安く、もう少し設定を上げても良いと思いました。
なので、諸々込みで、お釣りが出る様にお渡しして、お釣りはチップとして差し上げました。",https://www.cityheaven.net/aichi/A2301/A230105/love_coco/girlid-46210042/,https://www.cityheaven.net/aichi/A2301/A230105/love_coco/girlid-46210042
ラブココ,沖野はつめ,https://www.yoasobi.co.jp/tokai/deli/shop/5376/girl/1210457/?aid=ad_001,http://okinilove.com/blog-entry-1756.html#jyoho,最高評価 ★★★★★ →記事リンク,"さてさて！最近はすっかり寒くなり、人肌恋しいですね(笑)
そんな時はやっぱり、色々な女の子から選べる、ラブココプラスさんで決定です。
今回は幼顔と言う情報を元に凸です。

早速楽しみのご対面♡
\(*°∀°*)/お～ぉ💦確かに😆😆
めっちゃ童顔です。ちょっとかわいい系ですかね♡

初めましてですが、明るく接してくれて、いい子っぽいです(笑)

話もそこそこにシャワーへ🚿
ここでも全体的に幼さ残る感じで、いけない事してる感覚ですよ！僕も興奮してたので、結構えろえろな感じです！

ベッドに入ると、またこの子小さくて、その上痩せているので、ロリ好きにはたまらないと思います😊
そんな子にせめてもらうと、もうビンビンで、目を見ながら、フェらしてもらうと、楽しさやばいです！

そんなこんなで、選手交代！ちょっと攻めると可愛反応♡( 💓∀💓)♡
ええ子やん♡🤣🤣おまんはちっちゃくて、〇るかな？って思いながら、チンチンスリスリ(( *´ `)""
何か感じてくれてるので、そのままイ〇‹‹\(´ω` )/››

結構濡れてましたが、ちょっとキツいです！！
あと、包み込む感じが、やばいですね💦

料金も12kと高いですが、結構埋まってて、なっとくのプレイですね！
久しぶりに興奮しましたよ✨
早めにリピしたいですね🤤🤤",https://www.cityheaven.net/aichi/A2301/A230105/love_coco/girlid-46392803/,https://www.cityheaven.net/aichi/A2301/A230105/love_coco/girlid-46392803
ラブココ,眞島りょう,https://www.yoasobi.co.jp/tokai/deli/shop/5376/girl/1210817/?aid=ad_001,http://okinilove.com/blog-entry-2247.html#musou,評価 ★★★★☆ →記事リンク,"写真良さげだったけどレポなかったので入って真偽を確認しに行きました。

結論から言うと容姿とプレイ内容は大満足。
コスパ面で☆マイナス1って感じです。

めちゃくちゃ可愛いわけではないですが現役大学生感が満載で個人的には◎。
フェラは緩すぎず激しすぎず、吸い付かれるような感覚でこれも◎。

我慢できず交渉すると1でＧ着き。
ただ毎回有料ってとこがなぁ…。

初回だけならオキニ確定ですが、コスパを考えるとパチンコで大勝ちした時のご褒美要因になりそうです。",https://www.cityheaven.net/aichi/A2301/A230105/love_coco/girlid-44429671/,https://www.cityheaven.net/aichi/A2301/A230105/love_coco/girlid-44429671
ラブココ,こりん,https://www.yoasobi.co.jp/tokai/deli/shop/5376/girl/1211843/?aid=ad_001,http://okinilove.com/blog-entry-2247.html#nanami4,評価 ★★★★☆ →記事リンク,"1人目キャンセルして来たのがこりんちゃん
めちゃくちゃ全身性感帯

キス好き❤️
話も楽しいし可愛い🩷し

リピート確実です❤️最高でした",https://www.cityheaven.net/aichi/A2301/A230105/love_coco/girlid-46596446/,https://www.cityheaven.net/aichi/A2301/A230105/love_coco/girlid-46596446
ラブココ,雨宮ゆづき,https://www.yoasobi.co.jp/tokai/deli/shop/5376/girl/1212243/?aid=ad_001,http://okinilove.com/blog-entry-2787.html#mixnatu,評価 ★★★★★ →記事リンク,"管理人さん、いつも参考にさせていただいて助かっています。

今回は、雨宮ゆづきちゃんについてレポートをさせていただきます。

この子の特筆すべき点は、関西人らしい親しみやすさです。
写真ではクールそうに見えますが、ふんわりとした感じでコミュニケーション能力も高く、初回に会った時から親しくなれます。

話が弾んで時間が気になる時は、「シャワーを浴びよっか」とか「そろそろしようか」と言えば、すぐに切り替えて対応してくれますよ。

スタイルも良くて、おっぱいはＤカップで形もいいです。
お小遣いなしSP（ゴ〇必須）です。

あと乳首は強くないようなので、やさしくしてあげてください。",https://www.cityheaven.net/aichi/A2301/A230105/love_coco/girlid-46664887/,https://www.cityheaven.net/aichi/A2301/A230105/love_coco/girlid-46664887
ラブココ,"りう,
          星野りう",https://www.yoasobi.co.jp/tokai/deli/shop/5376/girl/1216399/?aid=ad_001,http://okinilove.com/blog-entry-1756.html#masin,最高評価 ★★★★★ →記事リンク,"顔出しをしない超人気嬢です。
ルックス抜群、プレイ内容も唾液たっぷり濃厚フェラで追銭で…

ラブココプレミアムでもきっと値上げしてもリピ続出だろうからその前に御体験下さい。

欲しい物リストはプロフィールにあり。
R1・特茶・ビーフジャーキー・LUSHなど。
どっかの子みたいにAmazonで作れば良いのにって思ってしまいますが…

でも、お互いが迷惑をかけずに楽しめるのが一番だと思います。",https://www.cityheaven.net/aichi/A2301/A230105/love_coco/girlid-47251169/,https://www.cityheaven.net/aichi/A2301/A230105/love_coco/girlid-47251169
ラブココ,香椎まこ,https://www.yoasobi.co.jp/tokai/deli/shop/5376/girl/1219974/?aid=ad_001,http://okinilove.com/blog-entry-2549.html#poizun,最高評価 ★★★★★ →記事リンク,"事前予約が割とあったので凸！

結果はとても良かった。
当方イきにくいタチなのですがすごく頑張ってくれて優しくて気が使える子だなと。

顔もとても可愛らしい。
太ってはいますが抱き心地は最高だし布団の中でサワサワしたりしてきて恋人のような感覚になります

今でも可愛いけど痩せればもっともっと上へ行ける良嬢です。

昼職もやってるとの事であまりシフト入ってないみたいですがまた彼女と会いたいです。

初回G0.5でした、次からは入場料無しで良いということ。

このレポでまこちゃんの良さを殿方に伝えたいと思いました。
もう一度言いますオススメです。",https://www.cityheaven.net/aichi/A2301/A230105/love_coco/girlid-47795241/,https://www.cityheaven.net/aichi/A2301/A230105/love_coco/girlid-47795241
ラブココ,"多宮みるく, みるく",https://www.yoasobi.co.jp/tokai/deli/shop/5376/girl/1220755/?aid=ad_001,http://okinilove.com/blog-entry-1756.html#gasu2,最高評価 ★★☆☆☆ →記事リンク,"ちょっと悪い意味で不思議ちゃん。

リピーターさんもいるみたいなんでそれが好きな人もいるみたい。
自分とは合わなかった。

SPは0.5。超SPは1。1回目だけ必要で本指名だとかからないとの事。

キツキツで指を入れたら痛がられました。
気持ち良さそうでしたが、ちょっと自分とは空気感が合わなくてお断りしました。

胸は大きめで形がよく、揉んでて気持ちが良かったです。",https://www.cityheaven.net/aichi/A2301/A230105/love_coco/girlid-47924057/,https://www.cityheaven.net/aichi/A2301/A230105/love_coco/girlid-47924057
ラブココ,白井こえだ,https://www.yoasobi.co.jp/tokai/deli/shop/5376/girl/1221519/?aid=ad_001,http://okinilove.com/blog-entry-1756.html#taka,最高評価 ★★★★☆ →記事リンク,"東京からの出稼ぎらしいのですが高飛車な感じが全く無く、私みたいなおじさんでも礼儀正しくて一生懸命頑張ってくれます。

スタイルが凄く良いので一見の価値ありです。

クンニで感じてくれて、ビショビショに。
通行料金かかりますが、良心的です。",https://www.cityheaven.net/aichi/A2301/A230105/love_coco/girlid-48042686/,https://www.cityheaven.net/aichi/A2301/A230105/love_coco/girlid-48042686
ラブココ,天使おと,https://www.yoasobi.co.jp/tokai/deli/shop/5376/girl/1231023/?aid=ad_001,http://okinilove.com/blog-entry-2247.html#nanami,評価 ★★☆☆☆ →記事リンク,"ゴ〇付けて１ゴ〇無し15000
顔修正しすぎ",https://www.cityheaven.net/aichi/A2301/A230105/love_coco/girlid-49750074/,https://www.cityheaven.net/aichi/A2301/A230105/love_coco/girlid-49750074
ラブココ,夢野こころ,https://www.yoasobi.co.jp/tokai/deli/shop/5376/girl/1232780/?aid=ad_001,http://okinilove.com/blog-entry-2813.html#naka,評価 ★☆☆☆☆ →記事リンク,"SP不可

パネルの印象とは随分違う感じ。
腕や肩がふっくらしてて太ってる。

素股はローションで。素股風手コキみたいな。
ガード目的だからか自由にできない。

フェラはそこそこ。
手コキはちょっと痛いかなあ。",https://www.cityheaven.net/aichi/A2301/A230105/love_coco/girlid-50085808/,https://www.cityheaven.net/aichi/A2301/A230105/love_coco/girlid-50085808
ラブココ,南乃りま,https://www.yoasobi.co.jp/tokai/deli/shop/5376/girl/1234731/?aid=ad_001,http://okinilove.com/blog-entry-2247.html#masak,最高評価 ★★★★☆ →記事リンク,"緊張されていて無口だったため、変な嬢を引いたかと思いましたが打ち解けていくうちに適度な距離感になりました。

いまどきのお若い子。という感じでパネマジ感は一切なく写真通りで可愛いです。

若いということもあり肌ツヤ、スタイルは抜群です、胸もCほどですが形が綺麗です。

せめていくと声が漏れ出てしまいクリを攻めるとびたびたです。

攻守交代してからはすべすべな手足とねっとりフェ○を駆使し昇天です。",https://www.cityheaven.net/aichi/A2301/A230105/love_coco/girlid-50423030/,https://www.cityheaven.net/aichi/A2301/A230105/love_coco/girlid-50423030
ラブココ,小松つぐな,https://www.yoasobi.co.jp/tokai/deli/shop/5376/girl/1234925/?aid=ad_001,http://okinilove.com/blog-entry-2247.html#daido,最高評価 ★★★★☆ →記事リンク,"新人時代に入ったので掲載される頃にはもういないかもです。

顔はラブココかなぁって感じだったけどスタイル抜群。いい感じの体型でした。

細くもなく太くもなくておっぱい大きい形よし感度よし！
それでいてくびれもしっかりあって縦にうっすらと線もある。たまらんかったです

フレンドリーな感じの子で恐らく気が強めの子なので苦手な人は要注意。

頼めば何でもしてくれましたが事務的感とイマイチテクニックもなかったので合わない人は多そうですね。ちなみに追銭1で挿〇で〇はやってないそうです

私の総合評価は⭐︎4でリピありですがハマらない人は多そう…あのスタイルは久しぶりに個人的ドストライクで興奮しました",https://www.cityheaven.net/aichi/A2301/A230105/love_coco/girlid-50466464/,https://www.cityheaven.net/aichi/A2301/A230105/love_coco/girlid-50466464
ラブココ,"けいか,
          芝内けいか",https://www.yoasobi.co.jp/tokai/deli/shop/5376/girl/1235105/?aid=ad_001,http://okinilove.com/blog-entry-2685.html#nanami,最高評価 ★★★★★ →記事リンク,"久しぶりにラブココ利用
人気のけいかちゃん　予約

予定より20分早く案内出来ると店からメールで慌ててルナパーに

時間どうり来たら　まぁ
めちゃくちゃ可愛い🩷

小さくてパネ増し無し
ノーパン頼んだのにズボンだから履いて来たと、爆笑したわ

礼儀正しいし　キスもエロい
書き込みどうり　キス　フェラしてオッパイ触りながら下スリスリ　濡れて来たので上になってもらって少ししたら　そのままイ〇
めちゃくちゃ気持ちいい

人気で可愛い🩷
完売するわけだわ〜リピ確実👍
今月末もよろしくしました笑

給料入ったら行きますね❤️
後人気のみいちゃんも気にしてる",https://www.cityheaven.net/aichi/A2301/A230105/love_coco/girlid-50502574/,https://www.cityheaven.net/aichi/A2301/A230105/love_coco/girlid-50502574
ラブココ,夏目けい,https://www.yoasobi.co.jp/tokai/deli/shop/5376/girl/1239845/?aid=ad_001,http://okinilove.com/blog-entry-2247.html#onani,最高評価 ★★★★★ →記事リンク,"普段ラブココプレミアムの子ばかり遊んでいますが、いい子がいないと14kの中から選んだりもする私の最近のオキニ紹介です。

けいちゃん最高！！！
なぜプレミアムいかないのかと聞くと自信がない、と、、もったいないとも思うがこちらからしたら有難い。

はじめから明るく挨拶もお話もしてくれ、礼儀正しく、気遣い、サービス精神旺盛で、社会人経験ある子はこのあたりがしっかりしてます。けれど本人曰く人見知りだとか。笑

むしろコミュ力高いなと思っていたくらいです。
プレイ前は明るく友達のような接し方ですが、プレイに入ればギャップがすごい。これ以上は言いません。

ご新規さんは口コミ書いてくれるけど、仲良しさんは書いてくれないとオキニ隠しされてるみたいなので、ここで爆弾投下します！",https://www.cityheaven.net/aichi/A2301/A230105/love_coco/girlid-51223285/,https://www.cityheaven.net/aichi/A2301/A230105/love_coco/girlid-51223285
ラブココ,今野すみれ,https://www.yoasobi.co.jp/tokai/deli/shop/5376/girl/1241201/?aid=ad_001,http://okinilove.com/blog-entry-2549.html#matyan,評価 ★☆☆☆☆ →記事リンク,"久しぶりの風活レポです。

ラブココのフリーで来たのがすみれちゃんでした。
結論から言うと後悔が残るチャレンジでした。

こんにちはしてからお金を渡し、別々でシャワーに。すぐさまベッドに移り、事務的にフェラと乳首舐め、しばらくしたら手コキ。
1分後にはローションつけてもいい？と。そのまま高速手コキで発射。

ここまでスムーズすぎて会話もほぼありませんでした。

発射後、私だけシャワーでローションを落として出ると、既に服を着た状態のすみれちゃん。
そのまま少し話してお帰りになられました。

待ち時間 40分
シャワー 10分
プレイ時間 10分
シャワー 5分
会話  20分

プレイ時間70分のはずが45分程で嬢にとってはだいぶコスパの良いお客になりました。
しばらくは風活は控えます。",https://www.cityheaven.net/aichi/A2301/A230105/love_coco/girlid-51471619/,https://www.cityheaven.net/aichi/A2301/A230105/love_coco/girlid-51471619
ラブココ,"永岡つゆ,
          永岡つゆ(60分12千円)",https://www.yoasobi.co.jp/tokai/deli/shop/5376/girl/1246508/?aid=ad_001,http://okinilove.com/blog-entry-2813.html#paipan,最高評価 ★★★★☆ →記事リンク,"おしゃべり好きな可愛らしいロリ女の子ってかんじでした。

120分のLINE予約でプラス10分のコースで、スク水コスプレしてもらいました。

とりあえずはじめは30分マシンガントークを聞き、シャワーを浴び。
プレイ前に、何回いきたいかとか、どうやっていきたいとか聞いてくれて、良いなあと思いました。

フェラは自身も言うように、唾液がローション並みのトロトロで、手コキもテクニシャン。

スク水での素股が始まり、脱いでもらい素股してもらい、〇っちゃってる？っていう感覚に。。
まんズリみたいとはこの感覚かと思い、果てました。

一度シャワー浴び直して、マシンガントークがまた炸裂。

プレイしよっかとの声で、同じようにフェラからのまんずり。
また入っているような感覚。。
気持ちよかったです。

SPはオプションであるとのこと。
でも素股でも満足出来るようなプレイでした。",https://www.cityheaven.net/aichi/A2301/A230105/love_coco/girlid-52349264/,https://www.cityheaven.net/aichi/A2301/A230105/love_coco/girlid-52349264
ラブココ,しゆ,https://www.yoasobi.co.jp/tokai/deli/shop/5376/girl/1250212/?aid=ad_001,http://okinilove.com/blog-entry-2685.html#nanami2,評価 ★★★☆☆ →記事リンク,"前に予約したら　体調不良で休みになったからリベンジ

背が小さく可愛い🩷
オッパイも小さいが感度抜群

キスも甘し
残念なのは、歳の割にビラ黒い

ま◯こじるは、白く本気
声も、出してくれるし
腰に足絡めて来てエロ可愛い🩷

背が小さく可愛い🩷
オッパイも小さくて😍

ちょっと期待ハズレだったかな
ゴ〇ありだったし
追い金でマイナスかな

また　お気に入り探し続きますねー",https://www.cityheaven.net/aichi/A2301/A230105/love_coco/girlid-52905534/,https://www.cityheaven.net/aichi/A2301/A230105/love_coco/girlid-52905534
ラブココ,芹沢りこ,https://www.yoasobi.co.jp/tokai/deli/shop/5376/girl/1255039/?aid=ad_001,http://okinilove.com/blog-entry-2787.html#yome,評価 ★★★☆☆ →記事リンク,"初めての投稿失礼致します。

いつも嬢選びの参考にさせていただいております。
自身の体験も共有していきたいと思います^_^

Webで見る限り、タイプど真ん中でしたが、あまり予約が埋まっていないのと情報がほとんど出ていないので一抹の不安を覚えましたが、スタイルも悪くなさそうなので当日予約しました(^^)

指定ホテルに入室後、5分遅れで登場！
……あれ？
この子だれ？…

普通に整った顔で可愛い子ではあるのですが、パネルと全然雰囲気が違っていました。

スタイルもデブではないですが、ちゃいぽちゃでスレンダー好きとしては正直微妙…
の印象でした。

話をすると、話しやすい子で性格はいい子だと思います！

プレイについては、あまりキスは好きではないのか拒む事はしないですが、積極的ではないです。

受け身は基本OKでよく濡れる子で声は小さめです。

自分、舐めマシーンなのでクリちゃんを舐め回してビショビショになったところで攻守交代。

乳首舐めから始まりましたが、口の中が気持ちよく、思わず声が出ちゃいました笑

フェラーリも期待通りで唾液たっぷりで相当気持ちよかったです^_^
ローションつけて素股であっさりフィニッシュです(^^)

2回戦のお誘いはなく、普通の雑談で終わりました。

悪い子ではなく、根もいい子で話しやすい子ではありますが、業務的というかサバサバしており、イチャイチャや疑似恋愛を楽しみたい自分としては特に盛り上がる事は無かったです。

リピートすることはおそらくないですが、友達感覚で楽しめる子です。",https://www.cityheaven.net/aichi/A2301/A230105/love_coco/girlid-53664446/,https://www.cityheaven.net/aichi/A2301/A230105/love_coco/girlid-53664446
ラブココ,北里あんび,https://www.yoasobi.co.jp/tokai/deli/shop/5376/girl/1256576/?aid=ad_001,http://okinilove.com/blog-entry-2707.html#mix,最高評価 ★★★★★ →記事リンク,"管理人さん、いつも参考にさせていただいて助かっています。

今回オキニが卒業してしまったので、新たなオキニを探しの旅に出ていたところ、ついに有力候補を見つけました！

あんびちゃんは、プロフィール写真のまま可愛い子です。

また「清楚系って言葉が一番似合う」と紹介されていますが、清楚系というよりも元気で明るい子ですね。
初めて会った時から、ニコニコで楽しく会話ができました。

体は、くびれのある”パーフェクトボディ”でオッパイはＥカップで形も良くて張りもあります。
接客は、いちゃいちゃというよりも、友達のように楽しく、裏表がない感じもいいです。

紳士的な対応をすれば、いい事あるかも！",https://www.cityheaven.net/aichi/A2301/A230105/love_coco/girlid-53924275/,https://www.cityheaven.net/aichi/A2301/A230105/love_coco/girlid-53924275
ラブココ,一色るり,https://www.yoasobi.co.jp/tokai/deli/shop/5376/girl/1257105/?aid=ad_001,http://okinilove.com/blog-entry-2485.html#nanami,評価 ★★★★☆ →記事リンク,"1ヶ月ぶりのラブココ
新人のるりちゃん予約しました

いつもと、同じく到着遅かったけど　ロリ🩷
天然で会話面白い🤣

プレイも１８にしては、フェラ上手い笑

おマンコ濡れ濡れだけど〇れるのは、ＮG
キスしながら　ローションで手コキで行きました

ロリと天然好きな人は、ハマるかも
値段もリーズナブルで満足でした

また　リピートしますね",https://www.cityheaven.net/aichi/A2301/A230101/p-love_coco/girlid-54037966/,https://www.cityheaven.net/aichi/A2301/A230101/p-love_coco/girlid-54037966
ラブココ,中本エマ,https://www.yoasobi.co.jp/tokai/deli/shop/5376/girl/1258626/?aid=ad_001,http://okinilove.com/blog-entry-2787.html#simajiro,評価 ★★★★★ →記事リンク,"なんとなく写真が気になって突撃してきました。

初対面での印象は、可愛いです。
入室すぐに濃厚キスでおもてなししてくれましたが、かなりキスが上手で気持ちよく、ムッコスもギンギンです。

攻めに回ってもしっかり濡れてくれるし
指を入れてもああこれは入れたら気持ちいいんだろうなという感触が伝わってきます。

ムラムラMAXなので交渉して円盤1でNSとなりました。
〇はかなり気持ちいい部類になるかと思います。

キツイ部類に入りますが、キッツキツというよりは亀頭にいいところが当たる感じの良～いかんじの具合ですぐいっちゃいました。

ちょっと休んで2回戦しましたが、〇がゆるい子だと2回戦目は結構頑張らないといけないんですが、エマちゃんはめちゃくちゃ気持ちいいので2回戦目も気持ちよく出せました。

たくさんリピしたいと思います！",https://www.cityheaven.net/aichi/A2301/A230105/love_coco/girlid-54421542/,https://www.cityheaven.net/aichi/A2301/A230105/love_coco/girlid-54421542
ラブココ,しあ,https://www.yoasobi.co.jp/tokai/deli/shop/5376/girl/1259493/?aid=ad_001,http://okinilove.com/blog-entry-2549.html#sukebe,評価 ★★★★★ →記事リンク,"お盆休みの疲れを癒しに逝ってきました。

高速を降りると12時過ぎです。（ETC割引の都合上で確信犯ですが）名古屋ICからの道中でLINE予約完了。

おすすめホテルを聞いただけでしたが、ホテル込プランになり予約時間の5分前にしか入室できず、予約番号を教えてもらっておらずカウンターで架電、別でホテルに入れば良かったです。

入室後すぐに対面、かわいい嬢です。

ホテル入室のグダグダを忘れました。
お土産を渡し、少しお話した後は、各自で脱衣、シャワー、ベッドまではお互い？ぎこちなく、少し不安が過ぎります。

ベッドに入ると濃厚キス、攻めてくれます。
負けじと攻め返した後、６９、騎乗位素股でツンツンしていたらツルっと、お外でフィニッシュしました。",https://www.cityheaven.net/aichi/A2301/A230105/love_coco/girlid-54631339/,https://www.cityheaven.net/aichi/A2301/A230105/love_coco/girlid-54631339
ラブココ,仙道さくら,https://www.yoasobi.co.jp/tokai/deli/shop/5376/girl/1262847/?aid=ad_001,http://okinilove.com/blog-entry-2787.html#tokumeik,評価 ★★★★☆ →記事リンク,"管理人さま♡こんにちは～

この子
どんなんか気になって凸してきましたー

こんにちはぁ～♪
って感じではありませんが取り敢えず嬢登場

なんか想像とはちがう
まー、顔出てないし、係長の勝手な想像なんでぇ
でも、ニコニコいい子そー

なんかS心がくすぐられる子だわ♡
なめて、ってち◯こ舐めさせてみた
お兄さまだけですよぅー、、ってｗペロペロ

よしよし、ってベッドに
真裸になって、サワサワサワサワしてみます、
基本的に敏感な子♡

クンニして、電マして、バ◯ブ挿入して、
かなりいい感じになったところで
M字開脚さして、愚息をスリスリスリスリスリスリスリスリ
出し〇れ出し〇れしてるぅー\(//∇//)\

〇るたんび、ぬくたんびに、あっ、とか、うっ、
いやっ、とか、、(〃ω〃)
なんか、きもちぃぃー

パンパンしながら電マあてて、、
外に大量に出しました♡

こんなん初めてぇ～とか
Hしたん初めて～♡とか、
いろいろ言ってるけど聞こえんふりｗ

終わったら、オイル使ったマッサージが始まって、
いやいや、さくらちゃん一生懸命なのよねー

慣れてない展開に戸惑いながらの、
タマタマちょぃちょいサワサワサワサワされたら
村村して、ちょい舐めてーってフェラさして、ビンビンっになったんで、
さくらちゃんも仕上がってんで、奥までぶっすり

おにいさま、挿◯れてくれてありがとうございました、、ってｗ　こんど言わそw",https://www.cityheaven.net/aichi/A2301/A230101/p-love_coco/girlid-42191088/,https://www.cityheaven.net/aichi/A2301/A230101/p-love_coco/girlid-42191088
ラブココ,橋本のせ,https://www.yoasobi.co.jp/tokai/deli/shop/5376/girl/1265824/?aid=ad_001,http://okinilove.com/blog-entry-2921.html#tami,評価 ★★☆☆☆ →記事リンク,"いつも拝見しております。
拙い内容になりますが少しでもお役に立てればと。

ラブココののせちゃんに入りました。
第一印象は、うーん…といった感じ。
でも可愛らしい感じではありました。

即尺をお願いしていたのでそこはちゃんと対応してくれました。

プレイに関して
キス→出来るが鉄壁
フェラ→普通
手コキ→上手

とりあえず手コキでイカせようとする感が否めない。止めてもやめない。

こちらからの攻めは、前向きに考えると感度が良いのか動き回るのでまともに攻められない。

2回戦のお誘いは無くこちらから促して対応してもらえたのでそこはプラスでした。
SPに関しては聞いていないので不明。

激安店なので期待しすぎてはいなかったですが、個人的に★2といった感じです。

諸兄の参考に少しでもなれば幸いです。",https://www.cityheaven.net/aichi/A2301/A230105/love_coco/girlid-55714887/,https://www.cityheaven.net/aichi/A2301/A230105/love_coco/girlid-55714887
ラブココ,柿谷ひゆか,https://www.yoasobi.co.jp/tokai/deli/shop/5376/girl/1267505/?aid=ad_001,http://okinilove.com/blog-entry-2707.html#saku,最高評価 ★★★★☆ →記事リンク,"ホテコミ90分23.5k+初回のみ10k

顔:きれかわ系で、ドアを開けてみたら「可愛い子が来た！」とテンション上がるレベル

プレイ:フェラなど攻めるのはあまり上手でなさそう。
クンニなどで攻められるとアナルあたりがヌルヌルになるくらい濡れてた。

SP:追銭有り。足を絡ませる正常位。いちゃいちゃ系

コミュニケーション:ちょっと置いてけぼりになった。いつのまにか歯磨きしていたり、服は椅子のところ、下着は洗面台下の籠にいれるなど、自分のルーティンがありそう？

初めましてだったからか、会話は少しサバサバしている印象。
背中や肩あたりが少し肌荒れ気味。

かなり敏感な感じで攻めるとすごく濡れるが、一回イくと力が抜けるので一休み入る。
攻め好きな身からすると物足りない…

「普段どうやってイってるの？」の質問からお小遣いの話へ。
SPなら初回のみ、超SPなら毎回お小遣いが必要とのこと。

SPは入れている間ずっとぎゅっと密着してくれた。

SP無しで遊ぶなら微妙だけど、有りなら遊びたいなとなる感じ。

疲れているのもあったと思うので、万全な状態の彼女の攻めとコミュニケーションを見てみたい。",https://www.cityheaven.net/aichi/A2301/A230105/love_coco/girlid-55972601/,https://www.cityheaven.net/aichi/A2301/A230105/love_coco/girlid-55972601
ラブココ,沢村めの,https://www.yoasobi.co.jp/tokai/deli/shop/5376/girl/1268191/?aid=ad_001,http://okinilove.com/blog-entry-2485.html#tanba,評価 ★★★☆☆ →記事リンク,"先輩方の情報にはいつもお世話になっておりますので、選択の一助になればと思い投稿します。

初対面でも話しやすく、一人でもしゃべっているので、会話が得意でない方でも接しやすいかと思います。

以前より胸が大きくなったとの事ですが、本人曰く、全体的に太ったようで、お腹周りはポッコリしています。ふくよかな方がタイプな人にはおススメかと。

内容は先人のレポにもあるように、SP0.5、超SP1との事。これは毎回かかるようです。プレイ中の反応はあまりなし。

毎回コストがかかるのと、次回出勤予定を聞いても休みになっていた点から、ご縁は無かったかな。

他店への移籍を考えているとの事だったので、一度行ってみようと思っている方はお早めに。",https://www.cityheaven.net/aichi/A2301/A230105/love_coco/girlid-56058580/,https://www.cityheaven.net/aichi/A2301/A230105/love_coco/girlid-56058580
ラブココ,咲野くるみ,https://www.yoasobi.co.jp/tokai/deli/shop/5376/girl/1269817/?aid=ad_001,http://okinilove.com/blog-entry-2707.html#onani,最高評価 ★★★★☆ →記事リンク,"身体はすっごくエロいしみんな大好き安心フィルターいらない子です。
しかもお布施なしで20の子でその過剰サービスは体験すべし。

ただし、昼職が安定したら辞めるとの事なので推しは推せる時に推せって言ったから。

顔はパーツだけ見たら整ってるけど、まだまだこの子は化けれると思います。

日記とかもがんばってるし今後に期待です。テクニシャンではないので皆さんで育てましょ",https://www.cityheaven.net/aichi/A2301/A230105/love_coco/girlid-56368008/,https://www.cityheaven.net/aichi/A2301/A230105/love_coco/girlid-56368008
ラブココ,杉浦かれん,https://www.yoasobi.co.jp/tokai/deli/shop/5376/girl/1271042/?aid=ad_001,http://okinilove.com/blog-entry-2881.html#tadanoo,評価 ★★★★☆ →記事リンク,"お気にが急遽おやすみ

では、本日は大人しくしてようかとしましたが、人間出来ていないので欲望のまま、以前より気になってたかれんちゃんをご指名。

笑顔が可愛い雰囲気、パネルの雰囲気は間違ってないです。
少し年齢は行ってる感じですが、まだ20代と信じる次第。

プレーは先人が記載通り、初回、通行方法によりお値段設定されております。
私はビールも生なので、お高い方を選択。

で、私は先人達の狭い、気持ちよかーなどの感想はあまり信じないのですが、その通りで、先人達は偉大であったと、少し反省。

幕なし状態でのプレーは過去3番目ぐらいに入る感じの良さでした。

暫く通います⁉️",https://www.cityheaven.net/aichi/A2301/A230105/love_coco/girlid-56560037/,https://www.cityheaven.net/aichi/A2301/A230105/love_coco/girlid-56560037
ラブココ,一ノ瀬もか,https://www.yoasobi.co.jp/tokai/deli/shop/5376/girl/1273855/?aid=ad_001,http://okinilove.com/blog-entry-2881.html#nakaji,評価 ★★★☆☆ →記事リンク,"情報ないながら、予約がたくさん入っていたのと、口開け予約できたので凸。

顔はブサカワな感じ。期待はＮＧだが、笑顔は多めかな。

スタイルはとても良い。細くてパイはちゃんとお椀、首も、大きすぎずいい感じにピンとしている。足も長く、お尻もプリン。

おしゃれで、下 着も可愛く、スタイルも相まって、下 着姿が魅力的。
あそこはパイパン無味無臭、クンニすると少しジョリを感じる。

お話はちゃんと普通に話せる。
シャワー、プレイ共に普通、普通としか言いようがない。

DKも、それなりなのだが、舌は出てこず、途中でなんか中断される感じ。。テク不足かもしれないが、攻めた時の反応も少しずつ声は漏れるが、それほどではなく特別楽しくはない。

スタイル以外特筆するものなく、特別悪くもなく良くもない。
すまたは手サポありのまんずり禁止。

なぜあんなに予約が入っていたのか迷宮入り。",https://www.cityheaven.net/aichi/A2301/A230105/love_coco/girlid-57208279/,https://www.cityheaven.net/aichi/A2301/A230105/love_coco/girlid-57208279
ラブココ,夏目けい,https://www1.yoasobi.co.jp/tokai/deli/shop/5376/girl/1239845/?aid=ad_001,http://okinilove.com/blog-entry-2607.html#tokumeik3,評価 ★★★★☆ →記事リンク,"管理人さま♡こんにちは〜

なんかどこのお店もヒマそーですね。
そんな中で完売している子を見つけたので、いつものように凸して来ました笑
聞いたら在籍してもうすぐ1年みたい💦

こんにちは〜♪ 明るい感じで登場されます、
ただ顔つきはちょい堅い感じ^_^

少し話してシャワータイム♡
脱いだら割とグラマラスなスタイル(//∇//)
お顔は非公開の子ですが、まー普通かな、

シャワー浴びて始まります♪
ベッドに入るとスイッチ入る子、、
なんかニコニコ楽しそー😚

キス💋も積極的にベロを絡めて来ます、
下を触るとややしっとり、濡れてるよって言ったらお風呂に入ったからだよっ、、って♡

乳首は触られ過ぎて痛いらしいので優しく、全体的にソフトなのが好きみたいです(〃ω〃)

ただあんまり反応は無い、、ラブココあるあるのリアルな感じ、クンニして、おま◯こは、小さいながらフォルムがしっかりしてて舐めやすいタイプ(//∇//)

クンニで少し仕上がって来て中指挿入して舐め続けると、声が大きくなって、、あー、あっ、、っ、て、あーーーって逝きます♡

よっしゃ、よっしゃ、ってM字開脚さして、
愚息をスリスリスリスリ、んっ？、、ってあてがって、
ゆっくりイ〇サート、、なんか、うれしそー♡
もーな◯で挿〇って、、る、、ゴ〇、、ん、、って、ピ〇トン開始🚀 アンアンアン

なんか、めっちゃ気持ち良さげでち◯こ好き？❤️
2回戦、フェラして貰って、めちゃきもちいいー
うんまーい、って、係長のダメ愚息がぴんっぴんっなんでまた◯挿〇♡、

ち◯こぬるぬるでま◯こもぬゅる、ぬゅるなんでただただ気持ちいいっす(//∇//)

うんわぁー、サイコーです♡
セ⚪︎クスって気持ちよいですなぁー😁",https://www.cityheaven.net/aichi/A2301/A230105/love_coco/girlid-51223285/,https://www.cityheaven.net/aichi/A2301/A230105/love_coco/girlid-51223285
ヴィーナス,ナツ,http://www.yoasobi.co.jp/mb/st_item.cfm?ii=459884&aid=ad_001,http://okinilove.com/blog-entry-681.html#kimura,最高評価 ★★★★★ →記事リンク,"岐阜市と名古屋市を比べれば、名古屋が勝（まさ）っているところが圧倒的に多いですが、岐阜が名古屋に勝っている誇るべきものが金津園です。

大人の男にとってはレゴランドより、金津園の方が夢のテーマパークです。
となれば、一つ一つのお店がアトラクションということになります。
ますますぴったりの気がしますね。

さて、この「ヴィーナス」ですが、HPにある女の子のプロフィールで可能なプレイが分かります。

この日プレイした嬢はソープで可能なプレイのフルコースOKでした。

部屋に入ってから、するする服を脱がせてくれて、即◯です。

嬢のお口の粘膜と、舌の動きをダイレクトにイチモツに感じて、亀頭から透明な液が出るのが分かります。

嬢をベッドに組み伏せ、クリを念入りにチョロチョロ、ベロベロ舐めあげると嬢が腰をあげより秘所を密着させようとします。

N◯がＯＫの嬢なので、お互い気持ちと体が万全のところで合◯しました。

いくつかの体位を味わって、正常位でフィニッシュしました。

さらにマットプレイは4ＤＸのアトラクション以上に五感を刺激され、またもや性の高みに登りつめました。",https://www.cityheaven.net/gifu/A2101/A210101/venus/girlid-1214366/,https://www.cityheaven.net/gifu/A2101/A210101/venus/girlid-1214366
ヴィーナス,サツキ,http://www.yoasobi.co.jp/mb/st_item.cfm?ii=743439&aid=ad_001,http://okinilove.com/blog-entry-681.html#asajya,最高評価 ★★★★★ →記事リンク,"今年も風俗経験浅い私ですけど管理人様の為、利用者様のお役に立ててれば幸いですm(__)m

今回は金津園に人生初上陸致しました( ´∀｀)
名古屋のソープで気になってる人と予定が合わなかったので、決断しました。

店名はヴィーナス。お相手は『サツキ』さん。

お店のHPでもよく見かける看板娘さんで前から気になっていたお嬢さん。
前日に予約を取ってのお相手であります。

一時間前に店に確認の電話をすると『入店出来次第お相手出来ますよ』とのこと。
早めに岐阜に着いていたので、待つと緊張するので有り難かったです( ´∀｀)

お店に到着すると店員は玄関から丁寧に案内してくれました(^_^)

案内されて直ぐにご対面(^.^)
三つ指をつけて挨拶されるのも初めてな私( ´∀｀)

対面した印象は少し身長が低めで、プロフィール写真に比べるとロリ顔な印象です(なので『写真より良い』というのはあくまでも個人的な意見です。)

親しみやすい感じで、有名人で言うと平岩紙さんに似てるなと個人的に思いました。
そして何より着ているワンピースからも伝わる巨乳(*´ω｀*)

お部屋は少し古風な感じでしたが、特に気にはなりませんでした。

話しをしながら私の脱衣をアシスト。
名古屋のソープだと基本的にセルフ脱衣なので恐縮しきりでしたf(^ー^;

サツキちゃんもワンピースを脱いで、そして〇着姿の状態から・・・脱がない！というのも話が盛り上がって脱ぐタイミングを失ってた感じですねf(^_^)

私も嬢との会話は好きなタイプなので良いのですが、サツキちゃんは基本的にプレイ以外では積極的に話をするので、会話が苦手な人には合わないかもしれませんね。

話に一区切り付いたところで私に背中を向けます。
私『・・・あ！ブラですか？』
サツキちゃん『あ、はい』
ブラのホックを外す私。

金津園のソープではこれが普通なのかな？
初めて過ぎてグダグダな私f(^_^)

そしてブラを外して再び私の方に振り返ると、露になったサツキちゃんのおっぱい(^w^)

プロフィールで見た通り大きくて張りがあり、乳輪も程よい大きさのピンク色でコリコリとした乳首。
いい。ひじょーに良い(*´ω｀*)

体型は少しムチっとした感じですが、決して太ってはいません。
肌もスベスベして触れただけで息子が銀銀です(*´ω｀*)

サツキちゃん自身は『人生いち太ってる』『肌が乾燥しやすい』と言ってましたが、そんな雰囲気は微塵も感じない素晴らしいボディです( ´∀｀)

ハグしながら舌を絡ませてキス。
お互いに唇から首筋。乳首をペロペロ（´ 3｀)

その後ベッドに私が仰向けになってサツキちゃんが跨がる形でキス。そしてフェラ(*´ω｀*)
さらにおっぱいを私の体に擦り付けながら腰を振っていたのですが。

『あれ？チ○ポがサツキちゃんのマ○コに入ってない？』

そう思って大変マヌケな私は
私「入ってるけど大丈夫？」
サツキちゃん「(コクリと頷く)」

これがいわゆる即々というやつか。
しかもゴム無し( ´∀｀)
名古屋では味わえない快楽(*´ω｀*)

次第に息が荒れるサツキちゃん。
粗チンな私でも直ぐにイキそうになってしまうほど締まりのいいサツキちゃんのおマ○コ。

更にマヌケなイキそうな私は
私「中(出ちゃうけど)・・大丈夫？？」
サツキちゃん「大丈夫」

腰を振ってから一分あるかないかで発射！
き、気持ちいい(*´ω｀*)

その後、飲み物は何が欲しいと言われて渡されたメニュー表。
アイスにホットと、なかなか豊富なメニューに感心しながらお水を頂く私。

そして再びお話しをお風呂場に移動。

先に湯船に浸かりながら私の体を洗うための準備をするサツキちゃん。
濡れた体は彼女素晴らしいボディをより際立たせます(*´ω｀*)

体を洗って貰い、歯磨きをしてマットへ。

巨乳+マット+ローションの組み合わせはやはり犯罪並みに気持ちいい(*´ω｀*)
私のアナルまで舐めて貰いました。

特に私の足の裏をサツキちゃんのおっぱいに擦り付けた時の乳首のコリコリ感は格別です( ´∀｀)

仰向けになって私の息子が再びサツキちゃんの暖かい神秘の穴に入り込む(／。＼)
もう早漏かよ！と思うぐらいに速攻で二発目を発射！！

そして会話をしながら体を流してもらい、タオルで体を拭いてもらい、服を着るのをアシストしてもらってお別れのキス（´ 3｀)

もう彼女は百点満点(^^)d

そして私は零点(*_*)

というのも初めての金津園で流れが全く分からずに彼女に任せきりで、挿入してからも騎乗位で彼女に腰を振らせてばかりの完全にマグロ状態(／。＼)

次はもう少し私のやりたいと思うことを相談しながらやって、色々な体勢で彼女に楽をさせてあげたいなと思いました(￣ー￣)
あと、コスプレの種類も色々とあるようなので、それも楽しみになりました( ´∀｀)

何はともあれ、彼女のお陰で素晴らしい金津園で初体験が出来ました( ´∀｀)

追伸
お店のHPなどで『究極のマゾヒスト』という売り文句が書いていますが。サツキちゃん曰く、あれは入店の際に未経験で右も左も全くわからない状態だったので、そういう売り文句にして相手に任せる形にした方が都合が良いとのことでしたことが現在に続いてしまってるそうです(￣ー￣)

なのであまり来ることはないようですが、たまにSプレイをしようとしたりする人(特に印象に残ったのは、ジェラルミンケースにSMグッズを沢山持ってきた人)も来て丁重に過激なプレイはお断りしたこともあったようです(゜ロ゜;

なのでもし店のHPを見て、私の口コミを見られましたら言いたいのですが。彼女は基本的にノーマルな人です。

人柄もサービスも素晴らしいですが、出来ることは基本的にHPに書かれていることだけです。
そういうコンセプトのお店ならともかく。無茶なことを言ってもお互いが嫌な思いをするだけですし、絶対にやめましょう！",https://www.cityheaven.net/gifu/A2101/A210101/venus/girlid-8366676/,https://www.cityheaven.net/gifu/A2101/A210101/venus/girlid-8366676
ヴィーナス,ユリカ,http://www.yoasobi.co.jp/mb/st_item.cfm?ii=984446&aid=ad_001,http://okinilove.com/blog-entry-681.html#syodan,評価 ★★★★★ →記事リンク,"前回、店員さんのお薦めの姫を指名。その子を先日リピートしました。
成熟＆妖艶って感じで、絡み付くような感じの、まさに泡姫。

部屋に入ると挨拶もほどほどに、耳元に甘い囁きを吹きかけながら全裸＆即〇。

しかもＦカップでパイズリしながらです。上手いんですよ、これが。
で、そのままベッドで〇即ということで正〇位で激しく発射。

そしてお風呂に入ると、パイズリ＆潜望鏡などでご奉仕三昧。

前回もですが、今回の前半もやられっぱなしだったので、風呂でアソコに指を入れて立たせピストンしまくったら絶叫をあげてイってくれました。
「すごく気持ちいよかった」のお言葉までいただきましたよ。

そしてまたベッドに戻って二度目は騎〇位でフィニッシュでした。

彼女の気持ち程度の肉付きの良い体が好きです。
がっつり王道泡遊びをしたい人にはオススメです。",https://www.cityheaven.net/gifu/A2101/A210101/venus/girlid-19869827/,https://www.cityheaven.net/gifu/A2101/A210101/venus/girlid-19869827
ヴィーナス,ノリカ,https://www.yoasobi.co.jp/tokai/fuzoku/shop/3165/girl/1069561/?aid=ad_001,http://okinilove.com/blog-entry-681.html#akohime,最高評価 ★★★★★ →記事リンク,"以前より、こちらのサイトで諸先輩方の体験談を拝見しておりましたが、今回は私の数少ない風俗経験の中でも特に記憶に残っているので思い切って書き込もうと思います。長ったらしく詰まらないものになると思いますが、ぜひ御一読ください。

私がノリカさんにお会いしたのはゴールデンウィークの最終日。職場の都合で9連休となり、仕事への喝を入れるために行きました。

以前からノリカさんの予約を狙っていたのですが、当日の電話では既に埋まってしまっており、泣く泣く諦めていましたが、今回は2日前に予約のお電話をしました。何度かかけ直すとようやく繋がり、無事枠を確保。

7日の14時からで、前から狙っていたこともあって、思い切って2時間の予約です。

店員さんは非常に丁寧な対応で、安心しました。
当日、1時間前に確認の電話をするように言われ、快諾。その段階ではコスプレをお願いしませんでしたが、前日の夜、ノリカさんのプロフィールを見ていてやはりコスプレは欲しいと思いたち、21時頃にお店にお電話。マイクロビキニをお願いしました（夜分に失礼しましたm(*_ _)m）。

前日の夜は緊張と興奮で寝付けなかったですが、寝不足で勃たないなどノリカさんに失礼ですので、頑張りました。

当日は余裕を持って起床。
電車で向かうので乗り換えの待ち時間で確認のお電話。問題なく出勤されているとのことで、まだ時間はあるのに心臓はバクバク言ってました。

刈谷から新快速に乗り、予定通り岐阜駅に到着。歩いてお店まで向かいます。
VENUSには1度来店しているので、場所は覚えていました。

お店の前で初老の男性に予約の旨と名前を告げ、入店。待合室でお茶を飲みながら数分待つと、直ぐに呼ばれました。

待ちに待ったノリカさんとご対面！一目見て、感動しました。
ヘブンネットのお写真とまんま同じ人が、どエロいマイクロビキニに身を包んで待っていました！！

失礼な話、風俗店ですのである程度のパネマジがあると思っていたのですが、いい意味で裏切られました。写真と同じ色気のあるお顔、スレンダーでありながら形の分かる綺麗なお胸。脚線美も美しく、まさに百満点でした。

これから2時間、この極上の美女と過ごせると思うと、ムスコが俄然ヤル気になり、ジーンズ股間部を押し上げていました。

恋人繋ぎでお部屋まで案内され、中に入ると以前入った方とは違う点が幾つか。まず何より、お部屋が広い。広い洗い場にはマットやチェアなどが置かれており、流石は人気嬢だと思いました。

ベッドに案内され、荷物を渡して座ります。
ノリカさんから挨拶を受け、雑談もそこそこにフルアシストで脱衣します。その間もノリカさんとのお話は止まらず、これから致すはずなのに明るい雰囲気に。お話するのは楽しいので私としてはこれでも満足です。

お喋りなノリカさんですが、プレイに入ると別人のように色気のある雰囲気を醸し出します。Ｄキスに始まり、上半身を優しく撫でられ、敏感な私は過敏に反応してしまいます。もちろん愚息もタオルの下でビンビンに。

恥ずかしい話ですが、私はＭ気質ですので、ノリカさんにお願いしてＳ気質の年上彼女に責められるシチュエーションプレイを行います。エロいマイクロビキニを着たドS痴女彼女耳元で囁かれたり、爪で優しく乳首をカリカリされるだけでイキそうに。

もちろん即プレイですので極上フェラも堪能。玉袋もサワサワされますが、我慢して今度は攻守交替。

ノリカさんを優しく押し倒し、ビキニの上からおっぱいを揉みます。技術も何も無いですが、ノリカさんが艶めかしい声を上げるので勃起が収まりません。

そのまま蕾などを舐めて吸い、続いてボトムを脱がします。サイドの紐を解き、足から抜き取ると綺麗なアソコが御出迎えです。たまらずクンニし、指も入れて優しく掻き混ぜるとどんどん濡れてきて、こちらも大興奮。早くも挿入段階へ。

正常位で挿入しますが、ここで1つの誤算が。余りにも気持ちよすぎで直ぐに発射してしまいました。当時は予約する前から自家発電の時間がなく、5日ぶりの刺激でしたので、我慢出来ませんでした。

溜め込んでいた分を出し切ろうと何度も愚息をビクビクさせていると、ノリカさん自ら腰を動かして搾り取る動きをされました。余りの気持ちよさで可笑しくなりそうでした。

出し切った後ゆっくり抜くと、溢れ出す大量の白濁液。どエロい。さらにノリカさん、抜いたばかりの愚息を咥え、お決まりのお掃除フェラ。気持ちよすぎてちょっぴり出してしまいました///

余りにも早かったのですが、ノリカさんのトークスキルで笑い話に昇華。談笑しながら洗い場に誘われ、全身を使った奉仕を受け、湯船に浸かります。ノリカさんも入ってきて、私を後ろから抱き締めてきます。

どうやら最初の設定を忘れていないようで、湯船で談笑しながら、時折指が身体の至る所を撫で、爪で刺激されるなど、常に興奮を維持されました。

その後は初めてのチェアを体験。何とも言えない未知の感覚でしたが、これこそノリカさんがなせる技。発射には至りませんでしたが、その後はマットで2回戦。騎乗位で無事発射。ここでも凄テクを体感し、最高の一時でした。

その後は身体を洗い、ベッドに座って時間まで談笑していました。
お互いにiQOSを吸っていることもあって、話題はそちらの方へ。

ここでもノリカさんのトークスキルを実感し、時間になったので退室。
上がり部屋までいらっしゃったノリカさんと最後のＤキスをし、また会うことを約束して帰路に着きました。

念願叶ってノリカさんにお会いし、最高の一時を過ごすことが出来ました。近々お給料日なので、またノリカさんにお会いしたいなと思います。ノリカさんは二輪車もOKらしいので、何時か二輪車にも挑戦してみたいと思います。

長々と語ってしまってすみませんでしたm(_ _)m
他の方の参考になればと思います。ありがとうございました。",https://www.cityheaven.net/gifu/A2101/A210101/venus/girlid-27258204/,https://www.cityheaven.net/gifu/A2101/A210101/venus/girlid-27258204
ヴィーナス,ユキ,https://www.yoasobi.co.jp/tokai/fuzoku/shop/3165/girl/1178747/?aid=ad_001,http://okinilove.com/blog-entry-681.html#feifei,最高評価 ★★★★★ →記事リンク,"いつも楽しく拝見しております。

【予約時】
数ヶ月前の訪問になります。
以前から気になっていた女の子です。

なぜかというと顔出しをしていないのに常に完売、日記を見ると他とは一線を画すかのような丁寧で知的な文章、エロい写メは一切無し、とにかく謎に包まれている存在だったからです。

他サイトでは桜井日奈子に似ているという書き込みもあり、私の好みドンピシャでした。

何度か電話をしましたが予約いっぱいですと断られる始末😅
友人に話すとそれはダミーで存在しない子だよと忠告を受けました。しかし粘りに粘ってなんとか予約を取れました。
その時の感動は宝くじに当たったかのような信じられない感覚でした。

【当日】
事前に店員さんからは、ユキちゃんは当欠も遅刻も一切しない子だと聞いていたので当日は安心して行くことができました。
予定よりも少し早く案内をされました。

【ご対面】
緊張もあり、慌ててカーテンの向こうへ行くと、真っ白なワンピースを着た可愛いユキちゃんが立っていました。
パッチリとした綺麗な瞳、艶のある黒髪、若さを感じる張りのある頬と胸、引き締まったウエスト、真っ白で透き通った肌。

桜井日奈子、いやそれ以上に可愛くて天国へ来たかのようでした。小さくて可愛らしい手を伸ばされてノックダウン寸前でした。人気なのも納得です。

私も緊張していましたが彼女の方もかなり緊張していたようで、顔は引きつっていてぎこちなくお部屋に案内をされました。
会話を始めるとおっとりとした口調だけど真っ直ぐで芯のある素敵な女の子だということがわかり、ますますファンになりました。
120分の終盤でようやく笑顔を見せてくれるようになりました。

【追記】
ここまで書いて振り返ると、喋って120分は地雷なんじゃないかと思われるかもしれませんが、今までの彼女やお店での経験の中で一番緊張しましたし癒やされました。

顔はもちろんですが声と話し方と雰囲気が最高です。学生時代に好きな子と話すだけでドキドキしていたあの感情を思い出します。時間をかけて距離を縮めるのも恋愛育成ゲームのようで楽しいです。

あまりにも目をそらすので聞いてみたら、人見知りだから新規の人は苦手だと話していて納得しました。
少し心配になる発言ですが、彼女はほとんどの予約をリピーターで埋めてしまうので、今後も新規を取ることは少ないと思います。

今回は120分を取りましたが話が楽しくて全然足りませんでした。
次回は長い時間を取って（取れるかわかりませんが）ユキちゃんの魅力を堪能しようと思います。

長々と書いてしまいすみません。
ありがとうございました。",https://www.cityheaven.net/gifu/A2101/A210101/venus/girlid-41531297/,https://www.cityheaven.net/gifu/A2101/A210101/venus/girlid-41531297
ヴィーナス,イオリ,https://www.yoasobi.co.jp/tokai/fuzoku/shop/3165/girl/1202327/?aid=ad_001,http://okinilove.com/blog-entry-681.html#okiku,評価 ★★★★☆ →記事リンク,"顔はキレイでハーフ顔です。

時間いっぱいご奉仕してくれました。
オッパイは小さめですが、プレイ内容は大満足！！

細身が好きな人はいいと思います。
リピはありかな(*^^*)",https://www.cityheaven.net/gifu/A2101/A210101/venus/girlid-45198373/,https://www.cityheaven.net/gifu/A2101/A210101/venus/girlid-45198373
ヴィーナス,ユア,https://www.yoasobi.co.jp/tokai/fuzoku/shop/3165/girl/1221736/?aid=ad_001,http://okinilove.com/blog-entry-681.html#sii,評価 ★★★★★ →記事リンク,"前回遊んだお仕事系のお店で味わうことができなかった。

若い子には出せない色艶
本気の職人プレー

スレンダーです。
いつまでも触っていてくれます
こちらが心配になるぐらい舐めていてくれます。

締りもプレーに合わせて自由自在。

お店の古さは隠せないが
この子がいるのであれば
また行きます。",https://www.cityheaven.net/gifu/A2101/A210101/venus/girlid-48082721/,https://www.cityheaven.net/gifu/A2101/A210101/venus/girlid-48082721
ヴィーナス,ユウカ,https://www.yoasobi.co.jp/tokai/fuzoku/shop/3165/girl/1242313/?aid=ad_001,http://okinilove.com/blog-entry-2622.html#fuyu,評価 ★★★★★ →記事リンク,レア出勤でも予約可能,https://www.cityheaven.net/gifu/A2101/A210101/venus/girlid-51664656/,https://www.cityheaven.net/gifu/A2101/A210101/venus/girlid-51664656
ヴィーナス,マオ,https://www.yoasobi.co.jp/tokai/fuzoku/shop/3165/girl/1263088/?aid=ad_001,http://okinilove.com/blog-entry-2622.html#ryu,評価 ★★★★★ →記事リンク,"実年齢は30代半ばでしたが20代半ばに見えます。

スタイル抜群、お尻プリプリ、顔も幼い系で非常に可愛かったですね。

写メ日記の画像より実物の方が圧倒的に可愛いです。
お掃除フェラで潮吹きもさせてくれました。
リピート有りの子でした。",https://www.cityheaven.net/gifu/A2101/A210101/venus/girlid-55283498/,https://www.cityheaven.net/gifu/A2101/A210101/venus/girlid-55283498
ヴィーナス,シオリ,https://www.yoasobi.co.jp/tokai/fuzoku/shop/3165/girl/1286171/?aid=ad_001,http://okinilove.com/blog-entry-2622.html#kinniku,評価 ★★★☆☆ →記事リンク,"バスト表記120超えなのわかってて潜入

期待通りのウエストも着ぐるみなのデカさ、言うならばバン！！バン！バン！！
舐めるのはうまい",https://www.cityheaven.net/gifu/A2101/A210101/venus/girlid-49377864/,https://www.cityheaven.net/gifu/A2101/A210101/venus/girlid-49377864
ニュー令女,りあ,https://www.cityheaven.net/aichi/A2301/A230101/newreijo/girlid-50554655/,http://okinilove.com/blog-entry-2405.html#ano,最高評価 ★★★★★ →記事リンク,"今まで全国色々なソープ系のお店を巡ってきましたが大阪の某新地やすすきのの女の子中洲の博多美人などと比べてもプチッ切りで可愛いです。

なぜソープで働いているのか分からないレベルです。テレビとかに出ても売れるビジュアルをしています。

顔は本人プロフィールにある通り笑った顔は川口春奈に似てますが普段の顔は森香澄に似ています。

スタイルはかなりよく胸は大きいがお腹は出ていない男子の理想とする体型をしています。

プレイもテクニックはそこまでですが濃厚なディープキスを何度もしてくれます恋人ととの濃厚なプレイといった感じのプレイをさせてくれます。

一番特質すべき特徴は愛嬌だと思います。

時間内は常に明るく振る舞ってくれるのでプレイ以外でも元気を貰えるような非常によい女の子だと思います。
ニュー令女でトップレベルに予約を取りづらいので前日予約必須です。",https://www.cityheaven.net/aichi/A2301/A230101/newreijo/girlid-50554655/,https://www.cityheaven.net/aichi/A2301/A230101/newreijo/girlid-50554655
ニュー令女,あゆ,https://www.cityheaven.net/aichi/A2301/A230113/newreijo/girlid-31663772/,http://okinilove.com/blog-entry-809.html#opai,評価 ★★★★☆ →記事リンク,"ご無沙汰しております。
コロナで自粛をしている人も多いかと思いますが、私の場合は体調が悪くてもムスコが背伸びをする毎日でございますf(^_^)

そんな中で先日、久々に名古屋のソープ ニュー令女へ行って来ました。

ニュー令女はお気に入りでしたあいちゃんが卒業(現在在籍してるのは名前は一緒ですが別人)でしたので、名古屋のソープにまたお気に入りを見つけたく参戦(*´ω｀*)

選んだのはGカップの巨乳で、ギャル系のあゆちゃん。

最近入った新人嬢ですが、口コミで人気だったので善は急げと予約作業へ。
口コミですと予約を取るのも難儀している方々が多いと聞きましたので、お相手するのは長期戦覚悟で前日予約の電話。

嬢によっては当日予約しか受け付けない人もいるのでそれも心配でしたが、前日予約OK。さらに「13時以降ならいつでも良いですよ♪」とのこと。
嬉しかったのですが、あまりにもトントン拍子に話が進んでしまったので面を食らってしまいましたf(^_^)

あとで話を聞くと、あゆちゃんが以前に急遽休みを貰ったときに一時的に当日予約のみでしたが、私が電話したときには前日予約が解禁していたそうです。因みに当日は出勤時間と同時に完売していました。
私はかなり幸運でした(^^)

当日は13時に予約して予定通りに案内されました。

会ったときの印象はギャル系ではありましたが、パネル写真よりも可愛げある感じでした(*´ω｀*)
そして色白♪

案内するときもキャピキャピと明るく話をしてくれて、自然と笑みがこぼれます(^^)

今回入ったお部屋はベッドのあるところとお風呂が完全に別の『トイレの無いビジネスホテル』みたいな部屋でしたf(^_^)
今のところあゆちゃんはマットは対応してないとのことですが、これでマットは狭いと思いました(^-^;

それはさておき。部屋に入っても笑顔の絶えないあゆちゃん。
ソーシャルディスタンスなんて知ったことではない！という距離感で私の目を見て話をしてくれます。
大阪出身らしく時折出る関西弁も良い。方言フェチな方には嬉しいかも(^^)

『(服の後ろにある)ファスナー下ろしてくれる？』と言われ、早くあゆちゃんの体を見たい私はファスナーに手を掛ける。
すると左肩の部分にお絵かき発見。

英語の文字で何か書かれていて意味を聞くと、小さい頃に亡くなったお父様と好きな洋楽アーティストの歌詞を重ねた文字をタトゥーにしたとのこと。

若気の至りでファッションで入れたり、相手を脅かす意味で入れる刺青はダサいですが、確固たる意思を持ってやるのはカッコいいと思いますし、寧ろ好感が持てました( ´∀｀)
タトゥーが苦手な人も本当にワンポイント程度なので気にはならないレベルと思います。

私のアシストで服を脱いだあゆちゃん。
「これは写真には載せられないのよね。好きなんだけど」
そう言って見せられた下〇はスケスケ。もう、エッチな子(*´ω｀*)

「いま脱毛中なんだ」という通り、完全なパイパンでは無いですが、チクチクするぐらい脱毛されていて、この口コミが掲載する頃には・・・( ´∀｀)

お風呂に案内されてもイチャイチャは変わらず。残念ながら私の時にはマットがまだ出来ない状態でした(´・ω・`)
しかしながら本人は未経験では無いので、マット解禁になる日も近いかも。

名古屋に来る前は吉原で働いてたらしく、納得のサービスです( ´∀｀)

湯船ではパイズリや、初めての潜望鏡を体験しました(*´ω｀*)
口のバキューム力はかなり強いです(^^)

お風呂からあがったら、もうイチャイチャが止まりません！
たっぷりキスした後に巨乳を舐めまして「もう！」と少し恥ずかしそうな声を出して私の顔をマシュマロおっぱいに押し付けてきましたf(^_^)
「く、くるちぃー(~Q~;)」
嬉しい悲鳴です(*´ω｀*)

おっぱい天国から顔を脱出させて吸い付き作業へ
本当に柔らかいので少し吸い付いただけなのに、おっぱいが伸びる伸びる(^^)

彼女のおっぱいはほんの少し垂れぎみですが、逆に言えば可動域も大きいので「自分のおっぱい舐めれる？」と聞くと「出来るよ♪」と言うので「一緒に舐めよ♪」と私が提案すると一緒に乳首をペロペロです(*´ω｀*)

オマ○コを舐めますようと股に顔を近づけると手で隠すあゆちゃん。
「恥ずかしい」
「なに隠してるのさ！？」
無理やり手を退かす私。ついついＳ心に火がつく私( ・ε・)

オマ○コを舐めると体をピクンピクン♪
手を入れるとキュッキュッと締まる♪
「膣トレしてるから自由自在だよ( ´∀｀)」とのこと。
ムスコに自信がない人にも安心な設計( ・∇・)

ゴムをあゆちゃんの口でアシストされて装着。ムスコを入れるとすぐに果てました(*´ω｀*)

その後は軽く話しながら少しイチャイチャして過ごしました( ´∀｀)

ものすごくプロ意識の高い嬢の一方で、明るくて楽しくエッチな時間が過ごせます( ´∀｀)
オススメです( ´∀｀)

追伸
どうでもいいことですけど、この度「風俗経験 浅者」から「おっぱい師匠」に改名しましたm(__)m",https://www.cityheaven.net/aichi/A2301/A230113/newreijo/girlid-31663772/,https://www.cityheaven.net/aichi/A2301/A230113/newreijo/girlid-31663772
ニュー令女,ひろ,https://www.cityheaven.net/aichi/A2301/A230113/newreijo/girlid-32624421/,http://okinilove.com/blog-entry-2405.html#satomegu,評価 ★★★★☆ →記事リンク,"別サイトで美人だよーってあったのでひろさんに80分で入ってみました。
自分的にはリピしたいかなーっていう感じです。

よかったところ
1. 部屋に入ってから会話しつつもめっちゃテキパキしていて、時間いっぱい楽しめる
2. 反応/感度がいい
3. フェラと手コキがうまい
4. スタイルいい（スレンダーなかんじ）
5. お話も上手

他の人の話とちがうかもっておもったところ
1. いうほど美人ってわけではないような？ どちらかというと、ふつうなかんじでナチュラルメイク+ちょっとアイライン引いているよねっていうかんじ。

お風呂、ベッドでせめてもらう、騎乗位、休憩、ベッドでせめる、正常位、バック、正常位、お風呂って感じのながれでたくさんたのしみました。

ずっとお話がたえないし、すごく聞いてくれるのも上手で、明るかったのでうれしかったです。またスタイルもよかったし、反応もいいので興奮できました。

アイコス吸っているので嫌な人はさけるといいかもです。",https://www.cityheaven.net/aichi/A2301/A230113/newreijo/girlid-32624421/,https://www.cityheaven.net/aichi/A2301/A230113/newreijo/girlid-32624421
ニュー令女,あかり,https://www.cityheaven.net/aichi/A2301/A230113/newreijo/girlid-35269659/,http://okinilove.com/blog-entry-809.html#takanori3,評価 ★★★★☆ →記事リンク,"お世話になります。時間が空いたので速攻風俗へ！

今日はソープと決めてヘブンを検索。あてにならないと分かりつつも、即姫が多かったニュー令女へ。
前回はヒットだっただけに今日も期待したいところ、期待し過ぎはダメだと思いつつ。フリーで凸。

前回入った子が出勤してたので、空いてればその子にしようと思ったが空いておらず、パネル3枚のうち表記が一番若いあかりさんを指名。

顔は小動物系の可愛らしい感じ。好みはあると思いますが、ブスでは無いと思います☆

プレイはマットNGのためベッドのみ。特筆すべきことが特に無く、無難に終わった感じです。
唯一、アソコの締まりが緩めに感じたところが☆一つマイナスな点かと。

迷った時に選べば失敗しない、そんな子でした！",https://www.cityheaven.net/aichi/A2301/A230113/newreijo/girlid-35269659/,https://www.cityheaven.net/aichi/A2301/A230113/newreijo/girlid-35269659
ニュー令女,まひろ,https://www.cityheaven.net/aichi/A2301/A230113/newreijo/girlid-37941262/,http://okinilove.com/blog-entry-809.html#takanori4,評価 ★★★☆☆ →記事リンク,"お世話になります。

ムラムラし過ぎて予定になく突然行きました。。
パネルは3枚。美形そうなまひろさんを選択。

SKEの須田亜香里に似ている。写真とはイメージが違い、性格はあっけらかんとしたサバサバ系。

マットが好きとのことでマットのみ。全体に気持ちいいが中ではいけず。

サービスは及第点。雰囲気作りがもう一つ。相性がもう一つというところで☆3つです。",https://www.cityheaven.net/aichi/A2301/A230113/newreijo/girlid-37941262/,https://www.cityheaven.net/aichi/A2301/A230113/newreijo/girlid-37941262
ニュー令女,まり,https://www.cityheaven.net/aichi/A2301/A230113/newreijo/girlid-44356881/,http://okinilove.com/blog-entry-809.html#takanori6,評価 ★★★☆☆ →記事リンク,"お世話になります。
今日はいつもヤリたくなったら行くニュー令女さんへ凸。HPを見て良さげなまりさんを指名。

出会った第一印象は「やらかした、、」感。ギャルメイクのあのちゃんをブサイクにした感じです。
写メ日記の印象を崩した感じがイメージ通りかもしれません。

ただ、溜まっている息子はギンギンで、シャワー前から押し倒す勢いで攻めまくり、勢いでシャワーを浴びてベッドへ。
プレイは至って普通。

ムッチリ体型が抱き心地が良く、しっかり抱きつきながら昇天しました。

好みは分かれるところだと思いますが、このお店のレベル感で言えば納得できる感じもします。顔がタイプじゃ無かった点、プレイが平凡な点で星マイナス二つです。",https://www.cityheaven.net/aichi/A2301/A230113/newreijo/girlid-44356881/,https://www.cityheaven.net/aichi/A2301/A230113/newreijo/girlid-44356881
ニュー令女,ちひろ,https://www.cityheaven.net/aichi/A2301/A230113/newreijo/girlid-46748889/,http://okinilove.com/blog-entry-809.html#sumatan,評価 ★★★★☆ →記事リンク,"ここ最近仕事の疲れがあり、癒しを求めソープへ。

写メ日記でえっろいお尻を載せていたちひろさんを指名。

いざ対面！ポルノ女優のMia Malkovaのようなスタイルでした。(伝わるか？)

まずはシャワーを浴び、そしてベッドへ。
まずはキスからの小生から攻め。乳首、クリ、蜜壺を責めると中がとてもキツく締め付けられました。

攻守交代しフェラをしてもらいました。このフェラがとてつもないほど気持ちが良く、私のマグナムはビンビンに。

ちひろさんが、Lサイズのゴム入るかなあ〜と言ったので、ゴムの締め付けが痛くて萎えることが多いと伝えたら…久しぶりの出勤だからそのままで良いやとありがたいお言葉を！

そのままINすると締め付けが凄く、中で何か生き物がいるんじゃないかというほどの敏感な動きを持つオマンコで、正常位であっという間に果ててしまいました。

あまりにもフェラと中が気持ち良かったため、2回戦をお願いしたら快く受け入れてくださりました。
2回戦はフェラ→バック→正常位で果てました。

とにかくテクニックが素晴らしい
最高の方でした。",https://www.cityheaven.net/aichi/A2301/A230113/newreijo/girlid-46748889/,https://www.cityheaven.net/aichi/A2301/A230113/newreijo/girlid-46748889
愛らぶ名古屋本店,せしる,https://www.cityheaven.net/aichi/A2301/A230103/airabugakuen/girlid-42044650/,http://okinilove.com/blog-entry-1541.html#daina,"最高評価
          ★★★★★
           →記事リンク","僕らは目指した　Shangri-la
欲望は抑えきれずに…

まもなく名古屋を離れ北海道に帰るという事もあり最後に遊ぶ嬢を探していた所…なんと10代でAFOKな娘が！

しかも顔出し動画を見た感じだとめちゃくちゃかわいい！これはもう指名するしかない！という事で今回せしるちゃんを指名

しかし指名した後に他サイトの口コミを見ると良い口コミよりも悪い口コミの方が多い…
容姿の部分でも悪い口コミがあったのでどんな子が来るかとドキドキしていましたが…

なまらめんこい子が来てくれました笑
そんでもってめちゃくちゃ話しやすい
なんでも前職はキャバ嬢だったとか

はえ～、だからこんなに話しやすいんっすね～
15歳離れたオッサンでも会話を楽しませて貰いました

そしてせしるちゃんから嬉しいお誘いが…ただそこは追銭あり
だけどこんな可愛い子とあんなこと出来ると考えたら、出さなければ無作法というもの

ただ体力に自信が無かったのでAFを諦め超SPだけを選択

いざ本〇…おお…締め付けが凄い…手マンしてる時にも思ったけど指1本でもキツキツの中はめちゃくちゃ最高
（ちなみに自分は痛がるんじゃないかと心配で指1本しか入れてませんが2本でも大丈夫だそうです、人によるらしいですが）

オプションでウーマナイザーを付けていたのでそれを使った状態で再度〇れさせて貰いましたが押し出されるくらいの締め付けに！そして〇折れ！いやー、何とも情けない…orz

最後は手コキでイク寸前に再度〇れさせてもらい無事フィニッシュ
ただ時間が過ぎてるにも関わらず最後までイかせようと頑張ってくれたせしるちゃんには本当に申し訳ない事をしたと反省しております

さて、完走した感想ですが

かわいいのもそうなんですが、とにかくめちゃくちゃ良い子だなと
話が合う合わないはあるかもしれませんが最後までお客さんと一緒にエッチを楽しもうとする姿勢は誰にでも高評価を受けれる部分ではないかなと

ちなみに今回体験談投稿した理由は本人が若干気にしてたからです笑
私の口コミが本当に上がらないと笑
確かに口コミが無いのはおかしいと思えるぐらい自分はかなり良い子だと思ったのでオキニ隠しなのかなって思っちゃいました

まあ名古屋を離れる僕には関係無いので！隠さず体験談投稿します！笑

最後に、せしるちゃんと遊べるくらいに勝たせてくれた
Pダイナマイトキング
P蒼穹のファフナー
この2機種には最大限の感謝を伝えたいと思います

…最後にもう一回だけ、名古屋離れる前にせしるちゃんとダ！ダ！ダ！ダイナマーイト！したいなぁ(´；ω；｀)",https://www.cityheaven.net/aichi/A2301/A230103/airabugakuen/girlid-42044650/,https://www.cityheaven.net/aichi/A2301/A230103/airabugakuen/girlid-42044650
愛らぶ名古屋本店,ろーず,https://www.cityheaven.net/aichi/A2301/A230103/airabugakuen/girlid-42777137/,http://okinilove.com/blog-entry-1541.html#senmu,"最高評価
          ★★★★☆
           →記事リンク","管理人さん、いつもお世話になっております。よろしくお願いします。

いわゆる【学園系】、あまり良い思い出はありませんが、周年イベントの大幅割引に誘われてパネルを吟味。
その中で気になったのが、当時入店間もない【ろーず】ちゃん。

推奨ホテルなのに交通費1000円取られるなあ…とか、ホテル公式料金が3300円の休憩料金で5000円取られるなあ…とか、まあそういうところでチャリンチャリンする店です。ラ○ココさん見習って欲しいわ。

ろーずちゃんはバチクソ可愛く、ノリも良く、まだ日も浅いのにエロに前向き…素晴らしい。将来が楽しみ。",https://www.cityheaven.net/aichi/A2301/A230103/airabugakuen/girlid-42777137/,https://www.cityheaven.net/aichi/A2301/A230103/airabugakuen/girlid-42777137
愛らぶ名古屋本店,じゅりあ,https://www.cityheaven.net/aichi/A2301/A230103/airabugakuen/girlid-44293360/,http://okinilove.com/blog-entry-1541.html#saisyo,"評価
          ★★★★★
         →記事リンク","ずっと気になってたじゅりあちゃんに潜入完了q(^-^q)

はっきりいって最高潮！！
ながぁぁぁい風俗歴で過去１更新!!!

玄関から入って来た瞬間に可愛くてエロい笑顔が炸裂！！

緊張するといいながら上目遣いで見てくるじゅりあちゃんに興奮が止まりませんでした(^^;ﾊｧﾊｧ

シャワーを浴びていざベッドイン♥️
おっぱいは柔らかく、肌ツヤは繊細でツヤツヤ♥️

フェラも上手くて、キスは濃厚、

下の方を少し触ってみるとヌルヌルヌメヌメ☆
いい声でます(^^)

そして、我慢できなくなりスマタへ
まるで入ってるような感覚‥‥‥‥あれ？

まさかの‥‥‥‥
最高かよq(^-^q)

そして、あえいでる顔が可愛すぎる。
リピ確！！",https://www.cityheaven.net/aichi/A2301/A230103/airabugakuen/girlid-44293360/,https://www.cityheaven.net/aichi/A2301/A230103/airabugakuen/girlid-44293360
愛らぶ名古屋本店,めいぷる,https://www.cityheaven.net/aichi/A2301/A230103/airabugakuen/girlid-44532412/,http://okinilove.com/blog-entry-1541.html#fuzokusuki,"最高評価
          ★★★★★
           →記事リンク","第1印象は、身長は高そうに見えて靴を脱いだ瞬間は少し小柄かなって思ったのですがそれより速攻で目が入ったのはとんでもなくでかいパイが絶大なインパクト(=´∀｀)人(´∀｀=)

写真とお店のプロフィール以上です♪♪♪
服を着てても分かる大きさなんて反則です！！！

終始笑顔だったり、時折見せるエッチな顔が最高にいい❤️

シャワーは、いちゃいちゃしながらもテキパキ洗ってもらえました！
オッパイが当たるたびムスコが反応してしまってとても恥ずかしかった(°▽°)

ベットに入ると、まずは責めてもらいムスコがさらにびんびんに(=´∀｀)人(´∀｀=)

僕は攻めるのも好きなので、攻めると、とても可愛い声の喘ぎ(*≧∀≦*)
感じてくれていておま○こもびちょ濡れでベットのシーツもびちょ濡れ(*´∀｀*)
最高のエロい雰囲気がたまりません(●´ω｀●)

オッパいはめっちゃ揉みごたえあります。張りがあり、抜群に大きいです(*´˘`*)♡

素又をお願いしながら、オッパいを揉みながら交渉するとおkだったので、そのままi〇しちゃいました！

びちょ濡れなので、ヌルっと〇りましたが、〇れる時に入口から、奥までおマンこがまとわりつく感じが、とても新鮮で、ピ〇トンしても、締め付けられてが凄すぎて恥ずかしながら、すぐにイッちゃいました💦

最高の時間でした♪♪",https://www.cityheaven.net/aichi/A2301/A230103/airabugakuen/girlid-44532412/,https://www.cityheaven.net/aichi/A2301/A230103/airabugakuen/girlid-44532412
愛らぶ名古屋本店,ゆうな,https://www.cityheaven.net/aichi/A2301/A230103/airabugakuen/girlid-48118384/,http://okinilove.com/blog-entry-2608.html#tokumei,"評価
          ★★★★☆
         →記事リンク","顔身体どちらも完全に写真通りで肌スベスベ、パネマジの心配は無用です

性格もよく撮影opにもノリノリ（自分がベッド離れてる間も自主的に撮ってた）

日記やプレイ中の本〇アピールがすごいので交渉してみると円盤がひらり、一般的な相場だが欲に負けて合◯

◯もいい感じで無事発射、総合的に素晴らしい内容だったものの総額がかなりかかるのが玉に瑕",https://www.cityheaven.net/aichi/A2301/A230103/airabugakuen/girlid-48118384/,https://www.cityheaven.net/aichi/A2301/A230103/airabugakuen/girlid-48118384
愛らぶ名古屋本店,らら,https://www.cityheaven.net/aichi/A2301/A230103/airabugakuen/girlid-48899785/,http://okinilove.com/blog-entry-2372.html#ojin,"評価
          ★★★☆☆
         →記事リンク","実物の顔は可愛いいですが、写メ日記と全く同じ娘が来ると期待はしない方が吉。あと、何か想像してたよりデカ…割とギャルっぽいです。

おしゃべりもしっかり受け答えしてて、楽しく会話はできました。

ただ、これも日記のような甘えたようなの喋り方ではなく、最近の若い娘？的な感じです。暑くないっすか？みたいな。愛想は良いです。

最初にプレイ代を払う時点で、SP希望するか聞かれ、G有、NS、NNで金額違うとの説明。

あと、AF希望してましたが、何かいろいろ理由をつけて、遠回しにAF避けたいようでした。よくよく聞いてみると、本気でAFが好きでどうしてもやりたいなら覚悟するとのこと。そこまでじゃなかったのでAFオプ取下げしました。

動画撮影をつけてましたが、撮影には協力的で、基本、こちらがしたいことは叶えてくれます。
ただAVのようなイメージプレイは嫌らしいので、これも断念しました。

他の注意点としては、日記にはえっち大好きみたいな雰囲気ですが、実際は嬢からプレイをなかなか促してきてくれないので、自分から言えない方はちょっとモヤっとするかも。

基本的にハズレではないし真面目に仕事する娘ですが、リピするかはどうかな…と感じました。",https://www.cityheaven.net/aichi/A2301/A230103/airabugakuen/girlid-48899785/,https://www.cityheaven.net/aichi/A2301/A230103/airabugakuen/girlid-48899785
愛らぶ名古屋本店,しゅな,https://www.cityheaven.net/aichi/A2301/A230103/airabugakuen/girlid-49309322/,http://okinilove.com/blog-entry-2608.html#hisyan,"評価
          ★★☆☆☆
         →記事リンク","はじめてましてでお会いしました。

きれい系・スレンダーな方で、パネルとギャップはそんなにありませんでした。

お会いする前に少しトラブル？があったのも影響してか、少しご機嫌がよろしくないのか、そういう方なのか。

シャワーを浴びてプレイに入り、自身が責める運びに。

感度はよく、徐々に声も大きくなってきたところで何回かいかれた模様。
粛々と口や手で果たしてもらい、時間を迎えました。

全体を通して悪い子ではないのだろうと思いますが、テンションが上がらなかったのは相性ですかね。

駄文失礼しました。",https://www.cityheaven.net/aichi/A2301/A230103/airabugakuen/girlid-49309322/,https://www.cityheaven.net/aichi/A2301/A230103/airabugakuen/girlid-49309322
愛らぶ名古屋本店,ビビアン,https://www.cityheaven.net/aichi/A2301/A230103/airabugakuen/girlid-49406866/,http://okinilove.com/blog-entry-2608.html#yasaoji,"評価
          ★★★☆☆
         →記事リンク","この店は1年振りの久しぶりの利用です。
ここの店は4人ほど利用していますが、2人地雷の子がいました。ほぼ良かったのでまた利用しました。

【女の子について】
画像どうりの子が来てくれました。年齢も実年齢にほぼ近く、体付きも画像どりのカップ、大人になる成長期の途中でしょうか。

【性格について】
性格は明るく、お話し好きのようで終始ずっと喋っていてコミニュケーションは取りやすかったですが、マシンガントークには驚きました。いわゆるサボる子ではないようです。

【サービスについて】
元々、箱をやっていたとの事です。フェラ、乳首攻めが得意だそうで多少期待しましたが、まだ不慣れのようで、してもらいましたが、あまり満足出来ませんでした。

追金でspなど、サービスはあるかどうか聞いてみましたが、私は全くやっていていないし、今後もやる予定は無いとの事です。やはり50代おじさん相手ではダメなのかなと思いますが、もっと若いお兄さんもしていないそうで、サービスはホントの真面目な子です。

ただ、今後この子がこのお店でやっていけれるか心配です。オマンコは、じっくり見ていないのですがパイパンではなかったですし、色、形も不明です。

結局手コキになりましたが、手コキもこの程度かと思いました。

【総合評価】
今後、リピはしたいのですが、マシンガントークが多いので考え中です。
いわゆるサボる子ではないのですが、お話し好きでキャバクラ嬢とマジメなサービスをしてみたいお客さんにお勧めします。
女の子の今後の成長に期待します。

【スタッフについて】
電話対応は、スタッフにもよりますが、丁寧な人と、感じが悪い人、後、電話の声が小さく聞き取れない人もいます。他店よりはマシです。",https://www.cityheaven.net/aichi/A2301/A230103/airabugakuen/girlid-49406866/,https://www.cityheaven.net/aichi/A2301/A230103/airabugakuen/girlid-49406866
愛らぶ名古屋本店,りのん,https://www.cityheaven.net/aichi/A2301/A230103/airabugakuen/girlid-49573359/,http://okinilove.com/blog-entry-2733.html#itan,"評価
          ★★★☆☆
         →記事リンク","愛らぶ学園さん入店後スゴい勢いで看板娘になっていったりのんちゃんに凸

先人方の知恵をお借りすべくオキニラブ内を検索するもレポ出てこず
(これは濃厚なお気に隠しのかほり…)

ということで早速電話
スタッフの方のとても丁寧な応待に好感が持てます

ホテルで待つこと20分
やって来た娘は月曜日のたわわのアイちゃん！
ビジュだけでまず感動

お互い手探りの歓談後お風呂へ
スマートにベッドまで流れていきます

こちらから攻め
上から順に降りていって美しいパ◯パンをまんべんなく愛撫

クンニが好きなようで
「そこ、好きッ」「んんっ…」とトロンとした顔がエロいのなんの

かなり濡れてきたところで攻守交代
この娘のフェラは優しいですが快感がスゴい！
しかし残念なことにすぐ終わります
(あんまり好きじゃないのかな)

重量感のある乳のパイズリをおねだりすると快く「いいよー！」をいただけました
愚息が消える奇跡を初めて目の当たりにして感動！

その後ワンチャン狙ってスマタをお願いするも
(あれ、これこのままイッちゃうくね？)
接地面＋絶妙な手捌きで息子が限界に

意を決して、合〇主張すると帽子有りで20kと…
追銭は初めての経験ですが…萎えますなァ
断ろうとしたら10kでもいいというので着帽

成城石井で結〇
⭐︎5の◯壁とホールドしにくる脚、エロい顔にあっという間に昇天！
10kの価値はあるひと時でした

私の賢者中は携帯イジイジしながらの会話
69おねだりして快くは受けてくれますがすぐアラームが鳴り、即身を翻してお風呂を促されます
まあ時間なのはわかるんですが…

可愛い顔・爆乳・テクニックどれも素晴らしいのです

人気なのも頷けるんですがどうしてももう一声…ホスピタリティに欠ける1部分がホントに惜しいなと思わざるを得ない",https://www.cityheaven.net/aichi/A2301/A230103/airabugakuen/girlid-49573359/,https://www.cityheaven.net/aichi/A2301/A230103/airabugakuen/girlid-49573359
愛らぶ名古屋本店,ひめの,https://www.cityheaven.net/aichi/A2301/A230103/airabugakuen/girlid-50108607/,http://okinilove.com/blog-entry-1541.html#haidoro3,"最高評価
          ★★★★★
           →記事リンク","管理人さんお世話になっております🙇‍♀️

今回は久しぶりにユニコーン🦄を元気にしてやるべく突撃してきました！

なんやなんや！
かわいい子がいるじゃねーか

でもまてよ？もしかしたら…
って恐る恐るお店に電話してみる…

悩んでいる子が二人いてどちらがオススメかスタッフに聞いたらひめのちゃんが断然だと！

だまされるな！
ユニコーン🦄は本当に求めているのか…

悩むこと3秒…ひめのさんで決定！
凄く対応の良いスタッフさんだったので名前を聞いてみると私でも知っている名前の方でした！

口コミにもたまに出る名前のかたなのですが信じてみました！

はい！

ご対面でいきなりユニコーン🦄がヒヒーンするじゃねーか

ちょっ！まてよ！

まだ何もしてねーぞ？
それだけの反応をしてくれるのだから変に期待をしてしまう…

そして色々済ませていざ出陣！

即昇天！

賢者タイムをしらないユニコーン🦄はさらに力み始め2回戦！ハ〇撮りも出来てこれ以上求めたら罰が当たるのではないかと思う程スーパー爽快！

もしかしたらSPは人によるかも？
僕は無賃乗車でハイドロでぴょんぴょんでした笑",https://www.cityheaven.net/aichi/A2301/A230103/airabugakuen/girlid-50108607/,https://www.cityheaven.net/aichi/A2301/A230103/airabugakuen/girlid-50108607
愛らぶ名古屋本店,ティファ,https://www.cityheaven.net/aichi/A2301/A230103/airabugakuen/girlid-51901280/,http://okinilove.com/blog-entry-1541.html#purana,"評価
          ★★★★☆
         →記事リンク","まぁ、こんなものかなぁと思います。

おっさんが若い子と出来るのは素直に嬉しいです。
しかし追加2は素直に喜べない。

もっとお金に余裕のある方はさぞ楽しいでしょう。",https://www.cityheaven.net/aichi/A2301/A230103/airabugakuen/girlid-51901280/,https://www.cityheaven.net/aichi/A2301/A230103/airabugakuen/girlid-51901280
愛らぶ名古屋本店,めぐみん,https://www.cityheaven.net/aichi/A2301/A230103/airabugakuen/girlid-53810992/,http://okinilove.com/blog-entry-2608.html#teneji,"最高評価
          ★★★★★
           →記事リンク","私はデリヘルで遊ぶとき、好みのコスチュームを事前に用意しておきます。

以前はネットで買うことが多かったのですが、最近はリサイクルショップを利用することも。

今回見つけたのはなんと赤いランドセル。
まさか、いくらなんでも、、、
と最初は思ったのですが、見れば見るほど目が離せなくなりました。

値段はと見るとたったの500円。
気がつくと、Tシャツ、デニムスカート、上履きなどと揃えてJSセットを作ってました。

プレイに付き合ってもらおうとお呼びしたのは「めぐみん」ちゃん。
最近入った新人さん(2024年9月現在)の中で一番ロリ度が高いように見えたので。

めぐみんちゃんもさすがにランドセルには驚いたようで、
「うわー、こんなの初めて！」
とテンション高め。

他に持参したJSふう半袖ニット、デニムのミニスカ、いちご柄ソックスを着用した上でランドセルを背負ってもらうと、困ったことに、というか嬉しいことに、めちゃくちゃよく似合ってるんです。まるで本物みたいに。

めぐみんちゃんの得意技はイラマチオ。

一物を嬉々として咥えてくれたのは少し拍子抜けでしたが(実はもっと嫌々な感じで咥えてほしかったので)、喉奥を攻めるにつれてウッウッとむせ、時にオエッとえずきなから、次第に涙目になってくれました。

咥えると「自然と」そうなってしまうと言うのですが、ランドセルを背負った少女が目に涙を溜め、時には頬にツーとしずくを垂らしながらご奉仕してくれる姿は尊いとしか言いようがありません。

着衣のままベッドに転がして今度は私が責めました。
スカートをめくりパンツを下げて左右に開くと…

頭の下にランドセル。
小ぶりな胸。薄い腹筋の張ったお腹。
そしてパイパンマ○コ。

脳みそが沸騰するかと思いました。
G1で了解を得て突〇。
スロットルを上げて抽送するにつれ、頭の下でランドセルが音を立てて揺れました。

ズコズコ、カタカタ
ズコズコ、カタカタ

「あのさ」と動きながら声をかけました。「さっきみたいに涙目になってくれないかな」
「え、このシチュエーションで？」
「うん、頼むよ」
めぐみんちゃんは、うーん、としばらく考えた後、ちょっと待っててね、と両手で顔を覆いました。

それ自体泣いてる仕草みたいで私はますます興奮したのですが、しばらくして両手をどけると、両目にうっすらと涙が宿っていました。

まさにいたいけなランドセル少女を変態オヤジがレ○〇している図。
AVでもエロマンガでもなく、現実にこんな世界が目の前にあるのがウソみたいでした。

ズコズコズコズコ、カタカタカタカタ
ズコズコズコズコ、カタカタカタカタ

動きは頂点に達し、ウッとうめき声が洩れて腰がとろけました。

たった500円のお買い物でこんな素晴らしい体験ができるとは！

今まで自分の性癖は制服**一択だと思っていたのですが、これでまた楽しみの幅が広がったような気がします。
というか、単に病状が悪化しただけかもしれませんが(笑)",https://www.cityheaven.net/aichi/A2301/A230103/airabugakuen/girlid-53810992/,https://www.cityheaven.net/aichi/A2301/A230103/airabugakuen/girlid-53810992
愛らぶ名古屋本店,らず,https://www.cityheaven.net/aichi/A2301/A230103/airabugakuen/girlid-56601456/,http://okinilove.com/blog-entry-2733.html#tneji,"評価
          ★★★★★
         →記事リンク","極ロリです！　ジェーシーです！

149cm, 38kg, Ｂカップ、黒髪ロングのツインテール。
まるで美少女アニメのキャラクターのよう。

そんな子が突如降臨したんです、
私が待つ名古屋のラブホの一室に。

彼女の名は「らず」ちゃん。
まだ入店後日は浅いよう（2024年12月現在）でしたが、パネルを見てピピっとくるものがあったので呼んでみました。
結果、大正解！

見た目は芦田愛菜ちゃん似とよく言われるそうです。
私は乃木坂の初代センター生駒里奈ちゃんを思い出しました。
どっちにしても超アイドルフェイス。

制服姿で街を歩いていたら軽くあたりがざわめくでしょう。

その極ロリ超アイドル系らずちゃんに好き放題させてもらいました。
まず床にしゃがませ、ツインテールを両手でつかみ上げてイラマチオ風フェラ。

顔が幼いので、スマホを近づけて撮影していると子どもが無心にキャンディーをしゃぶっているみたいに見えます。

ネクタイで両手を縛ってベッドに転がし、パンツがべちょべちょになるまでいじった後、そのパンツを口に咬ませて四つん這いにしました。

G1合意でしたが、撮影上の映えのため、むき身のまま〇っていくところを撮っていたら「外なら」と許可が出たのでそのまま進〇。出し〇れのたびにピンクの内側がめくれ上がってくるところまで動画に収めました。

2回目は正上位で。
私が加速するにつれ、らずちゃんの手が私の腕や肩をつかんできました。
私は片手をらずちゃんの頭の下に入れて顔を持ち上げ、さらに腰の動きを加速。

長いこと撮影をやっているので、こういう場合でも私のもう一方の手はらずちゃんの顔や胸や結合部をスマホ画面でしっかり捉えています。やがてらずちゃんの声が消え、中がキュンキュンと締まりました。

今回は中○しの代理品として面白い小道具を使ってみました。

それは練乳。
前に自宅でイチゴを食べているときにパジャマの上にこぼしてしまい、そのときに「似てるな」と思ったのがきっかっけでした。

チューブを絞ってマ○コの上に練乳を垂らすと、まさにたった今出された○液そのもの。

うっし、と私は内心快哉を叫んだのですが、少し計算外だったのは、らずちゃんがすっかり面白がって「すっごーい！」と大はしゃぎしたこと。

「ほら、オヤジに○出しされたんだから、放心状態になるとかしてよ」
動画を撮りながらお願いすると、
「ホーシン状態て？」
との反応。

まあ、途中で辞めてなかったら「今はL○Kの代」というのですから仕方ないのかな、、、

はい、というわけで、ロリ好きには申し分のない2024年デリ納めでした。

余談ながら付け加えると、帰りの車の中で愛用の小銭入れがなくなっているのに気づきました。
入っていたのは数百円でしたが、好みのブランドだったのでそれが悔やまれました。
ダメ元でホテルに電話してみたら何と「はい、お預かりしています」とのこと。

直ちにUターンして無事受け取ったのですが、さすがは日本、ラブホまで礼儀正しい、と感銘を受けることしきり。
ちなみに、このホテルは「ザシーン瓦町」さんです。
改めてありがとうございました。

では、管理人さん、同士の皆さん、今年も大変お世話になりました。
どうか素晴らしい2025年をお迎えください！",https://www.cityheaven.net/aichi/A2301/A230103/airabugakuen/girlid-56601456/,https://www.cityheaven.net/aichi/A2301/A230103/airabugakuen/girlid-56601456
愛らぶ名古屋本店,はるか,https://www.cityheaven.net/aichi/A2301/A230103/airabugakuen/girlid-59961551/,http://okinilove.com/blog-entry-2733.html#gyun,"評価
          ★★★★★
         →記事リンク","過去ランカーだった事もある彼女であり様々な噂が飛び交う中、指名料も他の女の子と比べやや高めであり不安はあったが、実際会ってみるとすごく社交的な女の子でホスピタリティもある

容姿スタイル接客において全てがパーフェクトな嬢だった。

はるかちゃんに聞いてみると自分磨きで全体的に痩せて見た目が良くなったらしい。
細身で程よい抱き心地、最高だ。

陰湿な噂は、はるかちゃんを蹴落とすように仕向け嫌味で他の人が書いてるのかなと思うくらいだった。
現物はこんなにもいいのに批判的な内容は可哀想だ。

今後もっともっとこの子は有名になるぞ
アンチに負けないでこれからも頑張ってほしい。",https://www.cityheaven.net/aichi/A2301/A230103/airabugakuen/girlid-59961551/,https://www.cityheaven.net/aichi/A2301/A230103/airabugakuen/girlid-59961551
愛らぶ名古屋本店,るしあ,https://www.cityheaven.net/aichi/A2301/A230103/airabugakuen/girlid-60346642/,http://okinilove.com/blog-entry-2733.html#chopio,"評価
          ★★★★☆
         →記事リンク","前日予約して、当日も１時間前の確認電話では何も言われなかったのに、40分前になって予約してた嬢が体調不良だと連絡が来た。

撮影する為に相当気合い入ってたのにドタキャン！
仕方なく代わりにスタッフが勧めてきた今日入店の新人のるしあちゃんにしたが、テンションはかなり下がった。

部屋でうなだれていると、るしあちゃんがニコニコ笑顔でやって来た。

写真は流石に加工してあるので、印象は違うが、終始笑顔で性格の良さが分かる。プレイも一生懸命で、こちらの要求を聞いてくれ、エロエロな動画も沢山撮れたので、かなり満足。

しかし堂々と撮影出来るって凄くない？G1でハ〇撮りもバッチリです。",https://www.cityheaven.net/aichi/A2301/A230103/airabugakuen/girlid-60346642/,https://www.cityheaven.net/aichi/A2301/A230103/airabugakuen/girlid-60346642
color,ひらり,https://www.cityheaven.net/aichi/A2305/A230504/color/girlid-24260804/,http://okinilove.com/blog-entry-379.html#tetu,"評価
          ★★★☆☆
         →記事リンク","colorは結構メインで使うお店ですが、出稼ぎを外せば地雷を踏み抜くことは少ないので結構利用します。

今回指名した子はHP上では一切顔出しなしの嬢。
普段なら避けるのですが気になったので突撃しました。

ホテルに入り待つこと数分、ドアを開けると何とも形容し難い容姿。
不細工なわけでもなくとりたててかわいいわけでもなく、ただ愛嬌があるので及第点でしょうか。

ソファーで座りながら会話をしますが、盛り上げかたはかなり上手。
話が長めなのは少し感じましたがまあ問題ないでしょう。

服を脱がせてみるとプロフ通りの巨乳。
張りがあるというよりはちょい垂れ目で個人的には最高の部類。

全体的に若干太めではありますが決してデブではなく抱き心地がよさそうな体型。

シャワーを済ませいざプレイといきますが、こなれた感じはあまりなく本職というよりはパートタイムな感じでしょうか。
ただ、サービス全般的に一生懸命ですし、打てば響く感じの反応はなかなかのものです。
SPも持ちかけやすく実際簡単にOK。具合は並みといった感じですが何も問題ないでしょう。

出勤が少なくレア嬢ではありますが、また呼びたいと思わせるいい子でした。",https://www.cityheaven.net/aichi/A2305/A230504/color/girlid-24260804/,https://www.cityheaven.net/aichi/A2305/A230504/color/girlid-24260804
color,おんぷ,https://www.cityheaven.net/aichi/A2305/A230504/color/girlid-34492013/,http://okinilove.com/blog-entry-2398.html#doragon,"最高評価
          ★★★★★
           →記事リンク","久しぶりにリピート訪問
相変わらず可愛くて、綺麗な爆乳ウエストもくびれてて、スタイルは申し分ないです。

今回は某サイトのトークでマットプレイ始めたとの事で行きました

ただ場所が大高の指定ホテル（マットがあるので）で自分もマット初体験でややテンション⤴︎⤴︎
結果から言うと病みつきになりそうな位気持ち良く最高👍

うつ伏せからの舐め技、四つん這にされての玉舐め…etc

俺のチ〇コは暴発MAXでしたが、こらえて仰向けになったら乳首や息子を痴女ばりに責められながらの、おんぷちゃんのピンク色秘部をこちらもガン見で堪能w

喘ぎ声も可愛いく相変わらずキツキツのマ〇コでもう我慢の限界で素股からの待望の〇入マジで狭く…気持ち良かった❤️
ベッドでの2回戦は言うまでもなく、180分大満足のプレイでした。

いつも投稿長くなるんで、今回はここまでにします💦
病みつきになったので早めの再々訪問になるでしょいw",https://www.cityheaven.net/aichi/A2305/A230504/color/girlid-34492013/,https://www.cityheaven.net/aichi/A2305/A230504/color/girlid-34492013
color,かりん,https://www.cityheaven.net/aichi/A2305/A230504/color/girlid-43560270/,http://okinilove.com/blog-entry-2398.html#swing2,"評価
          ★★★☆☆
         →記事リンク","管理人様お疲れ様です。
今回はCOLORのかりんさんを指名させていただきました。

第１印象は小さいというのが印象です。あと、写真より肌の状態が悪そうでした。

黒い髪が重たいイメージで、写真のように茶色の方がよさそうだと思いました。
最初はぎこちなく会話して、少しずつ打ち解けた感じでした。

お風呂の後、プレイになりましたが、キスは積極的ではなく、キス魔の自分としては満足できませんでしたが、クンニと手マンで簡単にイキ、電マで何回も何回もイってくれ興奮させていただきました。

ただし、マン臭が少しあり、クンニをするには覚悟が必要になると思います。

攻守交替してから、フェラと手コキをしてくれました。私としてはまあまあ上手だと思います。
最後は素股でフィニッシュしました。

SPに関してはしっかりガードしており、交渉はしませんでしたが、無理そうな感じでした。
私はやはり臭いが気になったのでリピはなしですね。",https://www.cityheaven.net/aichi/A2305/A230504/color/girlid-43560270/,https://www.cityheaven.net/aichi/A2305/A230504/color/girlid-43560270
color,のあ,https://www.cityheaven.net/aichi/A2305/A230504/color/girlid-43646347/,http://okinilove.com/blog-entry-2398.html#kurokami,"最高評価
          ★★★★☆
         →記事リンク","変態です

会話等は普通ですがプレイが始まるとフェラから何もつけずに騎乗位でこちらの許可無くはじめます

当然最後もそのまま",https://www.cityheaven.net/aichi/A2305/A230504/color/girlid-43646347/,https://www.cityheaven.net/aichi/A2305/A230504/color/girlid-43646347
color,りの,https://www.cityheaven.net/aichi/A2305/A230504/color/girlid-49458461/,http://okinilove.com/blog-entry-2398.html#minatuki,"評価
          ★★☆☆☆
         →記事リンク","いつもお世話になっております。

colorのエロテ〇リスト、りのちゃん、行ってきました。

写真の方が若いかな、実際はちょっと違和感あります、ちょっと他人…？

性格は良し。明るいです。元気もらえます。
気遣いも良き。とても良いです。

お身体の方は普通ですね、乳輪小さめ。

某所ではSPアリとの事でしたが、次回以降なら可能性あるかもとの事。
風俗嬢のそういうのは信用していないので、丁寧にお断りさせていただきました。

えろくていい子なんでしょうけど、期待しているほどの楽しさは、なかったかなぁ

エロエロな女の子と遊びたい方にはいいと思います。
リピはナシです。",https://www.cityheaven.net/aichi/A2305/A230504/color/girlid-49458461/,https://www.cityheaven.net/aichi/A2305/A230504/color/girlid-49458461
color,みらん,https://www.cityheaven.net/aichi/A2305/A230504/color/girlid-51547841/,http://okinilove.com/blog-entry-2398.html#yataro,"最高評価
          ★★★★☆
           →記事リンク","いつも大変勉強させて頂いております。今回久しぶりにご報告いたします。

きっかけは忘れましたが、写真の雰囲気にとても惹かれてチャンスを探っていました。

出勤予定は当日の直前まで公開されず、出勤と上がった瞬間に激戦ともっぱらの噂。ミシュラン星付きレストラン以上に困難な予約ゲットへの道のりを覚悟しました。

が、タイミングよくあっさりゲット…いざご対面となりました。

写真は目だけなので、綺麗系をイメージしていましたがどちらかといえば可愛い系。ロリッぽさもありながら、メイクは目元ガッツリに金髪で、間違いなくカワイイ部類には入ります。

お身体は細身ですね。骨が浮き出るまではいかず、健康的なライン。お絵描きがないのも個人的に嬉しい。

割とすぐにシャワーになり、お互いに人見知りですが必死に会話します。受け応えは丁寧なので、話術に長けた皆様ならば会話も弾むでしょう…が若輩者には難しかった。

そして対戦開始。ホームページに書いてある、我慢不能な口技…これはリアルでした。一生懸命口を動かしてくれまして、そのまま放出。

あっちの方は完全に断られました。あれこれ策を示しましたが糸口が全くなく、回数を重ねても希望は見えないかも…。

以上、ご参考になりましたら幸いです。",https://www.cityheaven.net/aichi/A2305/A230504/color/girlid-51547841/,https://www.cityheaven.net/aichi/A2305/A230504/color/girlid-51547841
GOLDagain（ゴールドアゲイン）安城店,しほ,https://www.cityheaven.net/aichi/A2305/A230504/gold_again_a/girlid-41686223/,http://okinilove.com/blog-entry-2203.html#aaa,"最高評価
          ★★★★★
           →記事リンク","この間前から気になってた新しいお店『GOLD again』のしほちゃんに会ってきました。

第一印象は愛想もよくモデル体型で細い女の子だなと思いました。

話も上手く変に気を使うこともなかったです。

プレイもお願いしたことは全てやってくれてフェラも上手です。
超SPは交渉したら難なくOKしてくれました。

また行きたいと思います。",https://www.cityheaven.net/aichi/A2305/A230504/gold_again_a/girlid-41686223/,https://www.cityheaven.net/aichi/A2305/A230504/gold_again_a/girlid-41686223
GOLDagain（ゴールドアゲイン）安城店,いずみ,https://www.cityheaven.net/aichi/A2305/A230504/gold_again_a/girlid-46226476/,http://okinilove.com/blog-entry-2203.html#rii,"評価
          ★★☆☆☆
         →記事リンク","90分あって60分以上は会話させられましたねー

人見知りなのか、嫌々きましたみたいな態度
60分会話もすれば心開いてくれるようにはなりましたが

プレイ
プロフィールには敏感キツキツと書いてありましたが、全く敏感じゃないし、キツキツではありませんでした

これはこの子が悪いという訳より、お店が適当に書いてますね
キスは舌入れガードしてきました

基盤はなし
手コキとフェラは上手い",https://www.cityheaven.net/aichi/A2305/A230504/gold_again_a/girlid-46226476/,https://www.cityheaven.net/aichi/A2305/A230504/gold_again_a/girlid-46226476
GOLDagain（ゴールドアゲイン）安城店,ゆの,https://www.cityheaven.net/aichi/A2305/A230504/gold_again_a/girlid-55524336/,http://okinilove.com/blog-entry-2203.html#fuzokubo,"評価
          ★★★☆☆
         →記事リンク","AVで見るよりちょっと太ってますね

肉厚な舌で舐められるのはいい感じ
S1NN2だそうです(値切れば1.5でNNできるかも？)

すぐ痛くなるから強く目に触るの禁止！という事でちょっと加減が難しい

ほんとにフェザータッチか、完全に受けに徹するのがいいかも",https://www.cityheaven.net/aichi/A2305/A230504/gold_again_a/girlid-55524336/,https://www.cityheaven.net/aichi/A2305/A230504/gold_again_a/girlid-55524336
GOLDagain（ゴールドアゲイン）安城店,すい,https://www.cityheaven.net/aichi/A2305/A230504/gold_again_a/girlid-51547956/,http://okinilove.com/blog-entry-2925.html#gonzo,"評価
          ★★★★★
         →記事リンク","冒険しに行って来ました

レビューもあまりなく謎めいたお店
選んだのは写真も２枚で日記も無し不安しかない

来たのは写真の嬢で写真より可愛らしい
歳を聞くとマジで１８才！！

部屋に入ると直ぐにシャワーへ
いやまだお支払いもまだだが？まっいっか
って１人で入るんかい！なんかペースが乱される

シャワーから出るとお持たせ～といきなりベローチェ

え～とわしは変態か？
どんどん乱されていくおいらの思考が追いつかないままベットへ押し倒される

責められまくり危うく絶頂への一歩手前で我に返り、変態は攻め返す嬢も全身で応えてくれている

そしてベローチェしてる時に首に手が回された！！

わたしのエロパワーがMaxにもう止められませんでした、暴走したおいらはとことん腰を振り瞬で果て…しかし嬢の気持ちは満たされてはいなくさらに…ここからは快楽のままにひたすらピ〇トン！

若いって改めて素晴らしいと思いました
あと１０才若ければおいらもまだいけましたが流石に限界突破してしまいました",https://www.cityheaven.net/aichi/A2305/A230504/gold_again_a/girlid-51547956/,https://www.cityheaven.net/aichi/A2305/A230504/gold_again_a/girlid-51547956
GOLDagain（ゴールドアゲイン）安城店,りお,https://www.cityheaven.net/aichi/A2305/A230504/gold_again_a/girlid-51943206/,http://okinilove.com/blog-entry-2203.html#honban,"評価
          ★★★★☆
         →記事リンク","世間はGW真っ只中、且つ本業は休み&バイトも合間の休みでムラムラしていると...またまたフィーリング合いそうなコを発見しました。

利用日は4/30の120分コース、場所は三河安城駅近くの某ラブホ。

人気嬢ですがスムーズに予約取れたものの予約&指定時間に中々、嬢が来ません。

マイカーで到着後に30分位待たされた挙げ句登場しました。嬢もゴメーンと。

おのののかに似た可愛らしいコです。いや元AV女優の輝月あんりの方が似てるかも。
待ちくたびれたのを吹き飛ばす位の可愛さに心の中でガッツポーズです。

仲良く手を繋いでお城へイン。
部屋に入り風呂が沸く迄、色々と雑談タイム。

嬢が最近、友達と福岡に行って来たとの事で私の準地元の福岡の話で盛り上がります。
北陸石川からの出稼ぎですが毎月月末限定との事。

お互い服を脱がせあいっこして入浴。体型は普通体型としましたが、ちょいムチかや〜。
おっぱいは小ぶりの綺麗なCカップ。下の毛はパイパンまでいかないものの、綺麗に整えてます。

洗体はやや事務的ですが湯船ではかなりイチャイチャして甘えてきます。

風呂から上がりベッドに移り、クンニで攻撃を仕掛けるといい声で鳴きまくりのイキまくり。演技はしてなさそう。

電マも使い、中も洪水となったところで攻守交替ですがフェラと手コキがまあ上手すぎる事。

唾液たっぷりで舐められシコシコされまくりの、こっちもヤバい事に...交渉して渋沢1人の入場料を払い帽子をつけてキツキツマ◯コへイ〇、正常位中心の激しい運動会開始です。

〇が浅くて痛いとの事で私の好きなバック少なめ騎乗位ナシでスプラッシュしました。

最初に予約した時の受付のお姉さんは中々の感触でしたが、予約確認の時の受付の男の人はちょっと態度悪いなぁと。

こっちはホテル着いて連絡して30分位待たされとるのに漸く嬢到着あと5分位ですの連絡のみで、そこがマイナスです。

嬢は可愛いのに...あとこの店はオプションは全て無料となっとりますが、嬢によってはオプション料金が内容によって1000円程取られるので、皆様ご注意を。

その辺もネットできっちりと載せてほしいな。騙されてまうがや。

嬢は今まで呼んだデリ嬢の中で過去最高の可愛い嬢だったもんで、勿論リピ有です。",https://www.cityheaven.net/aichi/A2305/A230504/gold_again_a/girlid-51943206/,https://www.cityheaven.net/aichi/A2305/A230504/gold_again_a/girlid-51943206
GG,"ほたる, HOTARU",https://www.yoasobi.co.jp/tokai/fuzoku/shop/10579/girl/850638/?aid=ad_001,http://okinilove.com/blog-entry-1208.html#mingoru,"最高評価
          ★★★★☆
           →記事リンク","暫く前での事なので、思い出せる範囲内で。

かわいい印象で入りましたが、キレイでオットリしています。
某アイドルグループにいてもセンターレベルかと。

優しい喋り方で、それがまた色気を感じます。

スタイルは良くとても綺麗なカラダをされており、胸は形、大きさ、お尻やクビレとともに私にはストライクでした。

プレイはしっとり、濃厚に責めてくれます。合体時はとても色っぽく、気分も高ぶりました。
通えば通うほど濃厚になっていくのでは？

HPよりも実物の方がよい、逆パネマジな娘でした。",https://www.cityheaven.net/gifu/A2101/A210101/gold_garden/girlid-11631416/,
アラモード,"星那, せいな",https://www.cityheaven.net/aichi/A2301/A230113/alamode/girlid-39305341/,http://okinilove.com/blog-entry-2722.html#tamaran,"最高評価
          ★★★★★
           →記事リンク","アラモードさんには何度もお世話になっていますが、今回予約なしで入店し、渡されたパネルにたまたま指名ランク不動のNo.1のせいなちゃんがあり、前から気になっていたので即決しました。

見た目は、まぁまぁかわいい。おっぱいは貧乳ですが、せいなちゃんの接客は素晴らしいです。
男性が喜ぶツボを心得ています。

まず、何よりずっと笑顔で明るくてとにかく楽しい。めちゃくちゃ会話が弾みます。

そしていろいろ褒めてくるんです。営業トークなのかもしれませんが、褒められて嫌な気がする人はいないと思います。

プレーも最高で、嫌な顔もしないで、こちらの要求には全部応えてくれます。

最初に早めに発射しちゃうかもって言ったら、じゃあゆっくり動くねって気遣ってくれ、いろんな体位を堪能しました。
なんて素晴らしい神接客なんだ！と感動しました。

No.1の理由がよく分かりました。
人気がありすぎて、なかなか予約取るのが大変ですが、何度も会いに行きたくなる最高に素敵な女の子でした。",https://www.cityheaven.net/aichi/A2301/A230113/alamode/girlid-39305341/,
ラブココ,"海月りり, りり",https://www.yoasobi.co.jp/tokai/deli/shop/5376/girl/1149041/?aid=ad_001,http://okinilove.com/blog-entry-1485.html#dentyu,"最高評価
          ★★★★★
           →記事リンク","りりちゃん。前店含め初めての利用です。

検索ワードは、ロリ 可愛い パイ〇ン 巨乳
です。

ヒットしたのが、りりちゃん。

値段も安いし試しに呼んでみました。
電話対応の方の対応、特に問題なかったです。

ホテルは名古屋市内の某ホテルにしました。

いざ対面。ロリ！髪色も暗めでドンピシャ。
服の外からもわかる巨乳、、！これは良き！！

歯磨き、お風呂 一緒にしました。

ずっとくっついてくれて勘違いします笑笑
まるで恋人みたいな、、笑笑

いざプレイに入ると、積極的で要望たくさん答えてくれました。

おっぱいをたくさん堪能出来ました。
柔らかいし、大きいし、完璧！！

こんな可愛い子が一生懸命に御奉仕してくれるのたまりません。
終始ずっとくっついてくれて、ドキドキしました。すごく楽しかったです。

最後は…あとは皆様の想像におまかせです。

おっぱい聖人なら、必ず1度は試して欲しいですね。
優しく、丁寧に、してたらきっと彼女もしっかり応えてくれますよ。

このサイトを見て選んだ結果、すごくよかったので自分も共有させていただきます。
ありがとうございました。",https://www.cityheaven.net/aichi/A2301/A230105/love_coco/girlid-36449945/,
ラブココ,"姫野てと, てと",https://www.yoasobi.co.jp/tokai/deli/shop/5376/girl/1180059/?aid=ad_001,http://okinilove.com/blog-entry-1555.html#syou,"最高評価
          ★★★★★
           →記事リンク","パネルで気になっていた、てとちゃん。
会った瞬間からドキドキしてしまいました^_^

フレンドリーで話しやすくプレイも積極的で、とても良かったです。

あんま紹介したくないけど、思わず投稿してしまいました。
皆さんも一度、てとワールドを味わってみてください。",https://www.cityheaven.net/aichi/A2301/A230105/love_coco/girlid-37887264/,
ラブココ,"りう, 星野りう",https://www.yoasobi.co.jp/tokai/deli/shop/5376/girl/1216399/?aid=ad_001,http://okinilove.com/blog-entry-1756.html#masin,"最高評価
          ★★★★★
           →記事リンク","顔出しをしない超人気嬢です。
ルックス抜群、プレイ内容も唾液たっぷり濃厚フェラで追銭で…

ラブココプレミアムでもきっと値上げしてもリピ続出だろうからその前に御体験下さい。

欲しい物リストはプロフィールにあり。
R1・特茶・ビーフジャーキー・LUSHなど。
どっかの子みたいにAmazonで作れば良いのにって思ってしまいますが…

でも、お互いが迷惑をかけずに楽しめるのが一番だと思います。",https://www.cityheaven.net/aichi/A2301/A230105/love_coco/girlid-47251169/,
ラブココ,"けいか, 芝内けいか",https://www.yoasobi.co.jp/tokai/deli/shop/5376/girl/1235105/?aid=ad_001,http://okinilove.com/blog-entry-2685.html#nanami,"最高評価
          ★★★★★
           →記事リンク","久しぶりにラブココ利用
人気のけいかちゃん　予約

予定より20分早く案内出来ると店からメールで慌ててルナパーに

時間どうり来たら　まぁ
めちゃくちゃ可愛い🩷

小さくてパネ増し無し
ノーパン頼んだのにズボンだから履いて来たと、爆笑したわ

礼儀正しいし　キスもエロい
書き込みどうり　キス　フェラしてオッパイ触りながら下スリスリ　濡れて来たので上になってもらって少ししたら　そのままイ〇
めちゃくちゃ気持ちいい

人気で可愛い🩷
完売するわけだわ〜リピ確実👍
今月末もよろしくしました笑

給料入ったら行きますね❤️
後人気のみいちゃんも気にしてる",https://www.cityheaven.net/aichi/A2301/A230105/love_coco/girlid-50502574/,
ラブココ,"永岡つゆ, 永岡つゆ(60分12千円)",https://www.yoasobi.co.jp/tokai/deli/shop/5376/girl/1246508/?aid=ad_001,http://okinilove.com/blog-entry-2813.html#paipan,"最高評価
          ★★★★☆
         →記事リンク","おしゃべり好きな可愛らしいロリ女の子ってかんじでした。

120分のLINE予約でプラス10分のコースで、スク水コスプレしてもらいました。

とりあえずはじめは30分マシンガントークを聞き、シャワーを浴び。
プレイ前に、何回いきたいかとか、どうやっていきたいとか聞いてくれて、良いなあと思いました。

フェラは自身も言うように、唾液がローション並みのトロトロで、手コキもテクニシャン。

スク水での素股が始まり、脱いでもらい素股してもらい、〇っちゃってる？っていう感覚に。。
まんズリみたいとはこの感覚かと思い、果てました。

一度シャワー浴び直して、マシンガントークがまた炸裂。

プレイしよっかとの声で、同じようにフェラからのまんずり。
また入っているような感覚。。
気持ちよかったです。

SPはオプションであるとのこと。
でも素股でも満足出来るようなプレイでした。",https://www.cityheaven.net/aichi/A2301/A230105/love_coco/girlid-52349264/,
愛らぶ名古屋本店,りさ,https://ranking-deli.jp/15/shop/34450/4677364/,http://okinilove.com/blog-entry-2733.html#misairu,"評価
          ★★★★★
         →記事リンク","某風俗サイトを見ていたら“Kカップ乳“の文字に惹かれ写メ日記の動画みたらムラムラしたので即予約

ご対面したらムッチリ体型での爆乳で内心ガッツポーズしました。

お風呂に入った後にでっかいオッパイとのご対面からの素股

彼女から”裏オプあるよ“と天使の囁きが聞こえたので栄一2枚で帽子付けてi〇

次遊ぶ時は張の有るKカップ爆乳で色々と遊んできます",,
愛らぶ名古屋本店,りな,https://ranking-deli.jp/15/shop/34450/4719001/,http://okinilove.com/blog-entry-2733.html#toukyo,"評価
          ★★☆☆☆
         →記事リンク","この間名古屋のデリヘルを利用した時のこと
今回は愛らぶ学園のりなという子

アイドルの研修生をやっていたとあったので指名

写真やパネルを見て期待していくとパネマジまではいかないが想像を下回る為注意が必要
体型はスレンダーとの事だがむしろガリガリのようにも見える。

トークはあまり上手ではない
プレイの方はフェラが得意との事だが至って普通、いちゃいちゃという感じもなく感度も悪い。

本〇は交渉次第で可。ただ高い。このスペックで2は取りすぎ

クチコミにはかわいいとか色々書いてあったがあてにならない
サービスの質も悪くほぼマグロなので正直割に合わないように思える

めちゃくちゃブスというわけではないので星2",https://www.cityheaven.net/aichi/A2301/A230103/airabugakuen/girlid-60711765/,
コスプレアカデミー,たきな,https://www.yoasobi.co.jp/tokai/fuzoku/shop/12511/girl/1250363/?aid=ad_001,http://okinilove.com/blog-entry-1574.html#goa,"評価
          ★★★★★
         →記事リンク","初めて投稿します。

普段はオキニ隠しするタイプですが、たきなサンがあまりにも良穣だったのと、一旦帰省され又要望が有れば再来したいとの事なので口コミが広まる事を期待して投稿します。

▪️顔:写真より柔らかい印象。
美人よりおっとり可愛い系統でした。

この店は大外れは無い店舗ですが、その中でも期待を大幅に超えてくる逸材でした。
渋谷なぎさとさや姉を足してもっと柔らかくした様なお顔。

本人も大阪出身との事らしく声質やトーンも渋谷なぎさよりのしっとり系関西弁。

▪️身体:細過ぎないスレンダー。
男が1番好きなタイプじゃ無いでしょうか。オッパイも小さ過ぎないお椀型美乳。下を拝見するとvの上の方だけは生えていて他は綺麗なパイパン。全パイパンよりそそります。

▪️プレイ:あまあまイチャイチャタイプ。
DKも多くフェラも抜群でそのまま果てそうだったのを何とか攻守交代してインすると、キツキツさにびっくり。普段は遅漏の私が雑念無しであっという間に中に果てました。

都合上60分しか取れず2回戦が出来なかった事が悔やまれました。
コンディションにもよりますが、いわゆる2回戦余裕な女です。

ここの顧客はイチャイチャDK(ディープキス)が好きな方は多いと思いますが、私が入った嬢の中でも1〜2を争うと思いました。

まだまだ有りますがこの辺りにしておきます。",https://www.cityheaven.net/gifu/A2101/A210101/cosplayacademy/girlid-52931528/,
コスプレアカデミー,きあ,https://www.yoasobi.co.jp/tokai/fuzoku/shop/12511/girl/1269642/?aid=ad_001,http://okinilove.com/blog-entry-2743.html#tyoi,"評価
          ★★★☆☆
         →記事リンク","某サイトを見て、いちゃいちゃとなっていたが、全く無し。
いっぱいキスなどのサービスが有ったが、一度しか無し。

スタイルは素晴らしい。

話は途切れる事が無かったので、退屈はしなかったが、触れ合いがなかったので、イマイチだった。

お客の外見で判断するさらていたのならガッカリ。",https://www.cityheaven.net/gifu/A2101/A210101/cosplayacademy/girlid-56333200/,
コスプレアカデミー,なぎさ,https://www.yoasobi.co.jp/tokai/fuzoku/shop/12511/girl/1276643/?aid=ad_001,http://okinilove.com/blog-entry-2743.html#goho,"評価
          ★★☆☆☆
         →記事リンク","ぱっと見は可愛い感じでしたが近づくと微妙でした。

よく喋るので、人見知りの方はいいと思います。",https://www.cityheaven.net/gifu/A2101/A210101/cosplayacademy/girlid-57767727/,
ラブココ,"ちせ, 渚澤ちせ",https://www.yoasobi.co.jp/tokai/deli/shop/5376/girl/1147632/?aid=ad_001,http://okinilove.com/blog-entry-1756.html#hansin,"最高評価
          ★★★★★
           →記事リンク","ちせちゃんには長いことお世話になっているので、感謝の意味も込めて投稿しようと思います。

以下は、直近1回のプレイ内容というよりは、これまでに、こういうことがあったという内容です。

まず容姿についてですが、モデル体型で可愛い系というよりキレイ系です。この価格帯には中々いないレベルなので、上のランクのお店に移籍する前に指名をオススメします。(少し前のネット情報だと、口元に関するマイナス情報を見たことがありますが、矯正をして現在は普通な感じです)

プレイについて、凄くホスピタリティ溢れる接客をしてくれます。また、知的でお話していても楽しいです。

エロさも感じますが、天性のエロさというよりは、頑張ってくれている感じでしょうか。悪い意味ではありません。

SPについて、私の場合、初回はダメでした。ヘルスプレイしかやっていないとのことで(初回時の会話で)、お小遣いでどうのこうのもダメでした。

それでも接客やヘルスプレイが良かったので、通う内に3回目ぐらいだったと思いますが、OKが貰えるようになりました。(追銭はあり)
〇はキツキツで、膣圧のコントロールが結構できるタイプなので、緩急がとても気持ちいいです。

撮影について、お店のHP上では、×になっていると思いますが、仲良くなってからお小遣い＆お願いで、本人から許可がもらえました。コスプレもノリよく着てくれます。スタイルが良いので映像映えします。

また、ロールプレイングも得意で、こういう設定でとお願いすると、こちらの意図を汲み取って演じてくれます。個人的にはこの点が◎！

ちせちゃんは、噛めば噛むほど味が出てくるタイプです。通えばその分返してくれます。逆に言うと、１回だけで良い思いが出来るタイプではないかもしれません。

最後に、面白いな思った小噺をさせていただきます。

ちせちゃんは、ホテルの外で、どこのお店のコかを聞かれても教えないそうです。理由を聞くと、風俗はある程度高いお金を払って、ガチャを引いて、良い子に出会った時の感動を味わうものだからと言っていました。

目線が、男もしくは、お店の経営者みたいでちょっと変だけど、そういうところが好きです。",,
でりどす岡崎,ちい,https://www.yoasobi.co.jp/tokai/deli/shop/9946/girl/1279305/?aid=ad_001,http://okinilove.com/blog-entry-2670.html#umisan,"評価
                    ★★★★★
                 →記事リンク","管理人さん、お疲れさまです。
本日は人気店の「でりどす岡崎」に久しぶりに行ってきました。

某天国サイトの新人情報で気になる女の子（出稼ぎ、月に１週間程度の出勤）がおり、やり取りをすること数カ月、ようやく都合が合ってお会いすることができました。

名前は「ちい」ちゃん
売りは「叡智なオパーイ」

いつものように駐車場で待ち合わせをして、お部屋に移動
顔はパネル通りで、私のゾーンにドンピシャでテンションMAX

お部屋で、お湯が溜まるまで「叡智なオパーイ」を堪能しましたが、とにかく美巨乳で張りが素晴らしい（天然物です）

さっと流して、ベッドへ移動

「授〇手コキ」や「パイズリ」を一通り楽しんで、軽くSPについて聞いてみましたが、「鉄無」とのこと。

まぁイチャコラできて叡智なオパーイで十分満足できたので問題無しでした

レアキャラの人気嬢なので、争奪戦必至ですがSP狙いの人は止めた方が良いですね",https://www.cityheaven.net/aichi/A2305/A230502/deidos-okazaki/girlid-58406693/,
美STYLE,すずな,https://www.cityheaven.net/aichi/A2301/A230103/b-style/girlid-20882967/,http://okinilove.com/blog-entry-435.html#kenn,"最高評価 
      ★★★★☆
       →記事リンク","お店のページでもかなり紹介されていて気になっていたすずなに入りました。

見た目は写メ日記とそれほど違わず、実年齢は評価年齢＋3歳程度でしょうか。
普通に話していると綺麗なお姉さんという感じですが、笑顔はかわいい系ですね。

いろいろとお話をしてから服を脱いでシャワーへ。

先人のコメントの通りの美巨乳は柔らかく最高です。巨乳の子はウエストも太めなことが多いですが、すずなさんは全然そんなこともなく、素晴らしいスタイルでした。

下は、脱毛ではなく剃ってパイパンにされているよう。

美巨乳おっぱいを使いながらの洗体を終えてベッドへ。
一通りのプレイをしてもらいましたが、全体的にテクニックありです。

濡れてきたおまんこへ愚息をスリスリしていると、ゴ〇有りならokとのことで、最後は正常位で果てました。
全体的に満足度高め、リピートありかもです。",https://www.cityheaven.net/aichi/A2301/A230103/b-style/girlid-20882967/,
美STYLE,ゆずる,https://www.cityheaven.net/aichi/A2301/A230103/b-style/girlid-37545000/,http://okinilove.com/blog-entry-435.html#alex,"最高評価 
      ★★★★☆
       →記事リンク","前店は遠かったので機会が訪れないまま退店されて
名古屋の店に入店されたのを知り機会を伺っていました

今回無事お会いすることができました
自分より身長が高いコを相手すること自体が初めてだったので年甲斐もなくドキドキワクワクしてました

しばし雑談の後お風呂へ
向き合って立つと目線の高さがほぼ同じで初めての感覚に妙に興奮してしまいました

ベッドに移動し攻めるように促すと・・
たしかにフェラはうまいです
このままフェラでいけるかもと思ったら攻守交代宣言

仕方ないのでFカップを堪能し
クンニで口周りがベチョベチョになったのでち◯こでクリを刺激しながらキス

もぞもぞと手が動き
入り口に誘導されたので〇にお邪魔しました

時折腰をビクンビクンさせるのと程よい締まりのおかげで無事フィニッシュへ

次はパイズリと騎乗位をお願いしよう",https://www.cityheaven.net/aichi/A2301/A230103/b-style/girlid-37545000/,
美STYLE,メロ,https://www.cityheaven.net/aichi/A2301/A230103/b-style/girlid-43952936/,http://okinilove.com/blog-entry-2512.html#dohentai,"最高評価 
      ★★★★★
       →記事リンク","みなさま、初めまして。ド変態紳士と申します。いつも参考にさせていただいております。

美STYLEのメロさんとお遊びしてきました。
天国掲載の写真からイメージしていた雰囲気とは少し違いましたが、かわいいお顔でした。

他の方も書かれてましたが、とても気さくで最初からとても話しやすいです。

出会って程なく股間をさわさわしてくれ、これもとてもいいです。

フェラがホントに上手です。私の出会った中で一番です。舌の使い方が上手で、絡みついてくる感じ。

それだけに留まらず、手はタマから上に向かってフェザータッチ。いやたまらんです。

こちらからも攻めさせていただきましたが、かわいく喘いでくれます。乳首もクリもいいみたいです。

攻守交替で、騎乗位スマタの体勢になり、亀の先っぽあたりを出し〇れしてくれます。「いいの？」と聞くと、そのまま◯でズッポリ。騎乗位から正常位で◯にたくさん放出させていただきました。

大満足のお遊びになりました。",https://www.cityheaven.net/aichi/A2301/A230103/b-style/girlid-43952936/,
美STYLE,なるみ,https://www.cityheaven.net/aichi/A2301/A230103/b-style/girlid-52317386/,http://okinilove.com/blog-entry-435.html#tyois2,"最高評価 
      ★★★★☆
      →記事リンク","人気嬢が移籍してきたので早速突撃しました。

見た目はとってもいいです。
写メ日記より実物の方が可愛いです。

スタイルも抜群で細身のモデル系です。
おっぱいはそんなに大きくないですが形は良い。

ウエストは良い感じにクビレていてヒップラインもサイコーです。
足も細く長いので身長は実際よりも高く見えます。
肌もキレイで触り心地もよく完璧ボディーです。

性格も明るく話しやすく丁寧な言葉遣いと上品な物腰なのでとても品の良さが感じます。

プレイの方は積極的ですがテクニックはそんなにありませんが受け身の時の反応はとても良いです。

ＳＰはゴ〇ありのお小遣い制です。
ナカはちょっとゆるめです。

全般的にはレベルが高かったのでリピありです。",https://www.cityheaven.net/aichi/A2301/A230103/b-style/girlid-52317386/,
GG,"ほたる,
          HOTARU",https://www.yoasobi.co.jp/tokai/fuzoku/shop/10579/girl/850638/?aid=ad_001,http://okinilove.com/blog-entry-1208.html#mingoru,"最高評価
          ★★★★☆
          →記事リンク","暫く前での事なので、思い出せる範囲内で。

かわいい印象で入りましたが、キレイでオットリしています。
某アイドルグループにいてもセンターレベルかと。

優しい喋り方で、それがまた色気を感じます。

スタイルは良くとても綺麗なカラダをされており、胸は形、大きさ、お尻やクビレとともに私にはストライクでした。

プレイはしっとり、濃厚に責めてくれます。合体時はとても色っぽく、気分も高ぶりました。
通えば通うほど濃厚になっていくのでは？

HPよりも実物の方がよい、逆パネマジな娘でした。",,
ヘルスクラブ巴里,つばさ,https://www.cityheaven.net/aichi/A2301/A230103/paris/girlid-1694366/,http://okinilove.com/blog-entry-683.html#kaji2,"評価 
      ★★★★☆
      →記事リンク","管理人様お世話になっております。
今回は巴里本店つばささんです。

マットしかやったことありませんが、温度管理、聴覚も刺激するマット、プレイ時間の配分、気遣いとマットの達人であります。

マットやったことないよ～。うまい人に当たったことないよ～という方は是非一度",https://www.cityheaven.net/aichi/A2301/A230103/paris/girlid-1694366/,
ヘルスクラブ巴里,あき,https://www.cityheaven.net/aichi/A2301/A230103/paris/girlid-18489073/,http://okinilove.com/blog-entry-683.html#okayan,"最高評価 
      ★★★★☆
       →記事リンク","はじめましてのあきちゃん。６５分で。
とてもフレンドリーで、ノリも良く話しやすかった。

アシスト脱衣で、服もキチンと畳んでくれて、気遣いの出来る嬢でしたよ。

マットでヌルヌルした後、足の指舐めもされて騎乗位で逝かされました。

キレイに洗ってくれてベットで２回戦突入。

まずはあきちゃんを手マンで逝かしてからの攻守交代。がしかし、1回戦目に出過ぎたのか、なかなか逝けずタイムアップ。

それでも嬢はこちらをイカしてくれようと最後のシャワーでももう一踏ん張り。
残念ながらそこでも逝けずに終わったけど、嬢の踏ん張りに感謝。

時間がギリギリ過ぎて急いで着替えて退出(^^;;
ＳＰはなかったけど、時間いっぱい楽しめましたよ。",https://www.cityheaven.net/aichi/A2301/A230103/paris/girlid-18489073/,
ヘルスクラブ巴里,あおい,https://www.cityheaven.net/aichi/A2301/A230103/paris/girlid-2427406/,http://okinilove.com/blog-entry-683.html#kaji,"評価 
      ★★★★☆
      →記事リンク","管理人様お世話になっております。
今回は巴里本店　あおいさんです。

Ｓです！お体もしっかりキープされてています
Ｍの方は是非",https://www.cityheaven.net/aichi/A2301/A230103/paris/girlid-2427406/,
ヘルスクラブ巴里,まや,https://www.cityheaven.net/aichi/A2301/A230103/paris/girlid-28362104/,http://okinilove.com/blog-entry-1734.html#asakara,"最高評価 
      ★★★★★
       →記事リンク","久しぶりの巴里です
今回は熾烈な予約合戦を勝ち抜いてまやさんを指名

私事ですが、まやさんのファンだった事もあり期待に色々な部分を膨らませて訪店となりました
（予約時間の２０分前に到着ｗ）

さて、対面の前に店員氏の１０分待ちくらいで、という話は全く参考になりません
予約時間から３０分以上待たされての案内でしたが、悪びれる様子もなく、ヘラヘラしてたのが少々気に障りました

気を取り直して対面ですが、画面で見たままの顔、スタイル、声、そして初めての会話・・・たまらんです

肝心のプレイですが、暴発するかもと伝えるとゆっくりと丁寧に時間をかけてしてもらえました

テクニックもですが、見せ方が上手いですね。表情や声の出し方、攻守交替も自然な流れで完璧すぎました

ＡＶ出身の子は何度か遊んでますが、性格がキツかったり、偉そうだったりであまり良いイメージはありませんでしたが、まやさんはとても気遣いができて優しい子でした

帰り際にハグして軽めのチューをした後、さらにもう１度熱烈なチューがあって最高の時間を過ごせました
生きてて良かったですｗｗｗ",https://www.cityheaven.net/aichi/A2301/A230103/paris/girlid-28362104/,
ヘルスクラブ巴里,いろは,https://www.cityheaven.net/aichi/A2301/A230103/paris/girlid-37365204/,http://okinilove.com/blog-entry-1734.html#anaaki,"最高評価 
      ★★★★★
       →記事リンク","巴里は初めてだったのでネットでよく調べてから感じの良さそうないろはちゃんを選択。

近くに同じ名前の店があり間違え掛けたがなんとか時間ギリギリに到着。
電話含めたスタッフ対応は〇、店内も綺麗。

予約時間から5分ほど過ぎ案内でお出迎えはチアガールコスプレ。

スラッした脚とにこにこ笑顔が眩しい。
チアガール服を脱ぐと色白モデル体型な全身でこの時点で興奮度上昇。

マットはかなり上手い。
肌はスベスベモチモチ。背中を乗られてるだけでも気持ちの良い肌触り。

ただマットでコチラが上になって攻めるのはNGと言われ69はOKと上に跨ってくれた。

穴の締りはかなりキツくこれは〇れたら極上なのではと期待大。責めた時の喘ぎ声も可愛く責めた分しっかり反応してくれ、イキやすいのか何度も絶頂していました。

交渉していないですがこれだけ反応が良ければ流れに任せて〇れても良さそうな雰囲気。
名古屋に来ることがあればまた指名したい女の子だった。",https://www.cityheaven.net/aichi/A2301/A230103/paris/girlid-37365204/,
ヘルスクラブ巴里,はるな,https://www.cityheaven.net/aichi/A2301/A230103/paris/girlid-38836/,http://okinilove.com/blog-entry-683.html#bon,"最高評価 
      ★★★★★
       →記事リンク","こんなダイナマイトバディがいるのかというくらいのエロエロボディ。

喫煙臭のみが欠点で、エロ顔、エロボディ、エロオーラで言うことなし。

好みにもよるでしょうが、中毒になりそうなほどの風俗嬢だった。",https://www.cityheaven.net/aichi/A2301/A230103/paris/girlid-38836/,
ヘルスクラブ巴里,ゆきの,https://www.cityheaven.net/aichi/A2301/A230103/paris/girlid-39668003/,http://okinilove.com/blog-entry-1734.html#mitin,"最高評価 
      ★★★★★
       →記事リンク","前に比べて出勤が減ってしまいなかなか会いに行く事ができません！

辞めちゃうのかな？めっちゃいい子です！
キレカワでおっとり優しい雰囲気。

お話も聞いてて楽しく人見知りの私もすぐ打ち解けられました！少し抜けてるのかおっちょこちょいなところも可愛かったです。

プレイは責めるほうが好きみたいでテクニックは色んなお店の女の子に入ったことがありますが、その中でもトップレベル！！

マットが上手との口コミを見て突撃しましたが、キスも濃厚でたっぷりしてくれて、吸い舐めも、濃厚なフェラも、アナル舐めもしっかりしてくれて素股もすごく気持ちよかったが、ここで発射しては勿体ない…と交渉しぬぷんと。これ後ははお会いしてから体験してみてください。

ベッドではこっちが責めると感度も良くてすぐぬるぬるになっていて、無心になれるくらいエロスがそこにはあります。
自分に凄いテクニックがあるんじゃないかと思うくらいに感じてくれて大満足でした！指名してよかったなと思えます。

終始ゆきのちゃんは可愛かったし、ずっと笑顔でとってもさりげない気遣いがハンパない女の子でした。辞めるまでリピし続けます！！",https://www.cityheaven.net/aichi/A2301/A230103/paris/girlid-39668003/,
ヘルスクラブ巴里,うさめろ,https://www.cityheaven.net/aichi/A2301/A230103/paris/girlid-40075217/,http://okinilove.com/blog-entry-2340.html#riti,"最高評価 
      ★★★★★
      →記事リンク","前より出勤が少なくなってしまったので、会える日は頑張って行くようにしてます。

いつも明るくて楽しい。

もちろん可愛くてスタイルも良くサービスもいいから満足してます。

会えるだけでも幸せな時間を過ごせてます。",https://www.cityheaven.net/aichi/A2301/A230103/paris/girlid-40075217/,
ヘルスクラブ巴里,しなも,https://www.cityheaven.net/aichi/A2301/A230103/paris/girlid-42359569/,http://okinilove.com/blog-entry-1734.html#hayato,"最高評価 
      ★★★☆☆
      →記事リンク","細くて幼い感じで可愛いけど本当にFカップかな？
自分的にはタトゥーが残念。

女の子がノリが良くおしゃべり好きでずっと話しかけてくれるので、こちらとしては助かる。明るいので楽しく時間が過ごせた。

口コミが1件しかなかったのでちょっと不安だったけど普通でした。本なし。フェラ◎素股◎",https://www.cityheaven.net/aichi/A2301/A230103/paris/girlid-42359569/,
ヘルスクラブ巴里,マンゴー,https://www.cityheaven.net/aichi/A2301/A230103/paris/girlid-42962565/,http://okinilove.com/blog-entry-1734.html#ak,"評価 
      ★★★★★
      →記事リンク","明るくて関西弁でノリがいい感じが特徴的で、こんな彼女いたらいいなとなんか落ち着く存在です。

たくさん楽しいおしゃべりもありプレイも一生懸命にエロイ！！
初めてだったから80分であそんでみましたが、時間が足りないくらい。

マットは別店で何回か経験あるけどマンゴーちゃんの技はスゴいの一言。
ここまでちゃんとできる子あまりいないんじゃないかな。

そして、キスが濃厚で何度も何度も求め合うというかキスも上手でこちらが勘違いするくらいヤバい。
ベッドでもたくさん責めましたが無心になれるくらいエロスがそこにはあります。

反応がいいとか悪いとかじゃなくて相性がいいんじゃないかと思えるくらい激しい絡みで最後には……

この子指名してよかったなと思えます。
褒め上手というかこちらの気分をスゴく良くしてくれる気立てがいい女の子でした。

終始マンゴーちゃんは可愛かったし実際の彼女のような気にさせてくれてマンゴー沼にハマってしまいそうです。間違いなくリピ確定です！！",https://www.cityheaven.net/aichi/A2301/A230103/paris/girlid-42962565/,
ヘルスクラブ巴里,ましろ,https://www.cityheaven.net/aichi/A2301/A230103/paris/girlid-43742841/,http://okinilove.com/blog-entry-1734.html#aserora,"最高評価 
      ★★★★★
       →記事リンク","ましろさんの過去の写メ日記で潮吹きがあったのとGカップのおっぱいに感銘を受け性欲を溜め込み突撃しました！

会った印象は美人で明るくノリがいい。
気取らない感じでフレンドリー。笑顔が素敵な女性です。
すぐに彼女のファンになっちゃいました。

プレイはというとこちらが責める時は淑女のようであり、ヒクンヒクンと体をねじらせよがりながら感じている様子がなんともいい！優しく手マンとクンニで大量の潮吹きを無事体験できました。シーツはびしょびしょ。

ましろさん曰く、体調や相手によっては吹かない時もあるようなので。

マットの素股やマンズリは最高でこちらも溜め込んでいたものを大量に発射できました。

マンズリの時に股の開き具合から「もしかしていけるんじゃないですかー」と頭を過ぎりましたが初見なので大人の対応で帰路につきました。",https://www.cityheaven.net/aichi/A2301/A230103/paris/girlid-43742841/,
ヘルスクラブ巴里,まりん,https://www.cityheaven.net/aichi/A2301/A230103/paris/girlid-45126235/,http://okinilove.com/blog-entry-1734.html#anruto,"最高評価 
      ★★★★★
       →記事リンク","サイトである通り、とても気遣い上手でホスピタリティ神という感じでした。

プレイ内容は
マットで一発
(全身キス多め、感じ過ぎる自分を「大丈夫？」と何度も確認しながら弱い所を的確に攻めてくれました)

ベットで休憩がてらマッサージ

復活してきたらイチャイチャからの2回戦目へ
手こきでフィニッシュ。
という感じでした

常に笑顔で話も上手なので楽しく過ごせました。
身長が思ったよりも高い(170以上あると思う)ので高身長好きの方にはいいかと思います。",https://www.cityheaven.net/aichi/A2301/A230103/paris/girlid-45126235/,
ヘルスクラブ巴里,いのり,https://www.cityheaven.net/aichi/A2301/A230103/paris/girlid-45888445/,http://okinilove.com/blog-entry-1734.html#hamu,"評価 
      ★★★★☆
      →記事リンク","いつも参考にさせてもらってますので、私もいい子にあたったので書いておきますね。

やばい!マジかわいい!愛嬌あるし小顔でめちゃ可愛い女の子でした。

ただちょっと色黒（そんなに黒くない）でむちむちな感じでした。マットなんでむしろ最高でしたけどね。

プレイはすぐに昇天してしまったので上手です。スペシャルははすいません、、交渉すらしてないです。
久々可愛いこを見たので大満足。

またいい子にあたったら書きに来ますね",https://www.cityheaven.net/aichi/A2301/A230103/paris/girlid-45888445/,
ヘルスクラブ巴里,天花,https://www.cityheaven.net/aichi/A2301/A230103/paris/girlid-47192072/,http://okinilove.com/blog-entry-1734.html#uisuki,"最高評価 
      ★★★★★
       →記事リンク","写メのイメージで予約して突撃したんですが会った瞬間、ちっちゃくて可愛い天使がいました！ガッツポーズどころじゃない！！

お話の仕方やしぐさも可愛らしく愛おしい感じです。いじってもちゃんと返してくれるからノリもいい感じ。

プレイの方はというとマジで最高です！！

あの小さな身体から想像がつかないほどマットの上では縦横無尽に動きまわり全身をくまなく気持ちよくしてくれます。

フェラでの寸止めや焦らしなどいろいろな手法もあり
素股でも入っているんじゃないかと思うほどに挿入感があり興奮度も最高です。

ロングではいったのでもちろんベッドも楽しませて頂きました。
トロンとしたエロい表情で彼女はベッドに横たわります。それはアレを欲しがっている表情にも見えこちらもやる気マンマンに！

濃厚なキスから始まり柔らかいおっぱいを舐めまわし吐息がこぼれるほどに徐々に彼女の息づかいも荒々しくなっていきます。

喘ぎ声は外に聞こえてしまっているのではないかと思うくらい響き渡り、思わず口をおさえそうになってしまいました。
それでも下の方へと彼女が誘ってくるのでそのままクンニへ突入！！

もうぐっしょりなんです。
まさに洪水状態で溺れかけました。

彼女のアソコがヒクヒク感じながら責めていると確かに小声で「もっと欲しい」と聞こえ「えっ！」ってなってマンズリ開始！！
さらにいやらしい声は高ぶりぬぷっとなだれ込んでいくのでありました。

詳しくは書きませんがとてもいい思いをしたとだけ書き記しておきましょう。",https://www.cityheaven.net/aichi/A2301/A230103/paris/girlid-47192072/,
ヘルスクラブ巴里,わさび,https://www.cityheaven.net/aichi/A2301/A230103/paris/girlid-47387071/,http://okinilove.com/blog-entry-1734.html#manjiro,"評価 
      ★★★★★
      →記事リンク","臨時収入があってプレミアのわさびちゃんを指名。アイドルっぽい顔が超超ドタイプ！！

話を聞くとどうやら元グラビアをやってたとか。

濃厚マットがお好きな方にはおすすめです。
舐め方とかHカップのおっぱいを使った責め方とかテクニックのオンパレード。

甘い吐息で興奮度もヤバめ！！
大きめのおしりもエロすぎる。
もちろんベッドも◎

おっぱいを吸いながら手コキしてもらうのはみなさんも一度は体験した方がいいですよ！
手抜きプレイは一切なかったです。

ポケモンの話で盛り上がって意気投合。ホント楽しかった。

マジで病みつきになりそう。
お金の余裕があったら延長したかった。",https://www.cityheaven.net/aichi/A2301/A230103/paris/girlid-47387071/,
ヘルスクラブ巴里,うる,https://www.cityheaven.net/aichi/A2301/A230103/paris/girlid-50032426/,http://okinilove.com/blog-entry-1734.html#kaikai,"評価 
      ★☆☆☆☆
      →記事リンク","プレミアム嬢とのことなのでかなり期待を膨らませておりましたが、

事務的
こっちが少し動いてしまっただけで、かなり強い力で抑えつけられて無言の圧力。

触られたくない感

笑顔もほぼなしでかなり無愛想。",https://www.cityheaven.net/aichi/A2301/A230103/paris/girlid-50032426/,
ヘルスクラブ巴里,みみ,https://www.cityheaven.net/aichi/A2301/A230103/paris/girlid-61578904/,http://okinilove.com/blog-entry-2681.html#sirinda,"評価 
      ★★★☆☆
      →記事リンク","新人の割に店が猛プッシュしているので気になって予約。
どうやら某萌系の人気嬢が移籍してきたらしい。

なるほどね。
萌え系好きの客には受けそうだ。

でもここはマット店。
もう少しマット頑張って欲しかったな。

本人も肌が荒れるからマットはやりたくないとのこと。",https://www.cityheaven.net/aichi/A2301/A230103/paris/girlid-61578904/,
CANDY,このは,https://www.cityheaven.net/gifu/A2101/A210101/candy/girlid-53392678/,http://okinilove.com/blog-entry-3002.html#kanasimi,"評価 
      ★☆☆☆☆
      →記事リンク","ずっと以前から超小柄なスリムな子ということで入ってみたくて、写真からはいい情報しか取得できてなかったようです。

後からよく見たら、確かにそういう顔の輪郭をしていますね…。
その骨格の影響か、それほど小柄には感じなかったです。

入るなり前の時間のお客さんに対する愚痴の応酬。相当ひどい客だったんだなぁと思って同情して聞いていましたが…。

その間こちらへの配慮もなくタバコを吸う。愚痴を聞いてる時間、貴重な時間にお金を払ってるんですが？ さらに洗体&歯磨き後、ベッドに移動してからずっとLINEに返信してなかなか始めない。

いやこれ前のお客さんが気分悪くするの不思議じゃないね。
もう大人なんだから、社会人としての常識的な振る舞いは身につけた方がいいよね。",https://www.cityheaven.net/gifu/A2101/A210101/candy/girlid-53392678/,
CANDY,うさ,https://www.cityheaven.net/gifu/A2101/A210101/candy/girlid-54612254/,http://okinilove.com/blog-entry-3002.html#nath,"評価 
      ★★★☆☆
      →記事リンク","お店の印象ー
予約の電話からややそっけなく冷たい感じ。

店で対応したボーイも恐らく同じ人。スキンヘッドでガタイのいいおじさん。
ここでの対応も突き放す感じ。控え室に呼びに来る際も小さい声でボソッと謂うだけ。

ヘブンに書いてあったマイガール、マイショップ登録で1000円割引にはなりません。
メルマガ登録まで行って初めて割引となります。

ここについて文句を言うと事前登録が必要なので今やってもダメ、と。今時珍しいくらい不親切な店ですね。
早急にヘブンに書き直してほしい。

システム、ボーイ共に印象は最悪です。

姫の顔ー
写真より目が小さいが、まあこれくらいのパネマジはあるかな、と言う感じ。
そんなに可愛いくはなく、少しロリ入ってるが普通に大人だと分かる。J Kでも通用するは言い過ぎ。まあ普通の娘です。

姫のルックスー
幼〇体型ですね。胸とお尻は大きくムチムチで気持ちいい。少し地黒なのかな？あと、乳首が黒いのは残念。

姫のキャラー
とても明るいキャラで120分会話が途切れず楽しく過ごせました。

姫のプレイー
エレベーターでご対面してからすぐにキス。これは嬉しいですね。マットが出来ない姫です。ベッドテクも普通です。

総じて普通の女の子です。
とても良い娘ではあるので他のオキニに入れない時にリピするかもしれません。

しかしながら姫はともかく他の部分が良くないので少し躊躇しますね。
余談ですがスキンヘッドのボーイは姫達にはとても優しく良く話すそうです。

店のルールもユルユルで誰でも入店できるしアンケート等も無く店から何も言われないのでユルユルに合う姫はずっと居座るそうです。この姫は大丈夫でしたがサービス地雷が気になりますね、、、。",https://www.cityheaven.net/gifu/A2101/A210101/candy/girlid-54612254/,
CANDY,じゅり,https://www.cityheaven.net/gifu/A2101/A210101/candy/girlid-59000180/,http://okinilove.com/blog-entry-3002.html#sando,"評価 
      ★★★☆☆
      →記事リンク","お久しぶりの風俗
空き時間のため予約無しで

ボーイさん不在で案内なく二階受付へ
そこからはテキパキと、10人近く待機していたがボーイさんおすすめのじゅりさんを選択

トイレを済ませ、5分ほど待ちご案内
にこにこのお姉さんとご対面

写真よりはふっくらした印象やけど、緩い関西弁と笑顔が好印象

お部屋に入って軽くチュー
たわいも無い会話をしながらシャワー
お風呂で立派な天然物を堪能

ベッドへ移動して色々していただく
唾液たっぷりの口技が良き

攻守交代して念入りにして差し上げるとすぐにご満悦
狭目なお道具へお邪魔して、3〜4体位楽しんだのちに発射

少しお話ししてシャワー
総じて笑顔が絶えず、気持ちの良い接客でした
タイミングが合えばリピありかも",https://www.cityheaven.net/gifu/A2101/A210101/candy/girlid-59000180/,
CANDY,ゆら,https://www.cityheaven.net/gifu/A2101/A210101/candy/girlid-60032798/,http://okinilove.com/blog-entry-3002.html#kansai,"評価 
      ★★★★★
      →記事リンク","ご無沙汰しております。

風俗は少しは行っておりましたが当たりが今回１０月になってようやくでした。

好みは人其々ですしもっとナイスバディの方もいるでしょうが僕的にはド満足で来月も金銭的に大丈夫ならリピ必須です。

一応目当ての他の娘がむかう途中で先客ありとなり、焦らず自分の好みとマッチするかプロフを読みまくった結果ゆらちゃんのキスが好きって投稿が決め手になり予約。

会ってみると確かに愛嬌ある明るい子で会話も楽しくできます。

脱ぐと適度にボリュームありタレもない乳房で乳首も見せ出してからツンと立ってくるのがよくわかり、

お風呂タイムの前に後ろからなでなでモミモミコロコロ始めるとソッコーで敏感な反応、同時に喘ぎ声も期待通りに出してくれるので唇も奪いにいき濃厚ベロチューしながらのモミモミプレイに突入。

出発前にシャワー浴びて来たと告げるとこのままいいよってことでプレイ続行、昔彼女とホテル入ってた時以来ですが脱がして即叡智突入ってのはお風呂後に絡み出すのとはまた違った肌触りと興奮ありますね!

押し倒してひとしきりベロチューとパイ攻め堪能するとハタチの若い股を全開にしてもらい、そのままズンッ！！といきたいのを堪えて若い割れ目を拡げると綺麗なピンク色と形のいい栗ちゃん発見(笑)

舌と指でクリクリ可愛がりながら大事な◯穴にも軽くズボズボ＆Ｆサイズもワシワシと揉みしだくと気持ちいい声を聞かせてくれながら昇天してくれました。

仕事柄自制してか慣れてかイク嬢ってのはあまりいませんがやはり逝ってくれると嬉しいですね。

次はどうする聞いたら舐めさせて、との事でうっとりエロ顔を眺めながらのお◯タイム、昔みたいな回復力あれば昔の彼女の如くゴ◯クンされても気持ちよさそうな◯の中ですが失速しては元も子もないので再び下になってもらい、お待ちかねの◯入(笑)

テンション低い子の時と違いギンギンなので正に突き◯す感じでゆらちゃんも一際大きく「アンッッ！！」と悶え声。

身体を起こして割れ目を拡げたり脚を抱え込んで◯ボ◯ボして楽しみましたが、嬉しかったのは密着してるとベロチューは勿論ですが耳◯めも全然ＯＫとの事。これもリピ必須のポイントですね(笑)

◯まりが良すぎで◯ストンが負けそうなので
「勢いあるうちにゆらちゃんの◯宮で受け止めてくれる？」と告げると激しく感じながら快諾してくれて無事◯入完了。

しばらくハグ状態からゆっくり引き抜くとこをいつも通り(笑)見させてもらうと思った以上にドロリとたっぷり。

少なくとも僕的には相性抜群でした。帰りの際まで終始いい感じでお疲れ様、出稼ぎではないですがそう間が開かないうちにリピします。ホント反応してくれるってのは嬉しいもんですね。",https://www.cityheaven.net/gifu/A2101/A210101/candy/girlid-60032798/,
CANDY,りく,https://www.cityheaven.net/gifu/A2101/A210101/candy/girlid-60760577/,http://okinilove.com/blog-entry-3002.html#atat,"評価 
      ★★☆☆☆
      →記事リンク","前回に投稿して以来で、ふらりと来店してきました。

この子も出稼ぎで全国を色々と転々としているとのこと。

色々なお店を利用した経験で学んだことは、出稼ぎの女性はリピーターを作ることを想定していないので、手抜きをする傾向になってしまいます。

プレイ時間が長すぎたようで、途中からお話タイムに変わりました。

お客の愚痴も教えて頂きましたが、その様な接客だと客も楽しくなくて酷い対応をする人もいるでしょうね。。。
悪循環ですね。

新規顧客のみしか客が来ないのであれば、新規顧客を呼び込む為に写メ日記へ色々と書きます。

名器の女性には何人も会ってきましたが、そんな事を日記やアピール文に書く人はいませんでした。

そんな事を書かなくてもリピーターが、いつもいっぱいで予約が困難な状態だからです。
（違う理由で予約困難も当然あります。人の好みは色々です。）

客も凄い名器だとか、そんな事を口コミ等で書いてしまうと、増々と予約困難になってしまうので書かない人が多いでしょう。

プレイ内容は、サービスをする気はなく好きにさせる感じなので責める事が好きな人には良いかもしれません。

時間いっぱいまで元気で、射精をコントロールできる人はおすすめできないです。

地元から働きに通っている女性との違いは、接客に愛情を感じれるところです。
リピーターを作る為に、LINEも積極的に教えてくれる人が結構います。

出稼ぎ女性のお陰で、今までの女性に感謝をしなければと気づきました。
優しい女性と思っていましたが、愛情にあふれた神接客でしたね。

このお店は出稼ぎ女性が多いようなので、あまり混んでいないのかなぁ？という印象でした。
実際は、　わかりません。

前のお店名時代に、ひかるさんは何度も入りました。結構気にいっていました。

また、来店することがあれば地元から通う女性か、ひかるさんに入ってみようと思います。",https://www.cityheaven.net/gifu/A2101/A210101/candy/girlid-60760577/,
らぶりぃ,ゆあ,https://www.cityheaven.net/aichi/A2301/A230103/lori_lovely/girlid-30826932/,http://okinilove.com/blog-entry-2891.html#fuzokubo,"最高評価 
      ★★★★☆
       →記事リンク","最近仕事が忙しすぎてイライラムラムラが止まりません
だから連続で風俗に行くのも仕方ない

という訳で県外へ遊ぶついでに前から気になっていたゆあさんに凸

写メ日記よりつり目が特徴的ですかね？
でもキツさは膣穴だけでしたね

全体的にミニマムですがちゃんと胸もあり、女性の体でした

色々弄んでいると下は濡れ濡れ〇れていいか聞くと即OKでそのままI〇

ただしサイズが小さいのでキツキツというかもはや痛い

まるでローションの量を間違えたオナホのよう
普通に痛いのでローション使った方がいいです

出す時は外でとの事でお腹にぶっかけ

初回NSできるなら次はもう少し長めにとって連発してもいいかも……

ただこのお店の過去のレビューと値段が若干違うよな……？",https://www.cityheaven.net/aichi/A2301/A230103/lori_lovely/girlid-30826932/,
らぶりぃ,ここあ,https://www.cityheaven.net/aichi/A2301/A230103/lori_lovely/girlid-35787676/,http://okinilove.com/blog-entry-1419.html#tokumeik2,"最高評価 
      ★★★★★
       →記事リンク","管理人さま♡こんにちは～😙

こんな世の中ですけど、、めちゃくちゃ完売してる子、見つけて、凸です！

60分213ホ込み！

こんにちは～って、ちょっとテンション低めw
マスクしてるけど、かわいぃ♡っす！

なんかパネルとは、ぜんぜん印象違う感じですけど、まぁー、普通に可愛い子。
顔は、ゆうこちゃんと競うかなぁ。
脱いだら、色白ロリ(๑>◡<๑)
好きなひとは、堪らんでしょ！

キスして、美乳ペロぺろん(〃ω〃)
結構、敏感さん♡
キレーな鮑を、ペロぺろペロ👅

手まん、咥えて、、1回目♡
めちゃくちゃ、ｸﾈｸﾈｸﾈｸﾈ(//∇//)
2本咥えて、2回め♡♡

それじゃぁ～って、ｽﾘｽﾘｽﾘｽﾘｽﾘｽﾘ(〃ω〃)
おこ頂戴ぃ♡って、、www😆
抗えんわ～って、そのまんま、ズボって(//∇//)
ぬリュヌルで、、きむちいぃぃ～♡
サイコー(*ﾟ▽ﾟ*)
ち○こにも、スゴく、、エロい反応する♡
からだｸﾈｸﾈｸﾈｸﾈ、、きむちいぃぃトコに、当ててくる（≧∇≦）

笑笑　めちゃ早かったです😅

二回戦♡
ふぇらしてー！って、、いいよぅ！って（≧∇≦）
意外に、、うまぁー！
ぴんぴんっ、て、、ずぼぉっ～って
あんぁんあんって、、逝ってまっす～♡
さっき、出過ぎて、w、、ちょびっと、ピュっ。

たまに、いるでしょ。
美人でマジメだけど、実はエロい女の子♡

こんど、メガネ👓させよーっ。
そんな感じwww

しばし、通うぜよー♡",https://www.cityheaven.net/aichi/A2301/A230103/lori_lovely/girlid-35787676/,
らぶりぃ,まり,https://www.cityheaven.net/aichi/A2301/A230103/lori_lovely/girlid-45918222/,http://okinilove.com/blog-entry-2344.html#yosida,"最高評価 
      ★★★★★
      →記事リンク","らぶりぃのレビューが少ないので投稿します！

みりやちゃん本当は行きたかったのですが体調不良のため前から気になってたまりちゃん指名しました。

プレイはイチャイチャ系で、慣れたらかなりプレイ内容が変わる子だなって印象でした！

おっぱいはあまり感じないので乳首をいじるとやんわり拒否してきますが、お○んこをいじると変貌します。
前戯はしっかり時間とってあげましょう！

フェラとテコキを堪能し、素股を始めたところでお邪魔してもいい？と交渉したらOK貰えましたが、P指だと難しいかもですね！

相性次第でかなりエロくなるとてもいい子でした。
また指名します！",https://www.cityheaven.net/aichi/A2301/A230103/lori_lovely/girlid-45918222/,
らぶりぃ,ゆいり,https://www.cityheaven.net/aichi/A2301/A230103/lori_lovely/girlid-46752614/,http://okinilove.com/blog-entry-2344.html#boki,"最高評価 
      ★★★★★
      →記事リンク","どーーーーも！ボッキマスター....デス！！
今日は、初めてのお嬢と遊んできました。
らぶりぃの「ゆいり」ちゃん。

何が大変って、僕が大好きTani Yuukiライブチケットの予約を取るのよりゆいりちゃんを予約する方が大変です。
たまたま一枠空いてて、すぐさま予約！

当日になり、いつものように部屋の中で、お嬢を待ってると、久々なので、緊張なのか、、、。
ドクドク。ドクドク。おちんちんが脈を打ってます。
そうなんです。僕緊張するとおちんちんがドクドクいうんです。

ピンポーン。こんにちわ♪
顔を見た瞬間。何だこの子は。神か。女神か。
激可愛いじゃないですか。

少しお話し、お口くしゅくしゅ。シャワーを浴びていざプレイへ。スタイル抜群。
もう一度言っていいですか？激かわいい。
もうアイドルの中のアイドルです。

初めは攻めてもらい、体中を舐めてくれます。まぁ優しい。気持ちいいというか、なんていうんでしょう。幸せです。

攻守逆転になり、ペロペロ。ビクビクしながら気持ちいい。って言ってくれます。
ローション使い素股をしてたら。にゅるん。〇ってしまいました。

優しくねっていわれながら、ゆっくりゆっくり。お腹の上に、、、。はーい。こんにちわ。

60分の短い時間ではありましたが、とっても素敵な時間を過ごさせていただきました。

また予約とりにくくなるなー。。
でも、いいんです！

ではでは、またボッキマスターをよろしくお願いします！！",https://www.cityheaven.net/aichi/A2301/A230103/lori_lovely/girlid-46752614/,
らぶりぃ,めみ,https://www.cityheaven.net/aichi/A2301/A230103/lori_lovely/girlid-53840616/,http://okinilove.com/blog-entry-2344.html#tokumeik2,"最高評価 
      ★★★★☆
       →記事リンク","管理人さま♡こんにちは〜

係長の青碧に刺さりまくるこちらのお店で気になる子がいましたので凸して来ましたー

パネルの感じは超かわいい😍って雰囲気ではありませんが、なんか人気です♡
あと、とってもいい子そー(//∇//)

こんにちは〜♪って
ふーん、かなり昔にお世話になったはるかちゃんを彷彿とさせる雰囲気(//∇//)
ロリ少女というよりも、清楚系OLって感じ♡

清潔感のある女性って、エロいっすよねー
脱ぐとお胸がまーまー、自己主張あって、
これまた、清潔感ある清楚な女性👩‍🍼

もちろん、パイパンとかじゃない、
シャワーもそこそこ、始まります♪

キス💋は、かなり積極的っす(//∇//)
レロレロしながら、下をサワサワサワサワ、、
いい感じにしっとり😍

もちろん、仕込みローションなんか梨
おま◯こを撫で撫でしながら、はー、はー、
ピクピクしてて、舐めるよぅ👅って、
クンニします。

だんだん、、あん、あんが大きくなって、
あっ、、っ、、イキそー、、って(//∇//)
係長が舐め舐めしてんの、を、カラダを起こし
て、見てまっす(〃ω〃)ヤラシー
イカれます😍

オプションの電マあてながら、
フェラさせると、気持ちぃぃー😩

電マでイッて、M字開脚させて、、
スリスリスリスリスリスリスリスリ、ん、、んっ？
ノーガード、、ヌュルンって、、挿〇っちゃって
あーーーんっ、て、♡
パンパンパンパンパンパンパンパン、、あんっ、あっ、っ、あー、、ん、、っ、、っ、て

あー、、気持ちいぃっーーっす、(//∇//)
セ◯ス、、サイコー😁
もちろん、リピしまーす！",https://www.cityheaven.net/aichi/A2301/A230103/lori_lovely/girlid-53840616/,
らぶりぃ,わこ,https://www.cityheaven.net/aichi/A2301/A230103/lori_lovely/girlid-54290208/,http://okinilove.com/blog-entry-2344.html#tokumeik3,"最高評価 
      ★★★★☆
       →記事リンク","管理人さま♡こんにちは！

顔出ししてませんが完売してるんで気になって行ってきました♪

こんにちは〜って、
めちゃくちゃ可愛いまでは行きませんが、普通にかわいらしい若い子♡
まさに、らぶりぃ嬢です

脱ぐと若い子のキレイなカラダしてます
いわゆるスタイル⭕️ スレンダー♡
この店の客はこーゆー子が好きなはず

電気どうするー？って、どっちでもいいですよ♪
はい、、始まります

ベッド行くとニヤニヤしててなんか嬉しそー
キス💋するとめちゃくちゃ積極的(//∇//)

おっぱいサワサワするだけでアンアン言ってる
下を触ると敏感なのか内股ポーズクネクネ

M字開脚させてま◯こを見ます
綺麗なパイパンま◯こです

舐めるよって言って、うん♡って、めちゃくちゃ敏感でスグにイっちゃいました(//∇//)
エロい子です

電マ使って攻めると当たり前に何回も何回も♡
イキかたがどんどんエロくなってます

たまらん♡ってスリスリスリスリしたら、、って
ぬるぬるなんで半分くらい挿〇ってました、
STOP✋って、交渉してズボッと◯挿〇した♡

若くてキチキチでぬゅるぬゅるでヤバい😩
めのまえで小さくてかわいい女の子がアンアンアンアン
言ってますよー

はぁ〜、たまりませんわ😅",https://www.cityheaven.net/aichi/A2301/A230103/lori_lovely/girlid-54290208/,
らぶりぃ,いのり,https://www.cityheaven.net/aichi/A2301/A230103/lori_lovely/girlid-57815185/,http://okinilove.com/blog-entry-2891.html#magu,"評価 
      ★★★★★
      →記事リンク","現役AV女優のいのりさんに突撃して来ました。

行く前にAVを確認して行きましたが服装、見た目ともにAVとは違い大人っぽくなってました。
プロフィール通り145ｃｍ、Ａカップでした。

シャワーを浴びてタバコを一緒に吸いながら雑談。

洗い方がね・・・・最高！小さいてでイキそうになりました。
本〇交渉した所Ｇあり3でならとＯＫ頂きました。

いざベットにＩＮ。
フェラ、手共に初めての感覚。プロ感ありましたね。

残念な点は乳首敏感だからってあんまりいじれなかった所ですね。
濡れにくいそうなんでゴムとローション付けてＩ〇。

えええ・・・・えええ・・・

これまでに感じたことないキツさでした。
締め付け方？

これが名機と言う物なのか・・・と5分持ちませんでした。

ちょこちょこ名古屋に出稼ぎに来るそうでまた行こうと思います。・・・高いが。

デリ28000　本〇30000　ホテル3000　って感じでしたね。",https://www.cityheaven.net/aichi/A2301/A230103/lori_lovely/girlid-57815185/,
らぶりぃ,ももち,https://www.cityheaven.net/aichi/A2301/A230103/lori_lovely/girlid-61341239/,http://okinilove.com/blog-entry-2891.html#toran,"評価 
      ★☆☆☆☆
      →記事リンク","久しぶりにこちらにレポートします。
特に皆さんに認知して欲しい嬢のみしてるので、信憑性は高いです。

まずこの嬢にした経緯から説明します。(これ大事です。)

常々、ハズレを避けたいあまり日記を重視してます。これがアダとなりました。
(気になる点はこんなエ◯い感じなのにリピーターがほぼゼロ。)

写真は今の時代なんとでもなるので、日記の内容で判断してました。
日記からすると、本人はすごく性には積極的で、客の欲求を満たすことが出来る印象、これならと早速予約。

普通に10分近く遅刻して呼び鈴。
印象は予想よりぽっちゃりの堅いの良い若い女の子。こちらに目線も合わす事なく入室。

自分としてはあれっと思ったけど取り敢えずこちらから、「翼が生える」差し入れのドリンクの提供。

これは手放しで喜んでもらえましたが大した会話のやり取りなく精算の儀式。

雰囲気もなくお風呂入れだし、こちらから日記の内容の話を振って雰囲気作ろうとも「頑張ってるからね」と一蹴。
お風呂に入るも全く期待する雰囲気にはならず、ベットへ。

ベットならそうなるだろうと思ったが無理に腕枕からのフェラ。
そうすると相手から本〇の提案。もちろん追銭の要求。

日記のような嬢でしたらこちらから申告してたし、興奮も無かったら一才こちらから要求はしてないにも関わらず、SPしたいよねオーラ。

取り敢えず有金出してゴ〇付きでSP、当然気持ち良くもなく多少イラつきもありフィニッシュ。

遅刻してきたのにその分は無視されて、時短で終了。

出稼ぎらしいしこちらから2度と呼ぶつもりはないだから思い返せば出稼ぎだからリピーターよりも私のような日記で一撃で騙されるアホ相手にSPエサに稼いでるのかと勉強になりました。",https://www.cityheaven.net/aichi/A2301/A230103/lori_lovely/girlid-61341239/,
長者町巴里,えみり,http://www.yoasobi.co.jp/mb/st_item.cfm?ii=1046913&aid=ad_001,http://okinilove.com/blog-entry-1141.html#kei2,"最高評価 
      ★★★★★
      →記事リンク","前の店でもいつも予約いっぱいで、移籍してからようやく何度か入ることができました。

いつも予約完売で、当日直前予約しかできない自分には敷居が高いです。

前店での先人レポの通りの最良嬢です。

容姿、性格、サービス、全てにおいて、自分風俗史上最高ランクの女性です。
色白美肌スレンダーは当然。プニプニのDKも健在です。

先人達のレポにない点と言えば、よく潮を吹いてもらえることです。
透明なトロトロの潮があふれ出すのには感動しました。

SPも自分にはキツキツ、締まり具合も〇き心地も最高です。

毎回、夢のような時間をありがとうございます。",https://www.cityheaven.net/aichi/A2301/A230103/c_pari/girlid-25233245/,
長者町巴里,ひより,http://www.yoasobi.co.jp/mb/st_item.cfm?ii=1086314&aid=ad_001,http://okinilove.com/blog-entry-1141.html#uwaki,"評価 
      ★★★★★
      →記事リンク","以前在籍してたのぞみちゃんが名前変わって復帰してたので約２年ぶりに再来。

前回の指名後退店しててしまってたけどどうしてもまた会いたい子だったので新年早々最高の滑り出しでした♪

前に在籍してたまんまで『最強のアナル舐め』は健在でお願いしたらプレイ時間ずっとアナル舐めでもしてくれるくらい、いろんな店舗でアナル舐めを売りにしてる嬢とプレイ経験ありますがこの子は間違いなくアナル舐め東海最強です。

相手が気持ち良くなってくれるのが好きなご奉仕系なので責めより受け身でとにかく奉仕されたい人にオススメで、１回目終わっても時間潰しで終わる事なく時間いっぱい責めてくれるるのも相変わらずで複数回イケる人だとうらやましいくらい。

出勤は少なめでちょいちょい連絡なく休みになるらしく会うまで数回キャンセルになったのでとにかくその日に！って人は保険で他の子も見ておいて下さい(笑)

お店出たらＵターンして再来したくなるくらいお気に入りの子です♪",https://www.cityheaven.net/aichi/A2301/A230103/c_pari/girlid-28769270/,
長者町巴里,"ふわり, フワリ",http://www.yoasobi.co.jp/mb/st_item.cfm?ii=895736&aid=ad_001,http://okinilove.com/blog-entry-1141.html#oreda2,"最高評価 
      ★★★★★
       →記事リンク","レビューもたくさんあったので実際いってみました。

結果からゆうと満足です。

落ち着くような可愛い感じの子ですね。

スタイルは少しぽっちゃりくらい、細くはないです。
おっぱいは形も良かったです。

プレイは上手いです。
僕が攻めるのは好きじゃないので受け身でお願いしました。

結構喋ってくれますけどいい流れでプレイまで持ってってくれます。
SPも向こうから自然に。

人気なのがわかる子でした。また行きたいですね。",https://www.cityheaven.net/aichi/A2301/A230103/c_pari/girlid-14070892/,
長者町巴里,えみり,https://www.yoasobi.co.jp/tokai/fuzoku/shop/10727/girl/1046913/?aid=ad_001,http://okinilove.com/blog-entry-1320.html#tokumei2,"最高評価 
      ★★★★★
       →記事リンク","管理人さま♡こんにちは！

「人気嬢には人気があるだけの理由がある。」シリーズ、今回は長者町パリえみりさんです。

少し前からBMしてたんですが、今回、自粛休暇に入られるという事で凸して来ました。
休む休む詐欺かもですが、まったく気になりませう。指名するキッカケをくれた嬢に感謝です(._.)

50分200でーす(^ ^)

まず初めまして～ですが、ちょっとパネルや写メとは違う印象です。もう少しおとな可愛い♡感じでしょうか。でも普通に美人さんですし、何よりソフトな笑顔で迎えてくれて、癒されました。かなり好印象です。

部屋に入ると何気ない会話をしながら、自然に服を脱がしてくれます。

こちらが、えみりさんのワンピを脱がすと、色白スレンダーからの超美乳さんでっす！
キッ…キレイ♡って心の声が漏れ出ました(〃ω〃)

軽くキスしてからシャワーへ。

シャワー中もイチャイチャしつつ、割と早めにベッドに連れて行かれました。

最初にDKすると、キスが気持ちいい～(//∇//)とのこと。

キレイなおむねをペロペロすると、いい反応です。ク○ニだけで、すぐに逝かれてしまいました。イク瞬間にカラダをのけ反らせて、イクｲｸｲｸイクｲｸﾞ～って感じ（≧∇≦）ﾔﾗｼ

指を挿れるとキツキツです\(//∇//)\ そのまま出し入れして、○リを激しめに舐めると、またまた逝ってくれます。

興奮して愚息をスリｽﾘすると、舐めさせて～♡て言われ、仁王立ちヘラっ♡

おしりとア○コが鏡に写ってまる見えイヤらしいでっす(*≧∀≦*)

そのままお尻を鷲掴んで、バックで〇きまくります（≧∇≦）イヤらしい顔が鏡に写ってまる見えで、めちゃくちゃヤラシイでーす\(//∇//)\
最後は成城石井で腰ふって、アエギが悲鳴みたいで枯れてて、興奮しますたー(//∇//)

なんかこの前の50分より長いなぁ～って思って、タイマー見ると消えてました。

終わってからもずっとイチャイチャで、気分良かったです♡

いっこ残念なのは、ほんのり少しだけお口の臭いが…。まぁ、体調とかありますよねぇー(^ ^)
リピぜんぜんありですよー♡",https://www.cityheaven.net/aichi/A2301/A230103/c_pari/girlid-25233245/,
長者町巴里,ひより,https://www.yoasobi.co.jp/tokai/fuzoku/shop/10727/girl/1086314/?aid=ad_001,http://okinilove.com/blog-entry-1527.html#uwaki,"評価 
      ★★★★★
      →記事リンク","お久しぶりのひよりさんに会ってきました、レポ自体は代わり映えないけどオキニ嬢なので投稿です♪

ムッチリボディーで絡まるようなマットをしてくれます、明らかに以前より上手になってたのでマット好きにもオススメ出来てるようになりました♪

そしてひよりさんの代名詞アナル舐めは相変わらず言う事なしの大満足、ダントツNo1です♪

プレイも積極的で時間いっぱい極上のサービス受けられました、基本的にリピとかしない方なんだけどひよりさんだけはプレイ後にまた会いたいと思う個人的に殿堂入りの子です。

この業界に居る限りリピし続けたい(笑)",https://www.cityheaven.net/aichi/A2301/A230103/c_pari/girlid-28769270/,
長者町巴里,わかな,https://www.yoasobi.co.jp/tokai/fuzoku/shop/10727/girl/1157976/?aid=ad_001,http://okinilove.com/blog-entry-1527.html#fusyo,"最高評価 
      ★★★★☆
      →記事リンク","お顔は写真より少し落ちるかなと言う感じですが、十分かわいかったです。

最初手を取って部屋まで案内してくれたのですが、掌がめちゃくちゃ硬い！！
失礼になると思い、何も聴いてませんがバスケをやってる人のような硬さでした笑

部屋に入ってからは少しお話したら、わかなさんの方からｻﾜｻﾜ
キスも交えながら脱がされて、シャワー前なのに息子にペロペロ挨拶もしてくれました。

シャワー室に移動後にお尻を舐めたり、マットをしてくれたのですが、実は私この時が人生初風俗！

お尻舐めは馴れない感覚にゾワゾワ、マットも初めて過ぎて気持ちよくはありましたが、皆さんがマットが好きな理由は良くわからず
(自分にマット適性が無いのか、わかなさんがあまり上手じゃないのかすらわからず)

ベッドに移動後息子を咥えていただき、少ししたら騎乗位の体勢へ
風俗で聞く素股をしてくれるのかと思いきや、明らかに〇っている！！

そちらが良いのならと開戦！
遅漏気味なのですが、〇がキツキツですぐイキそうになり外へ発射

その後時間もあまり無かったので所謂ピロートークに移ったのですが、「複数回出してもらうことにしてる」と言って手コキを開始
とても上手くてすぐに果ててしまいました。

最後まで笑顔でお見送りしてくれて大満足でした。

ここまで大満足なのに星4の理由は、話し方がふんわりしていて自分と話が合わないなと思ったからです。

プレー内容事態はもちろん星5で、最高の風俗デビューをさせていただきました。",https://www.cityheaven.net/aichi/A2301/A230103/c_pari/girlid-29627992/,
長者町巴里,らん,https://www.yoasobi.co.jp/tokai/fuzoku/shop/10727/girl/1157991/?aid=ad_001,http://okinilove.com/blog-entry-1320.html#horio,"最高評価 
      ★★★★☆
       →記事リンク","迷いに迷って初入店、長者町巴里
ビジホの隣で出張の人らの出入りとオフィス街な為、帰宅途中のOLさんの目線を気にしつつも階段を登り入店。

カメラがあるのか階段の半分くらいでボーイさんがドアを開けいらっしゃいませと
初めて入りましたが待合室広いんですな

出てきた写真は7枚ほど
イベントでと伝えると

若いボーイは小さく溜息ついてじゃあこの3人になります、と・・・。
まあ、いいけど
溜息つくなよ、半分以上写真取り上げんなよ。

イベントやってほしく無いならデカデカと宣伝出すなよと思いながら【らん】さんを選び、すぐご対面。

パッと明るい感じの笑顔で部屋に入ってすぐ軽いイチャイチャからのアシストありの脱衣、シャワーへ。
ダラダラとトークなどはないので気持ちもあがります。

サクッとシャワー決めて『ベッドでイチャイチャしよっか』と言われ移動。

ここから怒涛の全身リップ！とろけます！
フェラも手コキも上手でフェザータッチで身体のあらゆる所をサワサワっとやってくれます。

SPに関してはいけたのかもしれないですが、らんさんのテクニックに身を委ねフェラでフィニッシュ！とろけました！

終わった後も色々気遣いの方でマッサージしてくれたりと終始楽しかったです。

顔はエロいキンタローみたいな感じです。
美人なキンタローです。ディスってないので通じてくれ！(笑)

体型はくびれなどは無い幼〇体型ですがおっぱいはそれなりにあり柔らかいです。",https://www.cityheaven.net/aichi/A2301/A230103/c_pari/girlid-25004520/,
長者町巴里,"渚カヲル, カヲル",https://www.yoasobi.co.jp/tokai/fuzoku/shop/10727/girl/1212567/?aid=ad_001,http://okinilove.com/blog-entry-1527.html#eien2,"最高評価 
      ★★★★★
       →記事リンク","人生初マットを体験してみたくて評判のカヲルちゃんを80分で予約
予定していた時間から10分ほど遅れてスタートしたけど、きっちり80分プレイだったので問題ないです

対面時、写真と少し違う感じを受けたけど普通に可愛いかったです。
手を取ってもらい恋人繋ぎでエレベーターに乗り、初めましての挨拶をしながらお部屋まで案内してもらいました。

部屋に入って軽く話をしてベッドに座ると、即座に服を脱がされました。彼女の方も、マットとベッドのどちらを希望するかを聞きながら服を脱ぎ一緒にお風呂へ突入。

少しふっくらしていましたが、決してデブではなく標準体型だと思います。

お風呂では椅子に座らされ洗体を開始、過去の口コミにあったように自前のボディソープを使ってくれました。いい匂いです。シャワーの温度や部屋の空調について気遣ってくれて好印象でした。

洗体を終えてマットを設置しますが、マットお風呂の床面積と同じくらいの大きさなので、足の踏み場などを指示されるのでそれに従いました。設置後うつ伏せに寝るように言われ、プレイが始まるのを待ちました。

ローションは程よい粘度と温度で気持ちよかったです。そのままカヲルちゃんにお任せしてマットプレイに神経を集中しますが、正直うつ伏せの背中越しではあまり感覚が伝わらなかったです。でも、足指舐めはゾクッと来て気持ちよかったです。

その後うつ伏せのまま腰を持ち上げられ、お尻の割れ目にローションを流し込まれると手コキとA舐めの合わせ技を受けて勃起。

仰向けになるように言われて仰向けになると、ローションフェラと手コキでねっとりと責められ、じわじわと射〇感が登ってきました。
しばらくしてカヲルちゃんが上に跨り素股で数回擦ると、「〇れていい？」と聞かれたので承諾するとそのまま騎乗位で〇挿〇。

これまでの責めもあり、2-3分で果ててしまいました。出すのは外のため、出そうになった時に合図をするとおま〇こから引き抜いて手コキしてくれます。

シャワーでローションを落とし、ベッドへ移動します。お風呂から上がった時に背中を拭いてくれました。

ベッドにカヲルちゃんが寝転がると「一緒に寝よう」と誘われ寝転がると向こうから脚や手を絡めてくれたので、こちらも手と脚を絡めたり胸を揉んだりしてお互い裸のままイチャイチャしながら会話をしました。

こちらが回復した頃に胸を揉むのを止めて、寝転がった体勢のまま乳輪から乳首にかけて指でゆっくり刺激していくと声が湿っぽくなっていきました。さらに責めていくと、彼女は起き上がって覆いかぶさりキスをしてきました。

そのまま、乳首舐め→ローション手コキと責められこちらの2回戦目の準備が完了した事を確認すると、今度は確認無しで騎乗位の〇挿〇。

ベッドでは騎乗位、正常位、後背位、対面座位と色々と体位を変えていましたが、2回戦目であることや私の動きが拙いこともあり、射〇感がなかなか来ず20分くらいは繋がっていたと思います。

色々体位を試した結果、後背位が一番動きやすく最後に無事イケました。彼女も後背位は好きなようです。イク前に合図をするとマットの時の様に引き抜いて、手コキをしてくれました。

最後にもう一度お風呂に入って汗ばんだ体を洗ってもらい、服を着て会話を楽しみました。
帰り際の通路でも、恋人繋ぎで歩きカーテンを出る前に軽くハグをしてお別れしました。

サバサバ系で最初からタメ口ですが特に気にならず、むしろフレンドリーに接してくれたので初めましてでも会話を楽しめて良かったです。また今度リピしたいと思います。

向こうも初めましての人は緊張するみたいで、ちゃんと反応したりこちらから何かしらの話題を振ってあげると良いかと思います。(特に長時間プレイの人)

長文失礼しました。",https://www.cityheaven.net/aichi/A2301/A230103/c_pari/girlid-33498250/,
長者町巴里,まり,https://www.yoasobi.co.jp/tokai/fuzoku/shop/10727/girl/1218361/?aid=ad_001,http://okinilove.com/blog-entry-1527.html#yamayuri,"評価 
      ★★★☆☆
      →記事リンク","巴里本店にいたまりちゃんが長者町巴里で復活
濃厚プレイは相変わらずだが、やや年齢は重ねた感はある！

ドS言葉責めも新たに追加されたのか？

受身好き、M男君にはお勧め嬢です。
若い娘がいい人は他の嬢へ！",https://www.cityheaven.net/aichi/A2301/A230103/c_pari/girlid-47546349/,
長者町巴里,あおい,https://www.yoasobi.co.jp/tokai/fuzoku/shop/10727/girl/1219348/?aid=ad_001,http://okinilove.com/blog-entry-1527.html#namaka3,"最高評価 
      ★★★★★
       →記事リンク","あおちゃん復帰の一報を聞き、すぐに予約をして会いに行って来ました

再会を果たし、止まっていた時計が再び動き出したように愛し合いました。

露骨な色恋とかではなく、自然にああいう空気感出せる所に沼ってしまってるんですよね笑
掌でコントロールされてる自分最高では！？

可愛さだけならもっと可愛い子は正直他にも居ますが、あおちゃんは今まで風俗で出会った中で最高の子です。また何度でも会いに行きます",https://www.cityheaven.net/aichi/A2301/A230103/c_pari/girlid-48961440/,
長者町巴里,りせ,https://www.yoasobi.co.jp/tokai/fuzoku/shop/10727/girl/1237144/?aid=ad_001,http://okinilove.com/blog-entry-2357.html#alex,"評価 
      ★★★★☆
      →記事リンク","結果的に４年ぶりの再会でした

今が最終形なんでしょうか・・？

やはり顔は綺麗です
スタイルも抜群

昔話をしながらシャワーを済ませベッドへ

上も下も十分に責められ限界を迎えそうなのでフィニッシュ形の相談をします
相変わらずのキツキツであっという間に終了ですｗ",https://www.cityheaven.net/aichi/A2301/A230103/c_pari/girlid-50729970/,
長者町巴里,みな,https://www.yoasobi.co.jp/tokai/fuzoku/shop/10727/girl/1256051/?aid=ad_001,http://okinilove.com/blog-entry-2713.html#kkk,"評価 
      ★★★★★
      →記事リンク","何度もお世話になってきましたが、もうお腹いっぱいかなｗ

とても可愛くてスタイルが良い
シャワーもエロい洗い方、キスやFもエロくて良い

責めるととんでもなく感じてくれます
ただし、優しくすること

敏感すぎるのでNGがあります
乳首やクリはNGです

優しく優しくしていれば良いことあります
ハ〇潮すごいです
こんなに出るんだってくらい出ます　って優しくしてくださいね

NGなことや痛くなるとだめだと思います
とにかく優しく接することで仲良くなって良いことがあります

そしてエロく敏感ですが、が受け身です
き",https://www.cityheaven.net/aichi/A2301/A230103/c_pari/girlid-39419174/,
長者町巴里,もえのん,https://www.yoasobi.co.jp/tokai/fuzoku/shop/10727/girl/1304029/?aid=ad_001,http://okinilove.com/blog-entry-2713.html#kojiharu,"最高評価 
      ★★★★★
       →記事リンク","本欄でも多くのレポがあり、評判もかなり良いのでもえのんちゃんに逢いに巴里に初訪問。

予約はすぐに埋まってしまうため、出勤情報出たらすぐ予約してやっと取れました。
マットヘルスは久しぶり。

お店は待合室がとにかく広い。
自分の他に二人待ってましたが、互いに顔を合わせることもなく、周りが気になりません。

呼ばれて案内された廊下も広々として高級感漂う良店の予感。

扉の向こうに現れたのは、笑顔満点のもえのんちゃん。
HPの日記の写真そのままで可愛さあふれる女の子。

声はオクターブ高い独特な声。気になる人は気になるかも。

逢ってすぐ仲良くなれるフレンドリーな性格と会話ですが、一方的に話すのではなく、ちゃんとこちらのターンになったらきちんと聞いてくれる謙虚さもあります。

さて、ご挨拶もそこそこに早速シャワー、そしてそのままマットへ。
マットはこれでもかというくらい大量のローションを投入し、最初から最後までヌルヌルでキモチ良い全身使っての全力プレイ。

途中濃厚ちゅーやア◯ル舐めも挟み、テクニック満載でさすがプロって感じでした。

しかしマットではもえのんちゃんの一方的な攻めのみ。
攻守交代もしたかったので、少し早めに切り上げていよいよベッドへ。

OPの赤いマイクロビキニを着てもらい、まずは抱っこしての濃厚ちゅー。
そしてマイクロビキニにかろうじて隠れてるおっぱいは巨乳とまでは言わないが、大きさ形柔らかさ共に合格点。

ビキニをずらしておっぱいを責めようとすると、「乳首は弱いからダメよ」の一言。
しかしこれが敏感だからいっぱいしてねという意味だと分かるのにそれ程時間はかかりませんでした。

少し色が濃いめで大きめの乳輪の中央にやや大きめに鎮座する乳首は、ちょっと触るだけでもえのんちゃんはピクピク感じ出してエッチな声が漏れてきます。

そしてそのまま口に含もうものなら、可愛いお顔を歪めて何とマイクロビキニのわずかな隙間をかいくぐるようにお潮を噴き出す始末。

そのままマイクロビキニを脱がせて電マを当てると、信じられないくらい大量のお潮がベッドに敷いたタオルを濡らします。
仰向けの姿勢から勢いよく噴出した温かい液体はこちらの顔まで届く勢いでした。

そのまま四つん這いになって、顔の上にまたがってもらい責めると、溺れ死ぬかと思うくらいの量と勢いでこちらの顔にかかっちゃいました。もちろん美味しくいただきました。

電マだけでなく、指入れでも感じて、ピンクのあそこはピクピク痙攣してるかのように震えながらお潮を出し続けます。
感じすぎて最後にはマン屁も出てしまい、恥ずかしがるもえのんちゃんが可愛かったです。

もえのんちゃんは全身ツルツルでお肌のお手入れは万全。
特に腋の下もお手入れはバッチリでずっと舐めていたくなって、美味しくいただきました。

また、あそこもキレイにお手入れされてますが、しっかりとお毛々様は残されており、そこも可愛い感じです。

攻守共に万能でお願いすればア◯ル舐めも嫌な顔せず喜んでしてくれるところもポイント高いです。

しかし責められる方がお好きなようで、可愛くエッチな声をあげて何度もイッてしまわれる姿は一見の価値ありです。

最後はもえのんちゃんが上になりヌルヌルすまたで大量発射。あまりのキモチ良さに瞬殺でした。

なかなか予約は取れませんが、今度はベッドだけでもっと長時間責めてみたいと思いました。",https://www.cityheaven.net/aichi/A2301/A230103/c_pari/girlid-63291535/,
長者町巴里,"ふわり, フワリ",https://www.yoasobi.co.jp/tokai/fuzoku/shop/10727/girl/895736/?aid=ad_001,http://okinilove.com/blog-entry-1320.html#nnn,"最高評価 
      ★★★★★
       →記事リンク","友人に誘われ当サイトで口コミ数が多かったフワリちゃんを指名予約し訪問。

第一印象は良く居るような感じの可愛らしい子。何よりも九州訛りの声がどえらい可愛い。

部屋に案内され、お喋りしながらシャワーで洗ってもらいベッドへ移動。
久々だったので身を任せ全身リップしてもらう。なかなかの気持ちよさに声が出てしまった。

遂に我慢出来なくなり、おっぱいにむしゃぶりつく。良い感じの声が漏れてくる、下に手をやるとなんだか濡れてきていたのでそちらもむしゃぶりつかせてもらった。綺麗で無臭で一生舐め回していられそうだった。とにかくめちゃくちゃ全身舐め回し前戯を堪能。

交代し上に乗ってもらい舐められまくる。そろそろ素股かと思いきやベッドの下から何かを取り出し口で被せてきた。
おぉこれは、、、もう歯止めが効かない。フルスロットルでエンジン全開にしパンパンと響き渡らせ果ててしまった。

第二ラウンド行きたかったが久々であり体力が保たなかったのでそのままお喋りして終了。

トークも楽しくプレイも文句無し。何よりもめちゃくちゃ自分好みの子だったのでまた遊びに来る時は冒険せずフワリちゃんを指名してしまうと思います。",https://www.cityheaven.net/aichi/A2301/A230103/c_pari/girlid-14070892/,
スリーピース,みずき,https://www.cityheaven.net/aichi/A2301/A230102/threepieace-honten/girlid-12978928/,http://okinilove.com/blog-entry-1222.html#mun3,"最高評価 
      ★★★★★
       →記事リンク","続けてもう一人のみずきちゃんの投稿です。
3回ほど通いましたが本当に良い子でした。

声も体も小さくて好きな人は堪らないかと。NSでそれ以外にも基本何でもしてくれるんじゃないかと思いますが…できれば皆んなにも優しくしてもらいたいですね。

毛の処理等しっかりしており肌も綺麗で誰にでもオススメできます。",https://www.cityheaven.net/aichi/A2301/A230102/threepieace-honten/girlid-12978928/,
スリーピース,なみ,https://www.cityheaven.net/aichi/A2301/A230102/threepieace-honten/girlid-26953002/,http://okinilove.com/blog-entry-1222.html#tonton2,"最高評価 
      ★★★★☆
       →記事リンク","少し前ですがスリーピースのなみさんに入らせていただきました。

おっぱいが大きくてとても柔らかかったです。

プレイですがお風呂に入り、ベッドイン。
キスはベロチューで結構、僕が好きな感じでした。

上から舐めていき徐々に下に移って行きクンニスタート、

指を入れてみるとキツキツ!！
〇れたかったので交渉してみると、ゴムは？と聞かれたので〇で粘り、外で出してね。とokもらいI〇。

気持ちよすぎて3分持たずに果ててしまいました。

〇〇ではなかったのとめちゃエロではなかったので星4です。

リピはおきにがお休みならありかなぁと思いました。",https://www.cityheaven.net/aichi/A2301/A230102/threepieace-honten/girlid-26953002/,
スリーピース,しおり,https://www.cityheaven.net/aichi/A2301/A230102/threepieace-honten/girlid-30245735/,http://okinilove.com/blog-entry-1222.html#poizun,"最高評価 
      ★★★★★
       →記事リンク","新人で人気がありそうなので指名してみました。

見た目は悪くなく写真よりふくよかですが気にならない程度、愛嬌があって印象は良いです。

地声は酒焼けしたような声ですが喘ぎ声は可愛くエロいです。

即プレイも、向こうからあっさりオッケーです。

未経験だったのかこの業界の露骨な内容の会話が長いので雰囲気はゼロです笑

基本しないとはいいつつもスイッチが入れば何でもあり

イチャイチャするのが好きな子で実年齢もそこそこで接客が分かってる子なので、マシンガントークが苦でなければ楽しめると思います笑",https://www.cityheaven.net/aichi/A2301/A230102/threepieace-honten/girlid-30245735/,
スリーピース,わたげ,https://www.cityheaven.net/aichi/A2301/A230102/threepieace-honten/girlid-34387895/,http://okinilove.com/blog-entry-1483.html#atugon2,"評価 
      ★★★☆☆
      →記事リンク","写真との落差が激しくて、気持ちも萎える

でも、プレイはいろいろ慣れてるみたいで、手はとてもうまかったです。

おしゃべりも多めなんだけど、あんまり面白くなく、喋るたびに口の横に泡がたまる

〇れるには入場料がかかるよ、と言われて、金額も聞くことなくやめときました。

やっぱり、気になってる人に入らないといけないんだなー。",https://www.cityheaven.net/aichi/A2301/A230102/threepieace-honten/girlid-34387895/,
スリーピース,さえ,https://www.cityheaven.net/aichi/A2301/A230102/threepieace-honten/girlid-35852524/,http://okinilove.com/blog-entry-1483.html#taka,"最高評価 
      ★★★★★
       →記事リンク","書かれたレポを頼りに呼んでみましたが、大当たりでした。

ルックスは言われた通り写真以下でしたが（なぜ写真でいつも口が隠されているのか分かりました）、自分的には全然OKでした。

プレイ自体も好みが凄い分かれると思います。
簡単に言うなら外でナンパした子を持ち帰りした感じでした。

おもてなしとかは全然感じられなく、止めないと永遠にしゃべったり愚痴ってたりします。
少し抵抗することもあり、受け身でいると楽しめないと思います。

ですがM嬢と言われるだけあります。
最初は消極的ですがこちらから攻めると感じてきて、少し押すと抵抗していることもあっさり受け入れてもらえます。

しかも一度感じてくると、イチャイチャな感じになります。向こうから抱き着いてきたり、キスしたりしてきます。雰囲気的に超SPで〇れられました。二回戦も少し押したらあっさりいけました。

癒しやおもてなしより、攻めプレイ重視の人にはお勧めできます。",https://www.cityheaven.net/aichi/A2301/A230102/threepieace-honten/girlid-35852524/,
スリーピース,にの,https://www.cityheaven.net/aichi/A2301/A230102/threepieace-honten/girlid-40453996/,http://okinilove.com/blog-entry-1483.html#ougon,"最高評価 
      ★★★★★
       →記事リンク","ドアを開けると服の上からでもわかる大きいおっぱい
好き嫌いあるとは思うけど地雷系？の女の子です

フェザータッチから服を脱がしてもらいそのままお風呂へ
やって欲しい事全部やってくれます

お風呂でイチャイチャしてそのままベッドへ
濃厚フェラから素股をお願いしたら何か変だなと思ったらそのままI〇

膣圧すごいです
気持ちよくしてもらいそのまま果てました",https://www.cityheaven.net/aichi/A2301/A230102/threepieace-honten/girlid-40453996/,
スリーピース,ありす,https://www.cityheaven.net/aichi/A2301/A230102/threepieace-honten/girlid-40660639/,http://okinilove.com/blog-entry-1483.html#bijiho,"最高評価 
      ★★★★☆
       →記事リンク","本日ビジホにてデリ1泊2連戦敢行しました。
パネルで気になってたありすちゃんと1戦してきました。

見た目はパネルよりやや落ちますが、可愛い顔立ちです。

プレイはまず攻めてもらい、乳首舐めからフェラに移行。優しく丁寧な対応で○
フェラをしていたと思ったら自ら〇っちゃうと言って、そのまま超spへ！

すぐに逝きそうだったので、攻守交代！
乳首、クリとても敏感にビクビク感じてました。

その後正常位で再び超spへ！締まりはイマイチでしたが、足を閉じ締め付け昇天しました。

追い銭も無く、コスパは良いと思います。又リピかな？",https://www.cityheaven.net/aichi/A2301/A230102/threepieace-honten/girlid-40660639/,
スリーピース,あやめ,https://www.cityheaven.net/aichi/A2301/A230102/threepieace-honten/girlid-42122931/,http://okinilove.com/blog-entry-2179.html#nobi,"最高評価 
      ★★★★☆
       →記事リンク","分かりやすい嬢です。
何でイクー！？と聞かれしっかり手引きしてくれます。

追銭でしたがNSでイケマシタ。
こんなキツキツなのは初めてかも。

なかなか奥まで行けなく、ゆっくりメリメリ到達した感じです。

じわっと濡れてきて自分も耐えられなくなりお腹フィニッシュでした。
私もリピはありですね。",https://www.cityheaven.net/aichi/A2301/A230102/threepieace-honten/girlid-42122931/,
スリーピース,あけみ,https://www.cityheaven.net/aichi/A2301/A230102/threepieace-honten/girlid-42630004/,http://okinilove.com/blog-entry-1483.html#nisoku,"最高評価 
      ★★★☆☆
       →記事リンク","スリーピース復帰したあけみさんに凸して来ました。

15分ぐらい待ったかな？送りが遅かったみたいで。
ともあれやる事も無く、全裸でav見ながら待ってると、やっとチャイムが鳴り対面です。

ほほお～、プロフィールの写真より確実に太ってる！
HPの写真はムッチリだが休んでる間に太ったんかな？

顔はクセの有る可愛さって感じですね～これは人によるかな、個人的にはまあまあ可愛い。

お喋りしながらシャワーに、下は丁寧に洗ってもらいながら上は濃厚ベロチュー！かなり積極的！

ベットに行きこちらから責めます！クンニするともう濡れてる、濡れやすい体質みたい

手マン&クンニの同時責めでイクーイクッって言いながらピクピク震えてイキまくる！喘ぎ声は大きい方で私は好きです。

さあ次は攻守交代！69！テクはすごい、ねっとりフェラが(フェラ顔はエロ可愛い)たまらん喉奥まで突っ込む最高！
ローション使いたいって事で、ローション手コキこれもまた良い！

そしてここからです！

顔面騎乗位して素股騎乗位に、スリスリ腰振ってるうちに自分から私のアレを持ってnｉ○、腰使いが最高だったのでそのままn〇で1回戦終了

2回戦はベロチュー正常位からの座位でまたn〇
何度も言いますが、プレイは濃厚で上手いです。

体型や顔は好みによって別れるかなぁ、でもプレイは良いのでそこをカバーは出来てる。
明るくて話しやすいので直ぐ馴染めるかなと",https://www.cityheaven.net/aichi/A2301/A230102/threepieace-honten/girlid-42630004/,
スリーピース,まいか,https://www.cityheaven.net/aichi/A2301/A230102/threepieace-honten/girlid-43379695/,http://okinilove.com/blog-entry-2640.html#tirou,"評価 
      ★★★☆☆
      →記事リンク","以前デリバリーをしようとすると「今からはムリですよ！」とお断りされたことのあるスリーピースですが、ヘブンネットでめぼしい女の子を見つけたのでリベンジしてみました。

この日は、取り敢えず若いおなごを虐めたくなりリーズナブルなこの店のまいかちゃんをお願いしました。

70分¥11,000+指名料¥2,000+交通費¥2,000でプラチナメール合言葉で80分で総額¥15,000。
格安ですね。

あまりに安いのでヒビってましたが、到着したまいかちゃんはパネルの2割引きくらい。。
まあ、写メ日記を見ればほぼ写真通りかな。

サバサバした感じで最初はソファに座って、結構ノリノリで話してました。このままだとお話だけで終わってしまいそうだったので、シャワーを促し一緒に浴びます。

長い付け爪にも関わらず器用に洗い、ベッドに移動。

ご本人曰く、相当なMらしくヘブンの謳い文句は嘘ではない様子。
イラマはできないものの、首絞めとかは気持ちいいらしい(⁠・⁠o⁠・⁠)

まずはソフトに背中やら胸やら乳首やらをサワサワすると時折びくっと反応。

やがてハアハア言い出したので四つん這いにさせてお尻を舐め回すと更にビクッビクッと。

期待通りの反応にこちらもテンション上がってマ◯コを触るともうすでにヌルヌル！
ただちょっとユルいのか？マンペがプップッと、指２本が簡単にヌルッと入っちゃいました。

もうココまで来た時点でまいかちゃんは出る声を必死に手で押さえながら耐えてます。

それを見て更にコーフンした私はマ◯コに挿入した指の第一関節を曲げて反応の良い部分Gスポットを攻めまくると「イクッイクッ！ヒクッヒクッ！」と声を押し殺してイキまくります。

指でマ◯コをかき回しながら尻をペンペンするとこれも気持ちいいみたいで声のトーンは更に上がり、バックの体勢のまま待ち構えていたのでINしようとすると「それはダメ！」とSTOPがかかりました。

その日は特にSPをするつもりも無かったので、挿入は辞めておきました。

まいかちゃんを仰向けにした後、指２本を挿入してまたかき回していると必死に両手で静止しようとしますが、構わず攻め倒すと嗚咽にも似た声で何度も何度もイキ狂います。恐らく通算40回はイッてるんじゃないですかね。

フェラでなかなかイケない私は右手で彼女を攻めながら左手で自らのモノをシゴイて最後はまいかちゃんの胸に白濁液をぶちまけました。

久々にSPなしでも楽しめましたので、ドSの方は一度試しても良いんじゃないでしょうか？",https://www.cityheaven.net/aichi/A2301/A230102/threepieace-honten/girlid-43379695/,
スリーピース,ちい,https://www.cityheaven.net/aichi/A2301/A230102/threepieace-honten/girlid-44261815/,http://okinilove.com/blog-entry-1483.html#taira,"最高評価 
      ★★★★★
       →記事リンク","スタイル良し、感度良し、性格良しの女の子です。

このお値段でこの女の子と遊べるのはかなりコスパがいいです。

気になるのはsqがあるのかないのかだと思いますが、それはあなたのテクニック次第です。

中でも栗でもイケる子なのでオモチャの力を借りればビクビクイッてくれます。なのでオプは電マ必須です。

優しく気持ち良くさせてあげれば…そこからはアナタ次第です。グッドラック！",https://www.cityheaven.net/aichi/A2301/A230102/threepieace-honten/girlid-44261815/,
スリーピース,らこ,https://www.cityheaven.net/aichi/A2301/A230102/threepieace-honten/girlid-46843932/,http://okinilove.com/blog-entry-2864.html#dorarisu,"最高評価 
      ★★★★★
      →記事リンク","ここの諸兄方のレポを見て、お力になれればと投稿します。

らこさん。
スプリットタンに釣られて予約してしまいました。

結果から申し上げますと、風俗初心者からして「金額以上」のクオリティだったと思います！

名古屋の激安風俗、ルックスはあまり期待できそうになさそう、と勝手に思っていましたが
…やはり安く、それなりの女の子と楽しいことしたいですよね。

…うん、よかったですよ。
初体験です、スプリットタンに嬲られるのは…
ちょっと変な性癖に目覚めそうです。笑

気になる方は、ぜひぜひ。",https://www.cityheaven.net/aichi/A2301/A230102/threepieace-honten/girlid-46843932/,
スリーピース,まの,https://www.cityheaven.net/aichi/A2301/A230102/threepieace-honten/girlid-47887378/,http://okinilove.com/blog-entry-2179.html#futa,"評価 
      ★☆☆☆☆
      →記事リンク","まのちゃん、入りました。
部屋で待機してると数分で嬢が到着。顔はパネルより少し落ちますがほぼパネル通りだと思いました。

しかしながら服装がそれ部屋着？って感じの格好でした。確かにどんな服装で来てもいいんでしょうが、もう少し他の嬢を見習ってもいいのではと思いました。

部屋に入り少し話をしてからシャワーへ、シャワーは前だけをさっと洗われたくらいで余り丁寧とは言え無かったです。

そして、いざベットへ行き自分が横になっていると嬢の方もゴロンと寝転がり何も始まりません。仕方なく自分の方から攻めていくと、向こうも攻め返してくれました。（キスはなし）フェラは上手だと思いこのままだとやばいと思い、いざ◯入へと思い、聞いてみると追加が必要らしく最初は20Kと言われました。そこから少し交渉し、合〇の流れとなりました。G有無は値段次第だそうです。

無事発射する事は出来ましたが、1週間くらいオナ禁してたので全然満足しませんでした。
1回終わった後は嬢は携帯をいじり眠いと

正直早く出たかったですが仕方なく時間まで待機してホテルを出ました。

今回初めて利用させてもらいましたが、電話対応の男の人も態度が悪く、

長々と駄文失礼しました。",https://www.cityheaven.net/aichi/A2301/A230102/threepieace-honten/girlid-47887378/,
スリーピース,あいむ,https://www.cityheaven.net/aichi/A2301/A230102/threepieace-honten/girlid-50451562/,http://okinilove.com/blog-entry-2789.html#tirou,"評価 
      ★★★☆☆
      →記事リンク","管理人様いつもご苦労様です。
またレポートを投稿されている同胞の方々もご苦労様です。

この度、オキニに会える次週まで待ちきれず、若い女の子にヒイヒイ言わせるべく(イキ狂いさせるのが大好きです！)自らの欲望のままにスリーピースにTelし、あいむ嬢を予約しました。

街天国の写メ日記を見てると、とても可愛らしくスれていない風貌だったため、S心に火が着いてしまいました。

結論から言うと、失敗でした。
到着した嬢は清楚とはお世辞にも言えず、至って普通の色気のない女の子でした。

特筆すべきは自宅近くの産直野菜販売店のゆかりさんにソックリだった事です。顔だけでなく、声、喋り方もソックリで妹ではないかと疑う程でした。

所定の料金をお支払いし、サバサバと服を脱いでシャワーに行きます。
うん、洗い方は丁寧でむしろ気持ち良いです。

シャワー〜出て、いざプレイです。
フェラはなかなかのテクニックをお持ちのようであっという間にイチモツをビンビンにされました。

このままでは暴発してしまいそうでしたので一旦交代しこちらが攻めますが、乳首は触ると痛いから触って欲しくないだの、アソコはどうだの、ココはどうだのと、まぁ〜注文が多い！

半分戦意喪失しながらオッパイは諦めクリをレロレロレロしていると徐々に身体を硬直し始めビクンッとさせながらイッたようです。

何度もイキ狂いさせようと舐め続けると「もうこれ以上はヤバいから」と制されまたもや攻守交代し絶品フェラを堪能していましたが、イク程ではなくずっとビンビンのままなんですが、嬢はなんとしてもイカせたいようで、最後はローション手コキでフィニッシュしました。

射精したものの当初の目的は果たせなかったため、満足度は低かったです。
残念ながらリピはありません。",https://www.cityheaven.net/aichi/A2301/A230102/threepieace-honten/girlid-50451562/,
スリーピース,まな,https://www.cityheaven.net/aichi/A2301/A230102/threepieace-honten/girlid-5113217/,http://okinilove.com/blog-entry-1222.html#pokiri,"最高評価 
      ★★★★★
       →記事リンク","お久しぶり？です、ポッキリ侍です
今回はスリーピース本店のまなさんとお遊びしてきました

ルックスは写真とは別人です。
自分は可もなく不可もなくって感じですが、人によっては不細工と判断されるかも

あと、ぽっちゃりされてます
胸は貧乳でした
個人的に体型はマイナス

人柄はよく、お話しが好きなようです。
面白くて明るいけど、写真とのギャップ、、、

プレイ内容は超spで○だし可でした。〇れていいか聞いても特に断られることなく、そのまま出していいか聞いてもうなずかれるだけでしたので、おそらく誰でも大丈夫かと(・_・)

かなり敏感なようで、愛撫の時からかなり反応がよく、〇いてる間は終始びくびくしてました(〃ω〃)
これは人によるかも？参考までに言っておきますと、自分は割りと愛撫は得意なのと、ｱｿｺは大きい方です。

開幕から自分が攻めるのみでしたが、プレイ開始から合〇までは超早かったです。

ただ、一回目の後話に花が咲きすぎて二回目の時間が無くなりました(笑)
自分もお話大好きなんでつい、、、にてる方は要注意ですね(^-^;

わりとなんでもやってくれそうな娘でした。外見が気にならないならアリではないでしょうか？",https://www.cityheaven.net/aichi/A2301/A230102/threepieace-honten/girlid-5113217/,
スリーピース,はる,https://www.cityheaven.net/aichi/A2301/A230102/threepieace-honten/girlid-51982487/,http://okinilove.com/blog-entry-2322.html#syumi,"評価 
      ★☆☆☆☆
      →記事リンク","予約してた子が当欠したので、急遽別の子をお願いしますとのこと
いつもとは違う感じで冒険しようと全く顔の見えてないはるちゃんを指名

顔見えてないのだからかわいい！はずと思いきや平安時代ならかわいい子がきました

キスも全然しないしプレイも普通

おま◯この形は左右対称できれいでした
まぁ褒めるところはそのぐらいかな…

一応イクだけイキましたが、最後ぼくの息子にティッシュを3枚ほどパラっと被せて手洗ってました。
接客とは…？",https://www.cityheaven.net/aichi/A2301/A230102/threepieace-honten/girlid-51982487/,
スリーピース,ゆいな,https://www.cityheaven.net/aichi/A2301/A230102/threepieace-honten/girlid-52325067/,http://okinilove.com/blog-entry-2179.html#rabito,"評価 
      ★★★☆☆
      →記事リンク","出戻りの子みたいです。

パネルは可愛らしい感じでいざ対面、、、あれなんか違う子がきたのかな？という感じですが別人ではなさそう。

プロフの胸はFと記載がありますが痩せて小さくなったみたいですがスタイルは良い方です。

ルックスを求めるのであればパスした方が良いですが決してブスではないです。

会話はできるし積極的で人懐こいです。
性格はこの業界に慣れてるが擦れておらず素直な子です。どこか初々しいです。

言えば何でも答えてくれます。
悪くはありませんが他にもSPができる子がいるのであればそっちにいきます。",https://www.cityheaven.net/aichi/A2301/A230102/threepieace-honten/girlid-52325067/,
スリーピース,おと,https://www.cityheaven.net/aichi/A2301/A230102/threepieace-honten/girlid-52934366/,http://okinilove.com/blog-entry-2516.html#eien,"評価 
      ★★☆☆☆
      →記事リンク","他の子を指名予定が当日休みなので迷いに迷って冒険
おとちゃんを指名

顔はパネルとは違うけど可愛いです
良い感じのムチムチ感です

フェラはほぼなく手コキ9割
SPもなく何も特筆無し
勿論リピ無しです",https://www.cityheaven.net/aichi/A2301/A230102/threepieace-honten/girlid-52934366/,
スリーピース,なつこ,https://www.cityheaven.net/aichi/A2301/A230102/threepieace-honten/girlid-53277278/,http://okinilove.com/blog-entry-2640.html#ero,"評価 
      ★★★★☆
      →記事リンク","顔出しのプロフと、高身長、トライアルだったので指名

玄関で見て綺麗な顔立ちに高身長の厚底で見下ろす感じでＭな私はさらに興奮MAX！

部屋で話すと少しおっとりで、ちょい天然？的な感じでギャップもいい感じ～

ですが…プロフ、写メより横に大きい、背も高いためガタイが良すぎたかな

プレイもイキやすい体質は攻めモードの男子にはたまらん感じ

帽子マストですがしっかり合〇

横幅さえ無ければモデル級のほぼ完璧女子と思われます。",https://www.cityheaven.net/aichi/A2301/A230102/threepieace-honten/girlid-53277278/,
スリーピース,らんぜ,https://www.cityheaven.net/aichi/A2301/A230102/threepieace-honten/girlid-56773658/,http://okinilove.com/blog-entry-2931.html#siko3,"評価 
      ★★★☆☆
      →記事リンク","前々から気になっていたので指名してみました。

【顔】
パネルの目元は写真より濃く、ややギャルみたいな感じのメイクでした。パネルを期待して行くと違いますが、そこまでブサイクということもなく、自分は許容範囲でした。

【体】
Fカップとありますが、それに近いくらいの大きさでハリもありました。お腹はまぁカップの大きさに比例したといった具合でした。ややぽっこりしてましたが、２段になっていたりはしません。

【会話】
ギャルっぽい感じで一言目からタメ口です。あと関西弁が混じってます。私は気にしませんが、フランクな感じがダメな人はダメだと思います。

入って早々マシンガントークで、不運が続いて萎えてる話や、推しの話がメインでした。

【シャワー】
特筆することはなくサッと済ませましたが、事後のシャワーはまさかの先に洗って、あとは自分で洗ってーでした。

【プレイ】
プロフィールのとおり、責めが中心です。言葉責めや足の指で乳首を弄ってくるなど、割とS要素強めです。

唾液の量は結構あり、ベットのシーツは間違いなく汚れます。
手コキの亀頭責めが多く、フェラは少なめです。キスは0でした。

果てた後は鬼責め開始で、出なくなるまで潮吹きさせられます。私は7発出て、初めてと言われました。

【オプション】
G1でNS1.5だそうです。値段交渉は避けた方が無難かと。交渉するつもりはありませんでしたが、「そんなに安く売ってないよ」とやや口調強めで言われました。

ただ初回のみらしいので、リピーターは0になると思います。
これまでの細かい部分が気になっていたので、挑戦はしませんでした。

【その他】
以前にも以前指名してみようと思ったことがあったのですが、その時はスタッフから「連絡がつきません。」と言われ、キャンセルした経緯がありました。

今回指名できたものの、到着まで1時間かかりました。(スタッフからは20~30分で着きますと言われてました。)

このお店で他の方を指名したことはありますが、この手のパターンはあまり無いので、特有のルーズさがあるのではと思ってしまいました。

【総括】
Mの方にはいいと思いますが、個人的にリピは無しかなと思いました。",https://www.cityheaven.net/aichi/A2301/A230102/threepieace-honten/girlid-56773658/,
スリーピース,じゅな,https://www.cityheaven.net/aichi/A2301/A230102/threepieace-honten/girlid-58536740/,http://okinilove.com/blog-entry-2864.html#010,"評価 
      ★★★★★
      →記事リンク","潮吹きができるという日記で入りました。

お魚系？女子という自称に違えずちょっと攻めただけでベッドがビチャビチャに。

いきなりのガシマンはNGですが、優しくほぐしておじさんがネッチョリぺろぺろしてると嬢の方から激しめのリクエストが。

リクエストにお応えして激しく攻めると泣きながらしっかり吹いてくれました。

攻守交代してもかなりのテクニシャン。
遅漏気味のおじさんがあっという間にイかされてしまいました。

通行料はn1、g0.5ですがこのお店のお値段からならかなりリーズナブルかと
潮吹きがみたいならオススメです。",https://www.cityheaven.net/aichi/A2301/A230102/threepieace-honten/girlid-58536740/,
スリーピース,ゆえ,https://www.cityheaven.net/aichi/A2301/A230102/threepieace-honten/girlid-58867539/,http://okinilove.com/blog-entry-2931.html#tirou,"評価 
      ★☆☆☆☆
      →記事リンク","管理者の方いつも掲載ありがとうございます。
また、同志の方々お疲れ様です！

名古屋生活も残すところあと少しとなりましたので、最後の思い出作りのため、以前から気になっていたスリーピース　ゆえちゃんに凸してきました。

街天国のプロフ写真でみたゆえちゃんは黒髪清楚系、ご奉仕系ドMでムチムチナイスバディを想像させるに充分な逸材ではないかと思い、躊躇せずに予約しました！

待つこと1時間30分、到着したゆえちゃんとご対面。

ん？あなたは誰？？？
話しながらも私の頭の中ではずっと『？？？？』となっておりました。

70分指名料＋交通費込＋初回ネット指名で合計¥13,000をお支払いし、シャワーへ。

プロフでは『イラマ付けてくれたら頑張ります』との文言があったので、付けようかと思いましたが、結果的に付けなくて良かったです。

シャワーから出てベッドに移動。
これまたプロフに『ウーマナイザーが好き』との記載を発見したためクンニを申し出たところ快諾していただきました。

私の頭の中では『クンニからのイキ狂い～フェラーリ～お互いに気持ちよくなりたいので合〇で更にイキ狂い』を想定しましたが、ゆえちゃんは1回イッた後はくすぐったいらしく、早々に攻めを止められてしまいました。

それでもフェラーリが得意との事でしたので、渋々堪能しましたが、途中『ゴ〇有りなら挿〇してもOKだよ！』とのお誘い頂きましたが、G有りだと途中で機能不全に陥ることは想像できましたが、チャレンジはしてみましたが、結果は想像通り。

仕方なくフェラーリでイカせてもらうべく頑張って頂きましたが、ムスコはカチカチにはなるものの、イマイチ盛り上がりにかけてしまい、イク事は出来ずゆえちゃんもたいそう悔しがっておられました。

いやいや！悔しいのはこちらの方です！
¥13,000も払っておきながら受け攻め共に不完全燃焼に終わったのですから。

リピはありません。
他にも気になる嬢があるので凸してみようと思います。
良いご報告ができればと思います。",https://www.cityheaven.net/aichi/A2301/A230102/threepieace-honten/girlid-58867539/,
スリーピース,るう,https://www.cityheaven.net/aichi/A2301/A230102/threepieace-honten/girlid-60299701/,http://okinilove.com/blog-entry-2931.html#gonneko,"評価 
      ★★★★★
      →記事リンク","管理人様ご無沙汰しております。
最近デリヘルの利用の仕方がわかってきたのでご報告を

今回、実は他のお店の他の子を前日にネットで予約していました。

ネットで予約後、お店から電話があり（たぶん可愛らしいお姉さんの声）、ホテルの方もお店で予約を入れてもらいました。

当日１時間前にお店に確認の電話を入れ、ちょっと早めにホテルに。

フロントでお店に教えてもらったように伝えると部屋番号を教えてくれたので一人で入室し、お店に電話して部屋番号を伝えて準備完了。

とここまではよかったのですが、予定の時間を過ぎても女の子は現れず、十五分経ちそろそろお店に聞いてみようと思った矢先にお店から電話。

「〇〇ちゃんが急に体調が悪くなったみたいで…」とのこと。

「もう入室されていらっしゃるとのことですが、今すぐに行ける子が当店にはいなくて、系列店ですと、あと十五分ほどお待ちいただけてばご案内可能な子がいて。

私も会ったことがあるのですがかわいくてスレンダーでおすすめなんですが…」とおそらく昨日電話をかけてきた可愛らしいお姉さんぽい人に言われたので、じゃあそれでお願いしますと。

果たしてどんな子が来るかと期待半分不安半分で待っていると、女の子登場。めっちゃ大当たりでした。

お顔はあのちゃん風、何より色白でスレンダーなボディはまるでモデルさんかと思うほど。それでいて気さくな感じでプレイ以外のお話も楽しめました。

人間万事塞翁が馬ですね",https://www.cityheaven.net/aichi/A2301/A230102/threepieace-honten/girlid-60299701/,
スリーピース,るな,https://www.cityheaven.net/aichi/A2301/A230102/threepieace-honten/girlid-60726252/,http://okinilove.com/blog-entry-2931.html#rabito,"評価 
      ★★★★☆
      →記事リンク","期待値よりはルックスは落ちますが愛嬌ある狸顔の女子大生です。

スタイルはそれなりに良い！

メンエスと掛け持ちだけあって手コキは上手い。
風俗歴は浅いので他のテクはないのでマグロです。

課金で最後までいけますが、基本ゴ1。交渉で融通効きます。

ちなみに掛け持ちしているメンエスでも課金らしいです。
素人好きには最高の子です。

毎回課金なのでリピはしないです。",https://www.cityheaven.net/aichi/A2301/A230102/threepieace-honten/girlid-60726252/,
スリーピース,りんね,https://www.cityheaven.net/aichi/A2301/A230102/threepieace-honten/girlid-61358249/,http://okinilove.com/blog-entry-3007.html#siko,"評価 
      ★☆☆☆☆
      →記事リンク","利用する時はここでお世話になっているので、皆さんの一助になればと思います。

投稿されるのは感覚的に半年後なので、その頃に嬢がいるか分かりませんが、、、

【顔】
パネマジはある程度覚悟してて、やはり予想通りでした。
目は日記の半分くらいです。

系統としてはややギャル系？でした。
個人的にはブサイクとは思いませんでした。

【体型】
ややぽっちゃり体型です。
お腹も少しポッコリしており、横から見たらよく分かります。
スレンダーな嬢が好きな方はオススメしません。

【プレイ】
事務的な感じで一つひとつが短く感じました。
キスもイチャイチャするのもありませんでした。
プロフィールに書かれた濃厚なプレイとは？て感じでした。

部屋に入って早々に「付けたいオプションある？」と聞いてきたので、本〇はあるか聞いたら、G1.3、NS1.5、NN2でした。
持ち合わせが足りないと言ったら、1回戦のみのG1にしてくれました。

足りない分はPayPayや、コンビニで一緒に降ろして追加支払いもできるとも言われました。
自分のコンディションに加えて事務的な対応が祟ったのか、中折れして結局手で終わりました。

【総括】
リピは無しです。
全部含めて40分で終わりました。",https://www.cityheaven.net/aichi/A2301/A230102/threepieace-honten/girlid-61358249/,
グランドステージ,AIMI,https://www.cityheaven.net/aichi/A2301/A230101/grandstage/girlid-33805115/,http://okinilove.com/blog-entry-1433.html#kakarityo2,"最高評価 
      ★★★★☆
       →記事リンク","少し前に会ったアイミちゃん、痩せて美人さんになって予約取りづらくなったのでレポします。

日記の写真とかわりありません。

身長でかくてナイスバディ、モデルさんのような胸が素敵です。
愛想もよく、ベロチューも積極的。

お酒飲みながら会話し、そのままソファでベロチュー、クンニ、フェラ→ベッド行ってG付き一回戦、ごはん食べて二回戦目、首絞めてって言われたから恐る恐るやってみたけど、もっと強くって言われてもっと絞めたら「うぐっ、うぐっ！イクっ！」それ見たら興奮して一緒に果てました。

お店の料金高めなのが星一つ減点。",https://www.cityheaven.net/aichi/A2301/A230101/grandstage/girlid-33805115/,
グランドステージ,SILK,https://www.cityheaven.net/aichi/A2301/A230101/grandstage/girlid-34126225/,http://okinilove.com/blog-entry-1433.html#yama,"評価 
      ★★★☆☆
      →記事リンク","写メ日記が丁寧なので期待して90分で予約

実物はパネルとほぼほぼそのまま
少し写真写りが良いかな？ぐらいの違い

スタートからじっくり会話

こちらからシャワー行こうと提案してシャワーへ
特に脱衣アシストとかは無いです

スタイル良くておっぱいも巨乳ですが若干肌に張りがない感じ
特にアトピーとかそう言うわけではないです

プレイはフェラは上手だがあまり長くはできない感じ
少しフェラして早々に手コキへ

特にアナル舐め等もせずその後すまたでフィニッシュ
交渉次第で追銭でSPです

がっつりサービスして欲しい人には物足りないけどキャバ嬢の延長でヘルスサービス受けたい人にはしっかりお話し出来るのでオススメです",https://www.cityheaven.net/aichi/A2301/A230101/grandstage/girlid-34126225/,
グランドステージ,ARINA,https://www.cityheaven.net/aichi/A2301/A230101/grandstage/girlid-43184397/,http://okinilove.com/blog-entry-2488.html#nakata,"評価 
      ★★☆☆☆
      →記事リンク","1回目はN〇追50K。時間がなく連射見越して交渉すべきだった。

2回目はNS追30K。時間も120分にしたが、前半60分は世間話というかこっちが誘わないと始まらなかった。

おっぱいは綺麗、顔は整形してると言ってた。

この手のスペックで事務的サバサバ系は損した気分になる。",https://www.cityheaven.net/aichi/A2301/A230101/grandstage/girlid-43184397/,
グランドステージ,SARA,https://www.cityheaven.net/aichi/A2301/A230101/grandstage/girlid-46124826/,http://okinilove.com/blog-entry-2951.html#kage,"評価 
      ★★★☆☆
      →記事リンク","管理人さんこんにちは、高身長のSARAさんの紹介です。

梅雨に入り、じめっとした日に、からりとさせてくれるような明るいキャラの子でした。

なにぶん高身長のモデル体型ですので、ずっと見上げていました。

プレーのほうはいたって丁寧です、SPの方も10ｋでまとまり、今どきのへいきんてんでしょうかね。",https://www.cityheaven.net/aichi/A2301/A230101/grandstage/girlid-46124826/,
グランドステージ,ZIA,https://www.cityheaven.net/aichi/A2301/A230101/grandstage/girlid-46160632/,http://okinilove.com/blog-entry-2488.html#fubou,"評価 
      ★★★★☆
      →記事リンク","ずっと前から気になっていたんですが予約がまぁ深夜帯ばかりでしたが今回は頑張ってみました(深夜3時頃予約)

指名料4000円とか書かれてますけどネット予約だからか自分の計算より安い……なんで？

見た目は写メ日記そのままなので見て判断してください
コミュニケーションの方も自分が知らない関係の話でも膨らませてくれるのでその辺が心配な方も大丈夫だと思います

肝心のプレイの方ですがシャワーからソフトタッチ気味でいい感じに焦らしてくれます

私は攻め派ですので少ししかしてもらっていませんが確かにテクニックはあると思います

攻める側としてもちょくちょく体を跳ねらせるのは危ないですが嫌な臭いはしないし、舐めやすい攻めやすい体だしでもう少し長くても良かったなと思いました

整形に偏見ない方は楽しめるんじゃないかなと思います",https://www.cityheaven.net/aichi/A2301/A230101/grandstage/girlid-46160632/,
グランドステージ,IRIA,https://www.cityheaven.net/aichi/A2301/A230101/grandstage/girlid-46694932/,http://okinilove.com/blog-entry-2731.html#tetu,"評価 
      ★☆☆☆☆
      →記事リンク","いつもここのサイトから情報収集をして現場に乗り込んでます。
どのサイトよりも信憑性があり何度も答え合わせをしてきましたが大きく外れる事はあまりないきがします。

でも今回のこの人は信憑性に欠けます。
前の人のレポを見て総合的に判断をして突入しましたがハズレでした。

良い事ばかり書かれてますがそれは間違いです。

体は綺麗でした。
体が綺麗でも意味はないです。

久しぶりに腹が立って途中でやめて帰りました。

⭐︎キスはする気ない
⭐︎乳首は軽ーく触っただけで痛いと言う

NGが多くて全く楽しめませんでした。

100分コースで入って乳首チョロチョロ体感30秒
フェラ　体感　1分
そのままスマタです。

じゃあ攻めるかと気持ちを切り替えてオッパイを触るもかなり拒否します。

もういいや！となり残り1時間ほどまだありましたが帰りました。",https://www.cityheaven.net/aichi/A2301/A230101/grandstage/girlid-46694932/,
グランドステージ,"CHANEL, CHANELちゃん, CHANELさん",https://www.cityheaven.net/aichi/A2301/A230101/grandstage/girlid-47967638/,http://okinilove.com/blog-entry-1433.html#keisan,"最高評価 
      ★★★★★
       →記事リンク","サイトの動画と写メ日記でこの子のが美人で可愛い好みの子だと思いすぐに店に電話してホテルに来てもらった

CHANELさんに本人にあったらすごく美人で笑顔が素敵で話して見ると凄く明るくて話し方も相手への気遣いが良く、話をする僕もすごく気分がよく癒されて楽しくなった。

プレイもすごく良くて相手への気遣いや接し方
身体も白く、スベスベで手が握った時に凄く柔らかく
全てが綺麗で声が凄く可愛いくて

骨抜きにされ、二回戦までいきました。

大満足で絶対にまた指名したいです。
最高の癒しでした。",https://www.cityheaven.net/aichi/A2301/A230101/grandstage/girlid-47967638/,
グランドステージ,YUMA,https://www.cityheaven.net/aichi/A2301/A230101/grandstage/girlid-50860971/,http://okinilove.com/blog-entry-2951.html#daido,"評価 
      ★★★★☆
      →記事リンク","写真ほどの美形さはないがとても可愛い。

スタイルはムッチリというか骨格がいい感じで細身ではない。
会話も上手でフレンドリーでずっと1人でなんか喋ってる感じ笑

演技なのかわからないがいい感じにあんあんいってくれる。

そしてフェラがかなりうまい！骨抜きにされそうになったので交渉すると円1ゴ〇で挿〇〜〇はきつきつでたまらんかったです。

あー延長すればよかったな〜と後悔してます笑",https://www.cityheaven.net/aichi/A2301/A230101/grandstage/girlid-50860971/,
グランドステージ,MIYU,https://www.cityheaven.net/aichi/A2301/A230101/grandstage/girlid-52166070/,http://okinilove.com/blog-entry-1433.html#jin,"評価 
      ★★★★☆
      →記事リンク","管理人さんこんにちは、3月おわりのレポートです。

だいたい、全てにおいて及第点です、東京住まいで、関西弁バリバリのお嬢でした。

SP中に何とも言えぬ色っぽい目でこちらを見てくれます、思わずもう一段ギヤアップしてしまいました。

良嬢ですが、追い銭の提示額が高くて交渉いたしました。
次は、微妙ですね。",https://www.cityheaven.net/aichi/A2301/A230101/grandstage/girlid-52166070/,
グランドステージ,SHIINA,https://www.cityheaven.net/aichi/A2301/A230101/grandstage/girlid-56704748/,http://okinilove.com/blog-entry-2951.html#resuta,"最高評価 
      ★★★★★
       →記事リンク","プレイに入ると目が欲しがりモードに
成り行きで正常に重なり合い濃厚キスの嵐

大好きホールドでそのままキツキツの中に、こちらも夢中で汗びっしょり、奥を〇くといい声だしてよがりますよ

小さなド淫乱です
おすすめします。",https://www.cityheaven.net/aichi/A2301/A230101/grandstage/girlid-56704748/,
グランドステージ,MADOKA,https://www.cityheaven.net/aichi/A2301/A230101/grandstage/girlid-58088462/,http://okinilove.com/blog-entry-2731.html#kurosuke,"評価 
      ★★★★★
      →記事リンク","2年ぶりに移籍復帰されました

-スタイル-
色白スレンダーCカップのパ〇パ〇で写真通りの可愛い女の子です。
1番魅力的な20代半ばです

性格はきゃぴきゃぴから少し落ち着いた雰囲気になってました。

-プレイ内容-
お決まりのフェラから始まり、69に移行、汚い音出しながら舐めるの激しくなってきたと思ったらビクッビクッと2回ほどイッてましたwwイイ感じになってきた所で皆様お待ちかねの交渉タイム

追い銭でゴ〇ありと言われゴ〇を用意してると、まじまじと恥ずかしそうに自ら〇で〇〇してきました！？嬉しさと驚きを隠しながら騎乗位、正常位、バックと色々な体位を楽しみましたがどれも至高

バチュバチュと激しい騎乗位でフィニッシュ

キスも積極的に舌を入れてきてまとわりつくように舐め回してくれるw
60分コースでしたが、今までで1番充実した大満足の60分でした！

個人的見解ですが清潔感があって自分磨き出来てる方であれば交渉上手くいくと思います！参考になれば幸いです。",https://www.cityheaven.net/aichi/A2301/A230101/grandstage/girlid-58088462/,
グランドステージ,CHIFUYU,https://www.cityheaven.net/aichi/A2301/A230101/grandstage/girlid-59220069/,http://okinilove.com/blog-entry-2951.html#gari,"評価 
      ★★★☆☆
      →記事リンク","写真よりはかなり落ちます。まあ普通の女の子です。

入れ墨ガッツリ入ってます。目と鼻は整形してる様子。

電マ好きらしくかなり感じてたようですが、spは追銭必要でした。（多分1本だと思います）お断りしたところやや不機嫌に。

フェラでしてもらいましたが微妙の歯が当たって痛い、、、金津園の高級店で働いてたらしいですが、テクも普通で星三つです。リピなしですね",https://www.cityheaven.net/aichi/A2301/A230101/grandstage/girlid-59220069/,
グランドステージ,GUMI,https://www.cityheaven.net/aichi/A2301/A230101/grandstage/girlid-60802016/,http://okinilove.com/blog-entry-2951.html#fin,"評価 
      ★★★★★
      →記事リンク","とりあえず扉を開けた瞬間に可愛いと思えるレベルでした

ホテルに入った瞬間に待合室でデブな子が待ってたのでひょっとしてって覚悟してたので…

内容もキスからフェラまで一般的な内容ではありましたが…
途中で相手からSPの提案がありました

とりあえずあまり詳しく覚えてませんがゴ〇あり/なし,外/〇〇しで細かく金額がわかれてました
内容としてはかなりいいと思います",https://www.cityheaven.net/aichi/A2301/A230101/grandstage/girlid-60802016/,
グランドステージ,EMA,https://www.cityheaven.net/aichi/A2301/A230101/grandstage/girlid-61490443/,http://okinilove.com/blog-entry-3028.html#jyaku,"評価 
      ★★★☆☆
      →記事リンク","ベースはおそらくきれいな方なのだが、写真よりも化粧がけばけばしい。大阪から出稼ぎに来ているらしい。

スタイルは良いが、乳首は触られると痛いらしいので、触らないでと最初に言われる。
タバコを吸って良いか、確認するがダメと伝えてもアイコスだからと言って吸う。

シャワーの後、フェラしながら嬢から小遣い(G2, NG3, NN4)で本〇の提案があった。
せっかくなのでN〇にしたが、反応が薄く演技すらしないので盛り上がらない。

電マとオナニー鑑賞のオプションをつけたが、適当でつける価値はなかった。
総合的に見て、リピートはしない。",https://www.cityheaven.net/aichi/A2301/A230101/grandstage/girlid-61490443/,
